signal_date,net_return,ending_nav,specification,group
20120427,0.0117571073861491,1.011757107386149,R0_residual_level,1
20120427,0.0199889466303646,1.0199889466303649,R0_residual_level,2
20120427,0.0196894769960589,1.019689476996059,R0_residual_level,3
20120427,0.0167514594334885,1.0167514594334883,R0_residual_level,4
20120427,0.0245834369983781,1.0245834369983782,R0_residual_level,5
20120427,0.0146001929307997,1.0146001929307995,R0_residual_level,6
20120427,0.0186620856955068,1.0186620856955069,R0_residual_level,7
20120427,0.0199485841315307,1.0199485841315308,R0_residual_level,8
20120427,0.0308278794704546,1.0308278794704546,R0_residual_level,9
20120427,0.0237305645982119,1.023730564598212,R0_residual_level,10
20120531,-0.0686057487761643,0.9423447534543162,R0_residual_level,1
20120531,-0.0640884464087018,0.9546194396867764,R0_residual_level,2
20120531,-0.0276750960417492,0.991469472787432,R0_residual_level,3
20120531,-0.0471648682647035,0.968796510791363,R0_residual_level,4
20120531,-0.027555346288111,0.9963506855908248,R0_residual_level,5
20120531,-0.0425270911929728,0.9714521980016236,R0_residual_level,6
20120531,-0.0405706343958112,0.97733431864388,R0_residual_level,7
20120531,-0.0376657519917014,0.9815314537173456,R0_residual_level,8
20120531,-0.0356907473490981,0.994036862063868,R0_residual_level,9
20120531,-0.0474435666034073,0.975161135372753,R0_residual_level,10
20120629,-0.1128259398076992,0.8360238210229783,R0_residual_level,1
20120629,-0.10049033649026,0.8586894109725086,R0_residual_level,2
20120629,-0.0928915369145421,0.8993703496563566,R0_residual_level,3
20120629,-0.0894327929537799,0.8821543330274146,R0_residual_level,4
20120629,-0.0699332012582797,0.9266726925715768,R0_residual_level,5
20120629,-0.075351235985029,0.8982520741818283,R0_residual_level,6
20120629,-0.0889744680531195,0.8903765175324827,R0_residual_level,7
20120629,-0.0986493830721658,0.8847039813422033,R0_residual_level,8
20120629,-0.0921581905250951,0.9024282235408184,R0_residual_level,9
20120629,-0.1207715092776048,0.8573894532649229,R0_residual_level,10
20120731,0.0065615114040682,0.8415094008586934,R0_residual_level,1
20120731,0.0164833105326642,0.872843455184679,R0_residual_level,2
20120731,0.0086549542943901,0.907154358926362,R0_residual_level,3
20120731,0.0092609107938101,0.8903238856119546,R0_residual_level,4
20120731,0.0014294574949447,0.9279973317973338,R0_residual_level,5
20120731,0.0169490730143111,0.9134766141723925,R0_residual_level,6
20120731,0.0279356863448374,0.9152497966550788,R0_residual_level,7
20120731,0.0327124143598094,0.9136447845656426,R0_residual_level,8
20120731,0.003326375084298,0.9054300382989718,R0_residual_level,9
20120731,0.0251347965864505,0.8789397627681047,R0_residual_level,10
20120831,0.003199176474119,0.8442015379366705,R0_residual_level,1
20120831,0.0129426745489662,0.8841403839573295,R0_residual_level,2
20120831,0.0052420285863978,0.9119096880081295,R0_residual_level,3
20120831,0.0201102996155846,0.9082285657065226,R0_residual_level,4
20120831,0.0070388453926104,0.9345293615406104,R0_residual_level,5
20120831,-0.0008383623077306,0.9127107898100768,R0_residual_level,6
20120831,0.0134605537164211,0.927569565706898,R0_residual_level,7
20120831,0.0332880799187429,0.9440582651716064,R0_residual_level,8
20120831,0.0210306970637266,0.9244718631468358,R0_residual_level,9
20120831,0.0286967169835179,0.9041624483858214,R0_residual_level,10
20120928,-0.0110596113228859,0.8348649970489084,R0_residual_level,1
20120928,-0.011963286831652,0.873563158944601,R0_residual_level,2
20120928,-0.0151715625253995,0.8980745931589966,R0_residual_level,3
20120928,-0.0184593904839602,0.8914632199634587,R0_residual_level,4
20120928,-0.0047702479575185,0.93007142476248,R0_residual_level,5
20120928,-0.0040532022242074,0.9090113884067604,R0_residual_level,6
20120928,-0.0192821670064545,0.9096840144308332,R0_residual_level,7
20120928,-0.0095906606129009,0.9350041227515417,R0_residual_level,8
20120928,-0.0158167684754346,0.9098497057253886,R0_residual_level,9
20120928,-0.0113587214340112,0.8938923190035132,R0_residual_level,10
20121031,-0.1278483632318032,0.7281288736566812,R0_residual_level,1
20121031,-0.1241882488560729,0.7650768799700917,R0_residual_level,2
20121031,-0.1187948542108218,0.7913879527942305,R0_residual_level,3
20121031,-0.1297321490633948,0.7758117806266254,R0_residual_level,4
20121031,-0.1229500169371953,0.8157191273351317,R0_residual_level,5
20121031,-0.1110325457627809,0.8080815398245978,R0_residual_level,6
20121031,-0.1123476437323097,0.8074831588685806,R0_residual_level,7
20121031,-0.1213606284755072,0.8215314347872241,R0_residual_level,8
20121031,-0.1176047058455852,0.8028470987198619,R0_residual_level,9
20121031,-0.1004353729248117,0.8041139105897706,R0_residual_level,10
20121130,0.1658246574952062,0.8488705947431707,R0_residual_level,1
20121130,0.1556871620355651,0.88418952815166,R0_residual_level,2
20121130,0.1557345666344214,0.914634412662342,R0_residual_level,3
20121130,0.1643702249768179,0.9033321375478895,R0_residual_level,4
20121130,0.1706288286609978,0.9549043265486966,R0_residual_level,5
20121130,0.1802137421860066,0.9537089381078192,R0_residual_level,6
20121130,0.1842258966487209,0.9562424678398864,R0_residual_level,7
20121130,0.2015847396163128,0.9871396351554226,R0_residual_level,8
20121130,0.211304573719411,0.9724923626767282,R0_residual_level,9
20121130,0.2027885585283109,0.9671790114108332,R0_residual_level,10
20121231,0.0485552038618251,0.8900876795232341,R0_residual_level,1
20121231,0.0598261974874729,0.9370872254792167,R0_residual_level,2
20121231,0.0588625750507614,0.968472149421688,R0_residual_level,3
20121231,0.0422847088615967,0.941529273989426,R0_residual_level,4
20121231,0.0485008461605802,1.0012179943887074,R0_residual_level,5
20121231,0.066832786398832,1.017447963855036,R0_residual_level,6
20121231,0.0592867128066632,1.0129349404042445,R0_residual_level,7
20121231,0.0612443790409775,1.0475963891372535,R0_residual_level,8
20121231,0.0450193556925604,1.0162733422603702,R0_residual_level,9
20121231,0.0402343828446216,1.0060928620352194,R0_residual_level,10
20130131,0.0332365801361349,0.9196711500118944,R0_residual_level,1
20130131,0.0528740666952094,0.9866348379384337,R0_residual_level,2
20130131,0.0495744654829328,1.0164836385643754,R0_residual_level,3
20130131,0.0461541143152202,0.9849847237322604,R0_residual_level,4
20130131,0.035122972036081,1.036383746007643,R0_residual_level,5
20130131,0.0469425828705931,1.0652095992148174,R0_residual_level,6
20130131,0.0535423837909412,1.0671698917386228,R0_residual_level,7
20130131,0.0513481724957487,1.1013885492325968,R0_residual_level,8
20130131,0.0469536725121215,1.063991107955663,R0_residual_level,9
20130131,0.0489326907589275,1.0553236929279532,R0_residual_level,10
20130228,-0.0471729015460185,0.8762875933976697,R0_residual_level,1
20130228,-0.0352976201857623,0.9518089761668416,R0_residual_level,2
20130228,-0.0307731749833749,0.9852032096870962,R0_residual_level,3
20130228,-0.0297673768402271,0.9556643122790552,R0_residual_level,4
20130228,-0.0317930444570331,1.0034339514962756,R0_residual_level,5
20130228,-0.0208067991569779,1.0430459970238697,R0_residual_level,6
20130228,-0.0258716654616889,1.0395604293087743,R0_residual_level,7
20130228,-0.0400344633717949,1.05729504970023,R0_residual_level,8
20130228,-0.0352851529267387,1.0264480189987573,R0_residual_level,9
20130228,-0.0561837214710604,0.9960316805026782,R0_residual_level,10
20130329,-0.0258982959337921,0.8535932379807464,R0_residual_level,1
20130329,-0.0323579494272054,0.9210103894516748,R0_residual_level,2
20130329,-0.0333384146140841,0.9523580966034212,R0_residual_level,3
20130329,-0.0088018526439355,0.9472526958253068,R0_residual_level,4
20130329,-0.0238223605408585,0.9795297861247928,R0_residual_level,5
20130329,-0.0322799540002946,1.0093765202197478,R0_residual_level,6
20130329,-0.0229888487816377,1.0156621318000203,R0_residual_level,7
20130329,-0.0201835910295669,1.035955038819495,R0_residual_level,8
20130329,-0.0386483258417676,0.9867775215008564,R0_residual_level,9
20130329,-0.0133171470063921,0.9827673801904002,R0_residual_level,10
20130426,0.1547475963433353,0.9856847398131916,R0_residual_level,1
20130426,0.1357769382413152,1.0460623602198644,R0_residual_level,2
20130426,0.1468617257825282,1.0922230502335637,R0_residual_level,3
20130426,0.1462063507686681,1.0857470557377082,R0_residual_level,4
20130426,0.1452552764991295,1.121811656047483,R0_residual_level,5
20130426,0.1696780545731169,1.180645564502417,R0_residual_level,6
20130426,0.1555558042313078,1.1736542715394571,R0_residual_level,7
20130426,0.1571088074516904,1.1987126995419954,R0_residual_level,8
20130426,0.1662393692687578,1.150818794283747,R0_residual_level,9
20130426,0.153692204543723,1.133811065405522,R0_residual_level,10
20130531,-0.1531777679906006,0.8346997514262109,R0_residual_level,1
20130531,-0.147764484546636,0.8914914947583387,R0_residual_level,2
20130531,-0.1390505051489529,0.9403488833632564,R0_residual_level,3
20130531,-0.1335813234497577,0.9407115271005874,R0_residual_level,4
20130531,-0.1343416638728729,0.971105611622081,R0_residual_level,5
20130531,-0.1589483975542912,0.992983843945176,R0_residual_level,6
20130531,-0.1347697058175395,1.015481230632586,R0_residual_level,7
20130531,-0.1640017154113382,1.002121760531752,R0_residual_level,8
20130531,-0.1581130609362078,0.9688593121366276,R0_residual_level,9
20130531,-0.1587020935360349,0.9538728756513436,R0_residual_level,10
20130628,0.0713737159238898,0.8942753743662467,R0_residual_level,1
20130628,0.0554821572495785,0.9409533660571826,R0_residual_level,2
20130628,0.0934580160869054,1.028232024431923,R0_residual_level,3
20130628,0.0651931408762598,1.0020394662107774,R0_residual_level,4
20130628,0.0769561669857639,1.0458381772308822,R0_residual_level,5
20130628,0.0777964374835107,1.0702344494827931,R0_residual_level,6
20130628,0.0845172661732911,1.1013069280959416,R0_residual_level,7
20130628,0.0504534699098788,1.0526822806227756,R0_residual_level,8
20130628,0.0716084663880594,1.0382378416245217,R0_residual_level,9
20130628,0.0832510199313314,1.03328376543415,R0_residual_level,10
20130731,0.073425218915109,0.9599377394994796,R0_residual_level,1
20130731,0.044313002757462,0.9826498351619178,R0_residual_level,2
20130731,0.0638360948524474,1.0938703414738833,R0_residual_level,3
20130731,0.0604144411808311,1.06257712060304,R0_residual_level,4
20130731,0.0591738573982498,1.107724456391988,R0_residual_level,5
20130731,0.0520033288143766,1.1258902034677205,R0_residual_level,6
20130731,0.052918588504875,1.1595865362414186,R0_residual_level,7
20130731,0.0805707134392776,1.1374976429974386,R0_residual_level,8
20130731,0.0797045109477243,1.1209900810386249,R0_residual_level,9
20130731,0.1013370895083836,1.1379937348595102,R0_residual_level,10
20130830,0.0827541741868038,1.0393765944025062,R0_residual_level,1
20130830,0.0747174690969592,1.0560709438537603,R0_residual_level,2
20130830,0.0679741048648765,1.1682251987738073,R0_residual_level,3
20130830,0.0638297184052982,1.1304011189950447,R0_residual_level,4
20130830,0.0757744100668855,1.1916616235917523,R0_residual_level,5
20130830,0.0577336511945838,1.1908919557581248,R0_residual_level,6
20130830,0.0582698632911113,1.2271554851824191,R0_residual_level,7
20130830,0.06831799692535,1.2152092034743305,R0_residual_level,8
20130830,0.0689981794488778,1.19833635581054,R0_residual_level,9
20130830,0.0541177380898134,1.1995793817504858,R0_residual_level,10
20130930,-0.0404186433103647,0.9973664025682096,R0_residual_level,1
20130930,-0.0526797231455866,1.000437418909446,R0_residual_level,2
20130930,-0.0456899486658205,1.114849049411714,R0_residual_level,3
20130930,-0.0198121241429934,1.108005471694136,R0_residual_level,4
20130930,-0.0409125435524512,1.1429077155167702,R0_residual_level,5
20130930,-0.0434783618054662,1.1391139244344537,R0_residual_level,6
20130930,-0.0314746829198595,1.1885311553929363,R0_residual_level,7
20130930,-0.0377670611887673,1.1693143231295622,R0_residual_level,8
20130930,-0.0004761363229682,1.1977657843444052,R0_residual_level,9
20130930,-0.0209981659369465,1.1743904148379494,R0_residual_level,10
20131031,0.0645830064039083,1.0617793233323154,R0_residual_level,1
20131031,0.0480191649607713,1.048477588360987,R0_residual_level,2
20131031,0.0542111333122274,1.1752862798523829,R0_residual_level,3
20131031,0.0503835834158785,1.1638307578024876,R0_residual_level,4
20131031,0.0775401452006254,1.2315289457288556,R0_residual_level,5
20131031,0.0717010662821269,1.220789607433222,R0_residual_level,6
20131031,0.059021630494408,1.25868020207763,R0_residual_level,7
20131031,0.0727276242890573,1.2543557758979424,R0_residual_level,8
20131031,0.0817309082101429,1.2956602697219075,R0_residual_level,9
20131031,0.0794061286744032,1.2676442112325574,R0_residual_level,10
20131129,-0.011198698657837,1.0498887766491949,R0_residual_level,1
20131129,-0.0039761259952855,1.0443087093664305,R0_residual_level,2
20131129,-0.0086498242913364,1.165120260039641,R0_residual_level,3
20131129,-0.0005680752780055,1.1631696143211976,R0_residual_level,4
20131129,0.0124355989585018,1.2468437458037265,R0_residual_level,5
20131129,0.0142873253164594,1.2382314256975733,R0_residual_level,6
20131129,-0.0071512090427391,1.2496791168346155,R0_residual_level,7
20131129,0.0170789250993763,1.2757788242424737,R0_residual_level,8
20131129,0.0103082277319277,1.309016230845412,R0_residual_level,9
20131129,0.0016226324122794,1.2697011318169418,R0_residual_level,10
20131231,0.016712431270867,1.0674349706709991,R0_residual_level,1
20131231,0.0299063537066506,1.0755401750076787,R0_residual_level,2
20131231,0.0144850331327472,1.1819970656099503,R0_residual_level,3
20131231,0.0482037545157627,1.219238756870131,R0_residual_level,4
20131231,0.0262748839610451,1.279604420542274,R0_residual_level,5
20131231,0.0339678104949485,1.2802914361145583,R0_residual_level,6
20131231,0.036976804095391,1.2958882567199106,R0_residual_level,7
20131231,0.0500733225089715,1.3396613087588831,R0_residual_level,8
20131231,0.0221585917482523,1.3380221870965514,R0_residual_level,9
20131231,-0.0129920367353492,1.2532051280694616,R0_residual_level,10
20140130,0.0475050114084052,1.1181434811304556,R0_residual_level,1
20140130,0.026590904242479,1.104139760810247,R0_residual_level,2
20140130,-0.0008371266584193,1.1810075843561547,R0_residual_level,3
20140130,0.0062879550882477,1.2269052754151817,R0_residual_level,4
20140130,0.022799137019845,1.3087782970574169,R0_residual_level,5
20140130,0.0317616214382245,1.32095556803903,R0_residual_level,6
20140130,0.0077027857825382,1.305870206359531,R0_residual_level,7
20140130,0.0338769865716337,1.3850449969262453,R0_residual_level,8
20140130,0.040598781499078,1.392344257511403,R0_residual_level,9
20140130,0.0516964588887416,1.3179913954518647,R0_residual_level,10
20140228,-0.0516319713531644,1.0604115289440004,R0_residual_level,1
20140228,-0.0407824802685351,1.059110202801298,R0_residual_level,2
20140228,-0.0545051935748774,1.116636537357424,R0_residual_level,3
20140228,-0.0592319372129399,1.1542332991755646,R0_residual_level,4
20140228,-0.0566655727476541,1.234615625254959,R0_residual_level,5
20140228,-0.056070521073382,1.2468889010242965,R0_residual_level,6
20140228,-0.0532422821291306,1.236342696408511,R0_residual_level,7
20140228,-0.0480178150369388,1.3185381624460033,R0_residual_level,8
20140228,-0.0332567574619127,1.346039402235859,R0_residual_level,9
20140228,-0.0037166115586035,1.3130929333973882,R0_residual_level,10
20140331,-0.0283045179591849,1.030397091778878,R0_residual_level,1
20140331,-0.032571552617269,1.024613339103269,R0_residual_level,2
20140331,-0.0344600755905816,1.078157157872882,R0_residual_level,3
20140331,-0.0053713546705793,1.1480335027530997,R0_residual_level,4
20140331,-0.0214744403021925,1.2081029457142671,R0_residual_level,5
20140331,-0.0359361683607024,1.202080491549996,R0_residual_level,6
20140331,0.0011469220219906,1.237760685073749,R0_residual_level,7
20140331,-0.011611294718413,1.303228227244368,R0_residual_level,8
20140331,0.0010776245622379,1.3474899273574483,R0_residual_level,9
20140331,-0.0097322265108671,1.300313615539746,R0_residual_level,10
20140430,0.0469325574768937,1.0787562625128144,R0_residual_level,1
20140430,0.048500984605301,1.0743080948895027,R0_residual_level,2
20140430,0.0117497937693784,1.0908252821288675,R0_residual_level,3
20140430,0.0362554541431932,1.1896559787670142,R0_residual_level,4
20140430,0.0340227040011569,1.2492058746392294,R0_residual_level,5
20140430,0.0229543263070173,1.229673439400334,R0_residual_level,6
20140430,0.0238208945363471,1.2672452518141275,R0_residual_level,7
20140430,0.030137206324911,1.3425038852172797,R0_residual_level,8
20140430,0.029322284595278,1.387001410496694,R0_residual_level,9
20140430,0.0278897309809253,1.336579012467984,R0_residual_level,10
20140530,0.0404346581747276,1.1223754032413669,R0_residual_level,1
20140530,0.0396866533663149,1.1169437878600086,R0_residual_level,2
20140530,0.0488445006347788,1.144106098314244,R0_residual_level,3
20140530,0.055864300297252,1.256115277615276,R0_residual_level,4
20140530,0.0463432620378072,1.3070981498268033,R0_residual_level,5
20140530,0.0494689183399967,1.2905040543588924,R0_residual_level,6
20140530,0.0490293027237866,1.3293774028906038,R0_residual_level,7
20140530,0.0462594868013424,1.404607425976239,R0_residual_level,8
20140530,0.0375657897776406,1.4391052139047038,R0_residual_level,9
20140530,0.0477701266762202,1.4004275612063568,R0_residual_level,10
20140630,0.0720345275260876,1.2032251851207607,R0_residual_level,1
20140630,0.0586089063030619,1.1824066416684829,R0_residual_level,2
20140630,0.0455918702502557,1.1962680351011132,R0_residual_level,3
20140630,0.0362757015909989,1.3016817405899423,R0_residual_level,4
20140630,0.0482851292045491,1.3702115528742178,R0_residual_level,5
20140630,0.0377874403691504,1.339268899359126,R0_residual_level,6
20140630,0.0638844675616372,1.4143039704627425,R0_residual_level,7
20140630,0.0703276534748362,1.503390170298478,R0_residual_level,8
20140630,0.0552018178197264,1.5185464377460898,R0_residual_level,9
20140630,0.0706212070550798,1.4993274459719512,R0_residual_level,10
20140731,0.049129039530539,1.2623384828046988,R0_residual_level,1
20140731,0.0595550797944242,1.2528249635625066,R0_residual_level,2
20140731,0.0551794445629847,1.262277440826446,R0_residual_level,3
20140731,0.0521850509727628,1.369610068572943,R0_residual_level,4
20140731,0.0594048535309819,1.45160876947917,R0_residual_level,5
20140731,0.0380512722297439,1.3902297848374696,R0_residual_level,6
20140731,0.0733931302724888,1.5181041660118124,R0_residual_level,7
20140731,0.0428416908994906,1.567797947275738,R0_residual_level,8
20140731,0.0616441119105068,1.6121558842958117,R0_residual_level,9
20140731,0.0562801562262782,1.5837098288655995,R0_residual_level,10
20140829,0.144387422771874,1.4446042830026269,R0_residual_level,1
20140829,0.1294650035773539,1.4150219519519247,R0_residual_level,2
20140829,0.1116150298685074,1.403166575086633,R0_residual_level,3
20140829,0.1290488813079,1.5463567157503175,R0_residual_level,4
20140829,0.1016681196072928,1.5991911034775732,R0_residual_level,5
20140829,0.10957707682463,1.542567100774494,R0_residual_level,6
20140829,0.1158432517544465,1.6939662891045928,R0_residual_level,7
20140829,0.1018726575438131,1.7275136906564523,R0_residual_level,8
20140829,0.1166062459407388,1.8001433298348184,R0_residual_level,9
20140829,0.1277003877157085,1.7859501880409152,R0_residual_level,10
20140930,0.0120167374920487,1.4619637134513588,R0_residual_level,1
20140930,0.0146883168152336,1.4358062426827047,R0_residual_level,2
20140930,0.0156508371537775,1.4251273066529375,R0_residual_level,3
20140930,0.008763321962081,1.559907937518664,R0_residual_level,4
20140930,0.0149244909921724,1.6230582166961864,R0_residual_level,5
20140930,0.0044996819739921,1.5495081621515223,R0_residual_level,6
20140930,0.0040644302953503,1.7008512970093317,R0_residual_level,7
20140930,0.0084348661268329,1.7420850373694108,R0_residual_level,8
20140930,0.0216828367349866,1.8391755437552015,R0_residual_level,9
20140930,0.0227211058832796,1.826528951365656,R0_residual_level,10
20141031,0.0631000595842188,1.5542137108801053,R0_residual_level,1
20141031,0.05014152763369,1.5077997610768044,R0_residual_level,2
20141031,0.044485581676968,1.4885249238531244,R0_residual_level,3
20141031,0.0261037781999342,1.600627428331968,R0_residual_level,4
20141031,0.023989134024039,1.661993977785329,R0_residual_level,5
20141031,0.026484281612535,1.5905457726788648,R0_residual_level,6
20141031,0.0345608561706545,1.7596341740529424,R0_residual_level,7
20141031,0.0538840433724963,1.835955623081601,R0_residual_level,8
20141031,0.0483794332020692,1.928153814121186,R0_residual_level,9
20141031,0.0555528160991338,1.927997778300616,R0_residual_level,10
20141128,-0.0437086406273458,1.4862811423331532,R0_residual_level,1
20141128,-0.0398297345707902,1.4477444968072144,R0_residual_level,2
20141128,-0.0136946796426985,1.4681400518807837,R0_residual_level,3
20141128,-0.0413860782270997,1.5343837363705797,R0_residual_level,4
20141128,-0.0119567694719648,1.642121898929156,R0_residual_level,5
20141128,-0.0276250016340924,1.5466069431095124,R0_residual_level,6
20141128,-0.0465766453573927,1.67767631716933,R0_residual_level,7
20141128,-0.0320921560179566,1.7770358487836213,R0_residual_level,8
20141128,-0.0637101254084064,1.805310892816828,R0_residual_level,9
20141128,0.0514471422410689,2.027187754241313,R0_residual_level,10
20141231,0.0607865395071445,1.576627029710311,R0_residual_level,1
20141231,0.0533099065317741,1.5249236206138974,R0_residual_level,2
20141231,0.0668445170472202,1.5662771646064355,R0_residual_level,3
20141231,0.0696331953030056,1.6412277787550276,R0_residual_level,4
20141231,0.0672237001113071,1.7525114090089795,R0_residual_level,5
20141231,0.0645339239196542,1.6464155579097508,R0_residual_level,6
20141231,0.0860967365263301,1.8221187730251216,R0_residual_level,7
20141231,0.0866897161738413,1.9310865821454148,R0_residual_level,8
20141231,0.0862638152068511,1.9610438980656943,R0_residual_level,9
20141231,0.0840004091794461,2.1974723550811457,R0_residual_level,10
20150130,0.0869380536789781,1.7136959150509945,R0_residual_level,1
20150130,0.0963044036274631,1.6717804804745509,R0_residual_level,2
20150130,0.112619387298477,1.7426703392240082,R0_residual_level,3
20150130,0.1056501013226407,1.8146236598740288,R0_residual_level,4
20150130,0.1200295242697149,1.962864519709575,R0_residual_level,5
20150130,0.0988185776289241,1.809112001528524,R0_residual_level,6
20150130,0.0834797480128632,1.974228789046766,R0_residual_level,7
20150130,0.1029864249000345,2.129962285412998,R0_residual_level,8
20150130,0.0900303850818993,2.137597435371058,R0_residual_level,9
20150130,0.0813653537381657,2.3762704705821633,R0_residual_level,10
20150227,0.1921210115871117,2.0429329078032925,R0_residual_level,1
20150227,0.1876589806767703,1.9855051013557263,R0_residual_level,2
20150227,0.1935680628249039,2.0799956609300176,R0_residual_level,3
20150227,0.2138571487891012,2.2026939018999325,R0_residual_level,4
20150227,0.1958789882167706,2.347348435836885,R0_residual_level,5
20150227,0.1895251300111982,2.1519841888230364,R0_residual_level,6
20150227,0.1939088413252205,2.357049206041718,R0_residual_level,7
20150227,0.196786485905237,2.5491100786701093,R0_residual_level,8
20150227,0.2425886057163981,2.656154216800671,R0_residual_level,9
20150227,0.1810564014177123,2.806509450780944,R0_residual_level,10
20150331,0.1493967902404638,2.3481405269057216,R0_residual_level,1
20150331,0.1591275644131615,2.3014536922643707,R0_residual_level,2
20150331,0.1764980782265661,2.447110897803762,R0_residual_level,3
20150331,0.1253574022933161,2.4788178874894364,R0_residual_level,4
20150331,0.1485272876170185,2.695993732103788,R0_residual_level,5
20150331,0.1539178949894104,2.483213065217172,R0_residual_level,6
20150331,0.1939799326471993,2.814269452275825,R0_residual_level,7
20150331,0.1251157443859247,2.8680438836845834,R0_residual_level,8
20150331,0.1415270038862768,3.0320717649643703,R0_residual_level,9
20150331,0.1337453430446704,3.1818670200337507,R0_residual_level,10
20150430,0.1996933551288908,2.8170485870376467,R0_residual_level,1
20150430,0.216983285236143,2.800830675230745,R0_residual_level,2
20150430,0.2506431332693803,3.060462440686943,R0_residual_level,3
20150430,0.2656141033106292,3.137226877945291,R0_residual_level,4
20150430,0.2108288831102478,3.264387079515458,R0_residual_level,5
20150430,0.2528065849409784,3.1109856799155446,R0_residual_level,6
20150430,0.256620227835399,3.536467920309051,R0_residual_level,7
20150430,0.2252484459782076,3.5140663114818387,R0_residual_level,8
20150430,0.2082538334146901,3.6635123332066457,R0_residual_level,9
20150430,0.275090759519532,4.057169235264985,R0_residual_level,10
20150529,-0.1303678759671197,2.449795946249373,R0_residual_level,1
20150529,-0.1264211702521289,2.4467463835900136,R0_residual_level,2
20150529,-0.1468329079332981,2.61108584090024,R0_residual_level,3
20150529,-0.1265591076379795,2.7401822438146506,R0_residual_level,4
20150529,-0.1440818681129265,2.79404809085517,R0_residual_level,5
20150529,-0.1154110640970719,2.751943512205739,R0_residual_level,6
20150529,-0.1284527544058117,3.082198875077561,R0_residual_level,7
20150529,-0.0667638166814436,3.2794538324556286,R0_residual_level,8
20150529,-0.0867897612675605,3.345556972406877,R0_residual_level,9
20150529,-0.1218279067432794,3.56289280002942,R0_residual_level,10
20150630,-0.1848616756620069,1.996922562595722,R0_residual_level,1
20150630,-0.1781034271798204,2.0109724672328007,R0_residual_level,2
20150630,-0.1522502968140272,2.2135472466162747,R0_residual_level,3
20150630,-0.1582112864692255,2.3066544858606055,R0_residual_level,4
20150630,-0.1613102925933042,2.34333937579956,R0_residual_level,5
20150630,-0.1347656276486264,2.381076117529767,R0_residual_level,6
20150630,-0.1303085005609435,2.680562161235577,R0_residual_level,7
20150630,-0.1412335011128879,2.816285085959842,R0_residual_level,8
20150630,-0.1125161815533963,2.9691276767023136,R0_residual_level,9
20150630,-0.1121183518813896,3.163427131360052,R0_residual_level,10
20150731,-0.1554050645123682,1.6865906829293302,R0_residual_level,1
20150731,-0.1426708791336131,1.724065257419206,R0_residual_level,2
20150731,-0.1393328007873437,1.905127509070116,R0_residual_level,3
20150731,-0.1428427662417388,1.9771655783363609,R0_residual_level,4
20150731,-0.1480861615256233,1.9963232424855528,R0_residual_level,5
20150731,-0.157993782888456,2.004880894375882,R0_residual_level,6
20150731,-0.1545750212396009,2.266214208228517,R0_residual_level,7
20150731,-0.1378132369769561,2.428163722013791,R0_residual_level,8
20150731,-0.1348905154188734,2.5686205140474963,R0_residual_level,9
20150731,-0.1330051694470482,2.742674969720119,R0_residual_level,10
20150831,0.0287381136908442,1.735060117725272,R0_residual_level,1
20150831,0.017580594439239,1.7543753494966754,R0_residual_level,2
20150831,0.0094323516757637,1.9230973417228368,R0_residual_level,3
20150831,0.0105709160818916,1.998066029744959,R0_residual_level,4
20150831,0.0349607957287236,2.0661162915745934,R0_residual_level,5
20150831,0.0185732528583579,2.0421180541780153,R0_residual_level,6
20150831,0.0297589917139851,2.3336544580733047,R0_residual_level,7
20150831,0.0181241227940387,2.472172059475599,R0_residual_level,8
20150831,0.0284136430037671,2.6416043803457945,R0_residual_level,9
20150831,0.0184190536490096,2.7931924471291896,R0_residual_level,10
20150930,0.1416593913826336,1.9808476780145143,R0_residual_level,1
20150930,0.0893827766447963,1.9111862895118732,R0_residual_level,2
20150930,0.0968804205116413,2.109407820873765,R0_residual_level,3
20150930,0.0895057701656385,2.1769044685790813,R0_residual_level,4
20150930,0.1138454062705172,2.301334140191037,R0_residual_level,5
20150930,0.1207797900915763,2.2887646441038543,R0_residual_level,6
20150930,0.1328912376815836,2.6437766873278115,R0_residual_level,7
20150930,0.1200907223138367,2.7690569877821094,R0_residual_level,8
20150930,0.1139207162334619,2.9425378433602374,R0_residual_level,9
20150930,0.0943919330354079,3.0568472815536154,R0_residual_level,10
20151030,0.0971571889737092,2.173301270195504,R0_residual_level,1
20151030,0.0927867308057137,2.0885190172763823,R0_residual_level,2
20151030,0.0770509610444416,2.27193972070675,R0_residual_level,3
20151030,0.1279589118342634,2.455458795545606,R0_residual_level,4
20151030,0.0902499752049823,2.509029489281658,R0_residual_level,5
20151030,0.0862172298239878,2.4860955914375737,R0_residual_level,6
20151030,0.1016063908199922,2.9124012946612257,R0_residual_level,7
20151030,0.1440062207282051,3.1678184195736385,R0_residual_level,8
20151030,0.0825527457745578,3.185452421875171,R0_residual_level,9
20151030,0.1304237453177275,3.455532752878152,R0_residual_level,10
20151130,0.0441248308652226,2.2691978211620545,R0_residual_level,1
20151130,0.0403430164894056,2.172776174428801,R0_residual_level,2
20151130,0.07221811780337,2.4360149310989057,R0_residual_level,3
20151130,0.0391115032243996,2.5514954801449683,R0_residual_level,4
20151130,0.0527666548988376,2.64142258247359,R0_residual_level,5
20151130,0.055785816246906,2.6247844632737536,R0_residual_level,6
20151130,0.0660863047738453,3.104871134243949,R0_residual_level,7
20151130,0.0749360694029033,3.4052022805186044,R0_residual_level,8
20151130,0.0824293967405569,3.4480273433560873,R0_residual_level,9
20151130,0.0532672462385901,3.6395994669112257,R0_residual_level,10
20151231,-0.2778075838563977,1.638797457172822,R0_residual_level,1
20151231,-0.3122629280364034,1.494298724233928,R0_residual_level,2
20151231,-0.2852705587810463,1.7410915905053488,R0_residual_level,3
20151231,-0.2908124664969934,1.8094887863080795,R0_residual_level,4
20151231,-0.2928197646033477,1.8679618436557068,R0_residual_level,5
20151231,-0.2775077952120454,1.8963863139638224,R0_residual_level,6
20151231,-0.2904924301777796,2.202929573068585,R0_residual_level,7
20151231,-0.2959749081490221,2.3973478483132697,R0_residual_level,8
20151231,-0.2740549425828359,2.5030784077485864,R0_residual_level,9
20151231,-0.2652237262017207,2.674291334415234,R0_residual_level,10
20160129,-0.0200840981244079,1.605883688236933,R0_residual_level,1
20160129,-0.0572173428284041,1.4087989218413883,R0_residual_level,2
20160129,-0.0225080524957097,1.7019030095864156,R0_residual_level,3
20160129,-0.041522919630937,1.7343535288611274,R0_residual_level,4
20160129,-0.0354184482785844,1.801801533709818,R0_residual_level,5
20160129,-0.0496999382641093,1.8021360312349184,R0_residual_level,6
20160129,-0.0323531063491218,2.1316579583114716,R0_residual_level,7
20160129,-0.0414753960582832,2.297916896815004,R0_residual_level,8
20160129,-0.0336982023196833,2.418729165142244,R0_residual_level,9
20160129,-0.0226741284999671,2.613654109052354,R0_residual_level,10
20160229,0.1862167357735655,1.9049261066924288,R0_residual_level,1
20160229,0.1884130147365048,1.674234973863062,R0_residual_level,2
20160229,0.1673419995936742,1.9867028623250984,R0_residual_level,3
20160229,0.1837832235136109,2.053098611107432,R0_residual_level,4
20160229,0.1482909647743207,2.0689924214754973,R0_residual_level,5
20160229,0.1749070131404135,2.117342261730937,R0_residual_level,6
20160229,0.2001829308725573,2.5583794960240738,R0_residual_level,7
20160229,0.1915505391424774,2.7380841173045267,R0_residual_level,8
20160229,0.1889401132838413,2.87572412760715,R0_residual_level,9
20160229,0.1629693425747136,3.039599600922315,R0_residual_level,10
20160331,-0.0253176450078522,1.8566978637569995,R0_residual_level,1
20160331,-0.0182432477643784,1.6436914904190905,R0_residual_level,2
20160331,-0.0105566308740251,1.9657299735511633,R0_residual_level,3
20160331,-0.0115034626714264,2.0294808678738003,R0_residual_level,4
20160331,-0.0132390069946678,2.0416010163356684,R0_residual_level,5
20160331,-0.0007615071115536,2.115729890541036,R0_residual_level,6
20160331,-0.0023678746401855,2.5523215740954677,R0_residual_level,7
20160331,0.0079582669756885,2.7598745217119287,R0_residual_level,8
20160331,0.0037028909689054,2.88637262050833,R0_residual_level,9
20160331,-0.0061793113613136,3.0208169685744912,R0_residual_level,10
20160429,-0.0215774560064854,1.8166350472844477,R0_residual_level,1
20160429,-4.5338085933432914e-05,1.6436169685930495,R0_residual_level,2
20160429,0.0058160176349875,1.9771626937429605,R0_residual_level,3
20160429,0.0089429814132186,2.0476304775536787,R0_residual_level,4
20160429,0.0026951314716321,2.0471033994873107,R0_residual_level,5
20160429,0.0060106006433049,2.1284466979821817,R0_residual_level,6
20160429,0.0089598490288986,2.575189990072564,R0_residual_level,7
20160429,0.0081507940283318,2.7823696904824433,R0_residual_level,8
20160429,0.009061634466855,2.9125278741305154,R0_residual_level,9
20160429,0.0104601113414548,3.052415050407937,R0_residual_level,10
20160531,0.0505125707825777,1.9083979536965148,R0_residual_level,1
20160531,0.0488867138679331,1.723968001045138,R0_residual_level,2
20160531,0.0352773511189279,2.046911756309376,R0_residual_level,3
20160531,0.0472371040336325,2.1443546114443186,R0_residual_level,4
20160531,0.071960811498553,2.194414621335864,R0_residual_level,5
20160531,0.0676661877295095,2.2724705718200986,R0_residual_level,6
20160531,0.0492181651490324,2.7019361162940907,R0_residual_level,7
20160531,0.0836750577426994,3.015184634995099,R0_residual_level,8
20160531,0.0670618264182942,3.1078473128638997,R0_residual_level,9
20160531,0.0716118586489173,3.2710041655355777,R0_residual_level,10
20160630,-0.0223383533674568,1.8657674858411104,R0_residual_level,1
20160630,-0.0258819314450253,1.6793483794286703,R0_residual_level,2
20160630,-0.0183693057959752,2.0093114083203525,R0_residual_level,3
20160630,-0.0130432665341526,2.116385222703511,R0_residual_level,4
20160630,-0.0189336948738251,2.1528662444688305,R0_residual_level,5
20160630,-0.0183710777209898,2.230722838326529,R0_residual_level,6
20160630,-0.0100769292348956,2.6747088972529864,R0_residual_level,7
20160630,-0.0144414768402058,2.9716409159198727,R0_residual_level,8
20160630,-0.0005093715437423,3.1062642638804308,R0_residual_level,9
20160630,0.0112547639831968,3.3078185454067346,R0_residual_level,10
20160729,0.044849338709791,1.9494459237673136,R0_residual_level,1
20160729,0.0442501655090394,1.7536598231657263,R0_residual_level,2
20160729,0.0398328998633747,2.0893481084423136,R0_residual_level,3
20160729,0.0442397781351926,2.2100136354045143,R0_residual_level,4
20160729,0.0334811410612776,2.224946662885954,R0_residual_level,5
20160729,0.0510421489122336,2.3445837256223125,R0_residual_level,6
20160729,0.0402147005778605,2.7822715146889547,R0_residual_level,7
20160729,0.0517748436622631,3.1254971597620083,R0_residual_level,8
20160729,0.0388496286426001,3.2269414769979647,R0_residual_level,9
20160729,0.0500107562231348,3.473245052311435,R0_residual_level,10
20160831,0.0035535208246979,1.9563733204540432,R0_residual_level,1
20160831,-0.0228243385873032,1.7136336975948414,R0_residual_level,2
20160831,-0.0158263577378555,2.0562813378391938,R0_residual_level,3
20160831,-0.0233303742945631,2.1584531900944386,R0_residual_level,4
20160831,0.0051830527720668,2.236478678854726,R0_residual_level,5
20160831,-0.0032961564196088,2.336855610923792,R0_residual_level,6
20160831,-0.0177470718363262,2.7328943422496055,R0_residual_level,7
20160831,-0.0077896192618913,3.1011507268833394,R0_residual_level,8
20160831,0.006700196678375,3.248562619563457,R0_residual_level,9
20160831,-0.0046404130019538,3.4571277608117175,R0_residual_level,10
20160930,0.0444278107986222,2.043290704186648,R0_residual_level,1
20160930,0.0120107322213416,1.7342156930621204,R0_residual_level,2
20160930,0.0119841471034443,2.080924115877926,R0_residual_level,3
20160930,0.019202577558568,2.1999010548837656,R0_residual_level,4
20160930,0.0209866445682509,2.2834148619723216,R0_residual_level,5
20160930,0.0153847782150056,2.372807616218346,R0_residual_level,6
20160930,0.0238087390222905,2.7979611104197204,R0_residual_level,7
20160930,0.0287093186249587,3.190182651205456,R0_residual_level,8
20160930,0.0275407373667051,3.33803042948815,R0_residual_level,9
20160930,0.0336824149450745,3.573572172569514,R0_residual_level,10
20161031,0.023143142933425,2.090578873008178,R0_residual_level,1
20161031,0.0386278035327716,1.8012046361371734,R0_residual_level,2
20161031,0.0311520825626674,2.1457492357424006,R0_residual_level,3
20161031,0.0199494351573044,2.243787838330655,R0_residual_level,4
20161031,0.0195288031137332,2.3280072212387513,R0_residual_level,5
20161031,0.0319028692605092,2.4485069873789005,R0_residual_level,6
20161031,0.0119305791556318,2.8313424069219626,R0_residual_level,7
20161031,0.0120530885560159,3.228634205210301,R0_residual_level,8
20161031,0.0294843078383388,3.4364499462449216,R0_residual_level,9
20161031,0.025277637076351,3.6639036330138737,R0_residual_level,10
20161130,-0.0414586985307249,2.0039061937574294,R0_residual_level,1
20161130,-0.063073768446368,1.6875958719929327,R0_residual_level,2
20161130,-0.0548602420918332,2.0280329132012063,R0_residual_level,3
20161130,-0.0574417790091406,2.114900673177868,R0_residual_level,4
20161130,-0.065821290643269,2.1747747813099663,R0_residual_level,5
20161130,-0.0665105525504076,2.285655434724796,R0_residual_level,6
20161130,-0.0634102149191603,2.6518063763893083,R0_residual_level,7
20161130,-0.0675994717445755,3.010380238481617,R0_residual_level,8
20161130,-0.0521759185740327,3.2571500136659077,R0_residual_level,9
20161130,-0.0567231380340682,3.456075521494903,R0_residual_level,10
20161230,-0.0174193150217837,1.9689995204942652,R0_residual_level,1
20161230,-0.0194952210430244,1.654695817437135,R0_residual_level,2
20161230,-0.0308384602069837,1.9654915009089975,R0_residual_level,3
20161230,-0.0301536903551803,2.0511286131469,R0_residual_level,4
20161230,-0.0356419320047218,2.0972616064289324,R0_residual_level,5
20161230,-0.0257733680506861,2.2267463959685827,R0_residual_level,6
20161230,-0.0316285903126615,2.567933478921987,R0_residual_level,7
20161230,-0.0263886135740973,2.9309404776572268,R0_residual_level,8
20161230,-0.0281466685129292,3.16547209193437,R0_residual_level,9
20161230,-0.0058613155741475,3.435818372215335,R0_residual_level,10
20170126,0.0215615098026658,2.0114541229568466,R0_residual_level,1
20170126,0.0398428975381288,1.7206236933480532,R0_residual_level,2
20170126,0.0346915314897031,2.033677411205526,R0_residual_level,3
20170126,0.0422536208490256,2.137796223879397,R0_residual_level,4
20170126,0.0354517053494896,2.1716131069408484,R0_residual_level,5
20170126,0.0303753557302048,2.29438460986708,R0_residual_level,6
20170126,0.0371170069768256,2.6632474837751587,R0_residual_level,7
20170126,0.0468842207024744,3.068355337877524,R0_residual_level,8
20170126,0.0315075453767683,3.2652083475098865,R0_residual_level,9
20170126,0.0374842510395798,3.5646074506058554,R0_residual_level,10
20170228,-0.0206346998544978,1.96994837085854,R0_residual_level,1
20170228,-0.0217448563939334,1.6832089782282005,R0_residual_level,2
20170228,-0.0109685675821982,2.0113708830803283,R0_residual_level,3
20170228,-0.0108278477435561,2.1146484918604815,R0_residual_level,4
20170228,-0.00569720454827,2.159240982870902,R0_residual_level,5
20170228,-0.0106282055009017,2.2699994187353063,R0_residual_level,6
20170228,0.0107112122482422,2.6917740928434712,R0_residual_level,7
20170228,0.0077837821236821,3.0922387473056,R0_residual_level,8
20170228,-0.0068506267223005,3.2428396239505566,R0_residual_level,9
20170228,-0.0044577917288219,3.548717172996047,R0_residual_level,10
20170331,-0.0574421798218723,1.8567902422998792,R0_residual_level,1
20170331,-0.0786286304268678,1.5508605615479094,R0_residual_level,2
20170331,-0.0484688909846553,1.9138819670185976,R0_residual_level,3
20170331,-0.0433515947159085,2.022975107474738,R0_residual_level,4
20170331,-0.0507789523753221,2.0495969878348568,R0_residual_level,5
20170331,-0.0423710980208955,2.1738170508566967,R0_residual_level,6
20170331,-0.0390028462505734,2.5867872417590205,R0_residual_level,7
20170331,-0.0449555485524284,2.9532254581654027,R0_residual_level,8
20170331,-0.0370521183911263,3.122685546280505,R0_residual_level,9
20170331,-0.0410939487570174,3.4028863713358,R0_residual_level,10
20170428,-0.0834459608604627,1.7018485964148344,R0_residual_level,1
20170428,-0.0814184631167431,1.4245918781183091,R0_residual_level,2
20170428,-0.0519805882126276,1.8143972566034303,R0_residual_level,3
20170428,-0.0590520644106851,1.9035142511269276,R0_residual_level,4
20170428,-0.0553673274112204,1.9361162803483531,R0_residual_level,5
20170428,-0.0638296071653515,2.035063162451171,R0_residual_level,6
20170428,-0.0556324345221385,2.4428779699091585,R0_residual_level,7
20170428,-0.0754630420704622,2.7303660811723067,R0_residual_level,8
20170428,-0.0616546345344203,2.9301575101586637,R0_residual_level,9
20170428,-0.0795525969543338,3.1321779233555276,R0_residual_level,10
20170531,0.0365791782431963,1.7641008195660262,R0_residual_level,1
20170531,0.0368837874033753,1.4771362220874005,R0_residual_level,2
20170531,0.0271958888404884,1.8637414027065045,R0_residual_level,3
20170531,0.0384909110722679,1.976782248891849,R0_residual_level,4
20170531,0.0331221475647358,2.0002446094885387,R0_residual_level,5
20170531,0.0512285648556056,2.1393165276540547,R0_residual_level,6
20170531,0.0441609072161937,2.5507576772788005,R0_residual_level,7
20170531,0.0550110087404576,2.8805662735283257,R0_residual_level,8
20170531,0.053301553285938,3.0863394568225773,R0_residual_level,9
20170531,0.0590576151013946,3.317156881582144,R0_residual_level,10
20170630,-0.0295013900390905,1.7120573932197294,R0_residual_level,1
20170630,-0.014122202749477,1.4562758048704854,R0_residual_level,2
20170630,-0.0180512926519235,1.830098461218743,R0_residual_level,3
20170630,-0.018370562321445,1.940467647392655,R0_residual_level,4
20170630,-0.0236465392777798,1.9529457467651008,R0_residual_level,5
20170630,-0.0018341662916111,2.135392665391945,R0_residual_level,6
20170630,-0.0142531052279797,2.5144014596934685,R0_residual_level,7
20170630,-0.0020206716800547,2.8747455948368863,R0_residual_level,8
20170630,-0.0138295712403556,3.0436567054325288,R0_residual_level,9
20170630,0.0044687059309411,3.3319802802127323,R0_residual_level,10
20170731,0.0319209712961332,1.7667079281260292,R0_residual_level,1
20170731,0.0399851474954759,1.5145052077223249,R0_residual_level,2
20170731,0.0343666796088757,1.892992868688144,R0_residual_level,3
20170731,0.0394438040976947,2.0170070731343257,R0_residual_level,4
20170731,0.0406314848335884,2.032296832255608,R0_residual_level,5
20170731,0.0343616151690731,2.2087682063950043,R0_residual_level,6
20170731,0.0242305759064045,2.5753268551217454,R0_residual_level,7
20170731,0.0384170078003931,2.9851847187778806,R0_residual_level,8
20170731,0.046640016946835,3.18561290575425,R0_residual_level,9
20170731,0.0363564296244478,3.4531191867803344,R0_residual_level,10
20170831,0.0302801019448888,1.8202040242965285,R0_residual_level,1
20170831,0.0350717548367407,1.5676215630665291,R0_residual_level,2
20170831,0.0207550578817472,1.9322820452475016,R0_residual_level,3
20170831,0.0220499124787481,2.0614819025659536,R0_residual_level,4
20170831,0.0277374605521565,2.0886675854705707,R0_residual_level,5
20170831,0.0382566831476258,2.293268351813608,R0_residual_level,6
20170831,0.0261272719769758,2.642613120295121,R0_residual_level,7
20170831,0.0229226207777315,3.0536129760379054,R0_residual_level,8
20170831,0.0483160057735463,3.3395289973009565,R0_residual_level,9
20170831,0.0457125225724635,3.610969975551437,R0_residual_level,10
20170929,-0.0383681447990629,1.7503661727284825,R0_residual_level,1
20170929,-0.0446536096170997,1.4976216017620088,R0_residual_level,2
20170929,-0.033983312896986,1.866616699898627,R0_residual_level,3
20170929,-0.0350470953624028,1.989232949738857,R0_residual_level,4
20170929,-0.0254953258064596,2.035416324877607,R0_residual_level,5
20170929,-0.0272124937494322,2.2308628011241094,R0_residual_level,6
20170929,-0.0044724150155277,2.6307942576956824,R0_residual_level,7
20170929,-0.0284269153585819,2.9668081784302083,R0_residual_level,8
20170929,-0.0218431232101372,3.2665832539490856,R0_residual_level,9
20170929,-0.0250913962082822,3.5203656971986645,R0_residual_level,10
20171031,-0.0833556736965128,1.6044632211851129,R0_residual_level,1
20171031,-0.06800114581489,1.3957816168450612,R0_residual_level,2
20171031,-0.0695609254370975,1.7367731148173378,R0_residual_level,3
20171031,-0.0603482322671626,1.8691862576545233,R0_residual_level,4
20171031,-0.0691175220720229,1.8947333921171232,R0_residual_level,5
20171031,-0.0545308355491074,2.1092119885833895,R0_residual_level,6
20171031,-0.0721222930276381,2.4410553433467266,R0_residual_level,7
20171031,-0.0587437824376273,2.7925266442623307,R0_residual_level,8
20171031,-0.0620028168528759,3.064045890719809,R0_residual_level,9
20171031,-0.0749481397686994,3.256520836888084,R0_residual_level,10
20171130,-0.0208282849527925,1.571045004017994,R0_residual_level,1
20171130,-0.0120247221751118,1.378997730685371,R0_residual_level,2
20171130,0.0027143230932222,1.741487278190574,R0_residual_level,3
20171130,-0.0108070667798069,1.8489858369441536,R0_residual_level,4
20171130,0.0007195664265242,1.8960967786533052,R0_residual_level,5
20171130,-0.0096409422063302,2.0888771977005582,R0_residual_level,6
20171130,-0.0076070416081864,2.422486133782002,R0_residual_level,7
20171130,-0.0092133451482234,2.7667981324531317,R0_residual_level,8
20171130,-0.0074787505505751,3.041130655827601,R0_residual_level,9
20171130,-0.0157479130184452,3.205237430006016,R0_residual_level,10
20171229,-0.0407627878701625,1.5070048297847298,R0_residual_level,1
20171229,-0.0327502485726182,1.3338352122243486,R0_residual_level,2
20171229,-0.0422937448776702,1.6678332595390737,R0_residual_level,3
20171229,-0.0448652984050208,1.7660305356229968,R0_residual_level,4
20171229,-0.0434149085524577,1.8137779104014624,R0_residual_level,5
20171229,-0.0490729148901127,1.9863699047619017,R0_residual_level,6
20171229,-0.0212641021008695,2.3709741412953207,R0_residual_level,7
20171229,-0.0193015902908239,2.7133945284831045,R0_residual_level,8
20171229,-0.0256571229359239,2.9631039927268255,R0_residual_level,9
20171229,-0.0098113928818626,3.1737895863005754,R0_residual_level,10
20180131,-0.042620496605995,1.4427755355516716,R0_residual_level,1
20180131,-0.0459832353113389,1.272501153794087,R0_residual_level,2
20180131,-0.0331954152106849,1.612468841986484,R0_residual_level,3
20180131,-0.0299160892963316,1.713197808419251,R0_residual_level,4
20180131,-0.0269606708855444,1.7648772410996578,R0_residual_level,5
20180131,-0.0211123487437006,1.9444329705985768,R0_residual_level,6
20180131,-0.0305482765207967,2.2985449676033727,R0_residual_level,7
20180131,-0.0355773928918992,2.616859025272531,R0_residual_level,8
20180131,-0.0251996100501863,2.8884349275719594,R0_residual_level,9
20180131,-0.0275020973905948,3.0865037160008812,R0_residual_level,10
20180228,0.0509372041405311,1.5162664875350311,R0_residual_level,1
20180228,0.0594583729100717,1.348162001924872,R0_residual_level,2
20180228,0.0729852163624169,1.7301552292965234,R0_residual_level,3
20180228,0.0823663360978825,1.8543076349096668,R0_residual_level,4
20180228,0.052316998876055,1.8572103217386435,R0_residual_level,5
20180228,0.0616416758588516,2.064291077501478,R0_residual_level,6
20180228,0.0586434616939286,2.4333396013627935,R0_residual_level,7
20180228,0.0593381340291205,2.772138556849467,R0_residual_level,8
20180228,0.0491094106424874,3.030284264544194,R0_residual_level,9
20180228,0.0445511764133232,3.2240110875528143,R0_residual_level,10
20180330,-0.0386955985554607,1.4575936482302772,R0_residual_level,1
20180330,-0.0368763108097598,1.2984467609199826,R0_residual_level,2
20180330,-0.026448909064725,1.684394510969001,R0_residual_level,3
20180330,-0.028232665589531,1.801955587553148,R0_residual_level,4
20180330,-0.0378034503558237,1.7870013635404731,R0_residual_level,5
20180330,-0.0323453918222814,1.9975207737644531,R0_residual_level,6
20180330,-0.0423788655697374,2.330217429511121,R0_residual_level,7
20180330,-0.0530131309082437,2.625178812639416,R0_residual_level,8
20180330,-0.047613800321096,2.8860009146560275,R0_residual_level,9
20180330,-0.05940524688147,3.0324879129481426,R0_residual_level,10
20180427,-0.0389395651428904,1.400835585413151,R0_residual_level,1
20180427,0.0018570938609818,1.300858098428499,R0_residual_level,2
20180427,-0.0119604416480179,1.6642484087083147,R0_residual_level,3
20180427,-0.0038195383570218,1.7950729490688389,R0_residual_level,4
20180427,-0.0088315397926216,1.7712193898888964,R0_residual_level,5
20180427,0.0092431831408921,2.0159842241040944,R0_residual_level,6
20180427,0.0148600534107505,2.3648445849723183,R0_residual_level,7
20180427,-0.0091273525542877,2.60121788009841,R0_residual_level,8
20180427,0.0038696863698497,2.897168833058846,R0_residual_level,9
20180427,-0.0307537295411026,2.9392275998366726,R0_residual_level,10
20180531,-0.0891202607511798,1.2759927527715993,R0_residual_level,1
20180531,-0.0889389324372534,1.1851611679019127,R0_residual_level,2
20180531,-0.0940731720186133,1.507687281874194,R0_residual_level,3
20180531,-0.1058168230748423,1.605124032410786,R0_residual_level,4
20180531,-0.0675585322792948,1.6515584075633745,R0_residual_level,5
20180531,-0.0930297940318417,1.828437626964248,R0_residual_level,6
20180531,-0.079912407135858,2.175864161684981,R0_residual_level,7
20180531,-0.0929534355457883,2.35942574154013,R0_residual_level,8
20180531,-0.0882704291970161,2.6414344967085235,R0_residual_level,9
20180531,-0.0929401056829529,2.6660554760816,R0_residual_level,10
20180629,-4.373659846468314e-05,1.2759369451889275,R0_residual_level,1
20180629,-0.0208349223741822,1.1604684269677812,R0_residual_level,2
20180629,-0.013486439051816,1.4873539492379997,R0_residual_level,3
20180629,0.0006800766094616,1.6062156397205134,R0_residual_level,4
20180629,-0.0066365198542355,1.6405978074011505,R0_residual_level,5
20180629,-0.0169691084401155,1.7974106705963042,R0_residual_level,6
20180629,-0.0004280521444759,2.1749327783644836,R0_residual_level,7
20180629,0.0092456581882673,2.3812401854670093,R0_residual_level,8
20180629,0.0097645783568369,2.6672269908260864,R0_residual_level,9
20180629,-0.0043301706112665,2.6545110010110653,R0_residual_level,10
20180731,-0.0868034597423217,1.1651812039334797,R0_residual_level,1
20180731,-0.0771328685204114,1.0709581683683866,R0_residual_level,2
20180731,-0.0713402569346611,1.3812457363465775,R0_residual_level,3
20180731,-0.0702970431005262,1.4933034296663412,R0_residual_level,4
20180731,-0.0767318885795752,1.51471163923975,R0_residual_level,5
20180731,-0.0853453115563449,1.6440100969195637,R0_residual_level,6
20180731,-0.0820671466973577,1.9964422509855535,R0_residual_level,7
20180731,-0.0898227103588548,2.1673507379929404,R0_residual_level,8
20180731,-0.0904472512301662,2.425983641098959,R0_residual_level,9
20180731,-0.1188541987909005,2.3390112228042637,R0_residual_level,10
20180831,-0.0250488187984226,1.1359947910888215,R0_residual_level,1
20180831,-0.0239520676100871,1.045306505912052,R0_residual_level,2
20180831,-0.025098839290328,1.346578071589564,R0_residual_level,3
20180831,-0.0249862639194622,1.45599135606086,R0_residual_level,4
20180831,-0.0246465030199136,1.477379294248929,R0_residual_level,5
20180831,-0.0307456411326663,1.5934639524611949,R0_residual_level,6
20180831,-0.0220264587741914,1.9524676980491664,R0_residual_level,7
20180831,-0.0297995332569713,2.1027646975965983,R0_residual_level,8
20180831,-0.0325446637023696,2.347030819351943,R0_residual_level,9
20180831,-0.0161662756614922,2.301198122601086,R0_residual_level,10
20180928,-0.0881747580157443,1.0358287252774188,R0_residual_level,1
20180928,-0.0983870012341894,0.9424619334247766,R0_residual_level,2
20180928,-0.0878636175071085,1.2282628509639586,R0_residual_level,3
20180928,-0.0811160640811055,1.3378870679210917,R0_residual_level,4
20180928,-0.0698931911747007,1.3741205407984445,R0_residual_level,5
20180928,-0.0813646222801089,1.46381235985222,R0_residual_level,6
20180928,-0.0825029142098296,1.791383423059553,R0_residual_level,7
20180928,-0.0783860856939014,1.9379372038166804,R0_residual_level,8
20180928,-0.0847582385924445,2.14810062118149,R0_residual_level,9
20180928,-0.0923397778430616,2.088705999187231,R0_residual_level,10
20181031,0.0564803963006574,1.0943327421806923,R0_residual_level,1
20181031,0.0440881056157085,0.9840132946843928,R0_residual_level,2
20181031,0.0642993877199125,1.3072394002400554,R0_residual_level,3
20181031,0.0447977451487673,1.397821391827652,R0_residual_level,4
20181031,0.0621194183198228,1.4594801094941638,R0_residual_level,5
20181031,0.0590553868707777,1.550258365069519,R0_residual_level,6
20181031,0.0546597506353261,1.8892999942562447,R0_residual_level,7
20181031,0.0610478117919897,2.056244029499976,R0_residual_level,8
20181031,0.0803293660344726,2.320656182259256,R0_residual_level,9
20181031,0.0768999899496292,2.2493274695324597,R0_residual_level,10
20181130,-0.0666796755970764,1.0213629899368246,R0_residual_level,1
20181130,-0.0614043785413759,0.923590569847846,R0_residual_level,2
20181130,-0.0533078186968455,1.2375533192986854,R0_residual_level,3
20181130,-0.04844384083911,1.33010555480045,R0_residual_level,4
20181130,-0.06498337086322,1.3646381722714116,R0_residual_level,5
20181130,-0.0642815906777199,1.4506052914014087,R0_residual_level,6
20181130,-0.0568347520402366,1.7819220975530703,R0_residual_level,7
20181130,-0.0598181886054927,1.933243236324428,R0_residual_level,8
20181130,-0.067225692530253,2.1646484632822647,R0_residual_level,9
20181130,-0.0666333396205784,2.0994472683372067,R0_residual_level,10
20181228,-0.0057291513699821,1.015511446763779,R0_residual_level,1
20181228,-0.012744173633403,0.9118201712595312,R0_residual_level,2
20181228,0.0066226961220436,1.245749258867227,R0_residual_level,3
20181228,-0.0152991893488517,1.3097560180635983,R0_residual_level,4
20181228,0.0083193007667818,1.375991007664369,R0_residual_level,5
20181228,0.0079005390366506,1.4620658551328976,R0_residual_level,6
20181228,0.0080675020526783,1.7962977577327928,R0_residual_level,7
20181228,0.0122307490058308,1.9568882491151325,R0_residual_level,8
20181228,-0.0080338978813743,2.147257898579181,R0_residual_level,9
20181228,0.0086009768494923,2.117504565688905,R0_residual_level,10
20190131,0.2074056569009492,1.2261342654702538,R0_residual_level,1
20190131,0.1862978542195528,1.0816903125992872,R0_residual_level,2
20190131,0.1895317375360541,1.481858280434584,R0_residual_level,3
20190131,0.1913411595360545,1.560366253269213,R0_residual_level,4
20190131,0.1982470779975493,1.6487772042847335,R0_residual_level,5
20190131,0.1934704710687622,1.744932424859012,R0_residual_level,6
20190131,0.2048833847623361,2.1643293223780824,R0_residual_level,7
20190131,0.1860281618933208,2.3209245731286594,R0_residual_level,8
20190131,0.210709129937638,2.599704742140521,R0_residual_level,9
20190131,0.2298317214042515,2.604174285102548,R0_residual_level,10
20190228,0.1059217915011547,1.3560086034898156,R0_residual_level,1
20190228,0.0900554066216396,1.1791023735391044,R0_residual_level,2
20190228,0.0961644277501994,1.6243603339794703,R0_residual_level,3
20190228,0.0880807016276603,1.697804407653289,R0_residual_level,4
20190228,0.1108551668893318,1.831552676429044,R0_residual_level,5
20190228,0.1017626460133107,1.9225013655270875,R0_residual_level,6
20190228,0.1060733554072219,2.3939069958089645,R0_residual_level,7
20190228,0.1029633950250878,2.5598948467751392,R0_residual_level,8
20190228,0.1065242089758704,2.8766362333678592,R0_residual_level,9
20190228,0.1066294148495099,2.8818558652891735,R0_residual_level,10
20190329,-0.0775271668493166,1.250881098237952,R0_residual_level,1
20190329,-0.0861127718682399,1.0775665998372312,R0_residual_level,2
20190329,-0.0742457640017839,1.5037584599689715,R0_residual_level,3
20190329,-0.0735507623385509,1.5729295991686376,R0_residual_level,4
20190329,-0.0690602884506502,1.7050651202822935,R0_residual_level,5
20190329,-0.0704670275545006,1.7870284088289252,R0_residual_level,6
20190329,-0.0709143720438981,2.224144584469677,R0_residual_level,7
20190329,-0.0740827702979632,2.3702507448545567,R0_residual_level,8
20190329,-0.0926815439938386,2.6100251457507055,R0_residual_level,9
20190329,-0.0500375059497906,2.7376549852833274,R0_residual_level,10
20190430,0.0035649511058886,1.2553404281924505,R0_residual_level,1
20190430,-0.0179314168976377,1.0582443039005798,R0_residual_level,2
20190430,-0.0120580738381091,1.4856260294239845,R0_residual_level,3
20190430,-0.0139275190426084,1.551022592223534,R0_residual_level,4
20190430,-0.0262211626795789,1.6603563303840958,R0_residual_level,5
20190430,-0.0326092449423784,1.7287547617264338,R0_residual_level,6
20190430,-0.0529549815285483,2.1063650490822643,R0_residual_level,7
20190430,-0.0388074053426785,2.2782674634352,R0_residual_level,8
20190430,-0.0495480311494859,2.480703538528108,R0_residual_level,9
20190430,-0.051954134205833,2.5954224907686494,R0_residual_level,10
20190531,0.024471184660916,1.2860600956230614,R0_residual_level,1
20190531,0.0172461057169017,1.0764948970399584,R0_residual_level,2
20190531,0.0261063744463858,1.5244103388354244,R0_residual_level,3
20190531,0.0198998066116051,1.5818876418590129,R0_residual_level,4
20190531,0.0435482152139148,1.7326618851914484,R0_residual_level,5
20190531,0.0405432719892413,1.7988441362338046,R0_residual_level,6
20190531,0.0527964381143066,2.2175736210422747,R0_residual_level,7
20190531,0.0425744098552134,2.3752633561832877,R0_residual_level,8
20190531,0.0318394122674432,2.55968768120461,R0_residual_level,9
20190531,0.0285166024427729,2.6694351221089305,R0_residual_level,10
20190628,-0.0498979535625941,1.2218883286929565,R0_residual_level,1
20190628,-0.0171702403699797,1.0580112209007255,R0_residual_level,2
20190628,0.0015238672810418,1.5267333378736576,R0_residual_level,3
20190628,-0.0200560380189316,1.5501612431722105,R0_residual_level,4
20190628,-0.0258937153627079,1.6877968315164882,R0_residual_level,5
20190628,-0.0222762645595585,1.7587726083536497,R0_residual_level,6
20190628,-0.008880506949879,2.1978804430887404,R0_residual_level,7
20190628,-0.0310437146159439,2.3015263584162247,R0_residual_level,8
20190628,-0.0191157436691014,2.510757347617746,R0_residual_level,9
20190628,-0.0188958504742926,2.618993875190735,R0_residual_level,10
20190731,0.0136534624658284,1.2385713351261995,R0_residual_level,1
20190731,0.0194032169208862,1.078540042124594,R0_residual_level,2
20190731,0.0228106573839774,1.56155912896059,R0_residual_level,3
20190731,-0.0020777612102976,1.5469403782714404,R0_residual_level,4
20190731,0.0030810342012612,1.692996991279171,R0_residual_level,5
20190731,0.0240899209663596,1.8011413014866875,R0_residual_level,6
20190731,-0.0032348748395344,2.190770574943088,R0_residual_level,7
20190731,0.004953513174597,2.3129269995543216,R0_residual_level,8
20190731,-0.006541136240366,2.4943341417404783,R0_residual_level,9
20190731,-0.0204129099783689,2.565532588982567,R0_residual_level,10
20190830,0.0129937254565299,1.254664991013157,R0_residual_level,1
20190830,0.0269260607422223,1.10758087681176,R0_residual_level,2
20190830,0.0218799908884217,1.5957260284739794,R0_residual_level,3
20190830,0.0173338504706528,1.5737548114754127,R0_residual_level,4
20190830,0.0271819708823657,1.7390159862000545,R0_residual_level,5
20190830,0.0172119073420915,1.8321423786778903,R0_residual_level,6
20190830,0.0118887735434958,2.21681615019434,R0_residual_level,7
20190830,0.0142550749482597,2.345897947282822,R0_residual_level,8
20190830,0.0252847153732882,2.5574026705602613,R0_residual_level,9
20190830,0.0213935693763958,2.62041848841237,R0_residual_level,10
20190930,-0.0052266395998488,1.2481073092865838,R0_residual_level,1
20190930,0.0149728458964704,1.12416451459814,R0_residual_level,2
20190930,0.0005157101223927,1.596548960539429,R0_residual_level,3
20190930,-0.0096310470052248,1.5585979049113945,R0_residual_level,4
20190930,0.0126995198606962,1.7611006542548702,R0_residual_level,5
20190930,-0.0001282273820718,1.8319074478570896,R0_residual_level,6
20190930,-0.0016752257718635,2.213102482648051,R0_residual_level,7
20190930,-0.0175753490125731,2.304667972111447,R0_residual_level,8
20190930,-0.0224360352441445,2.500024694110102,R0_residual_level,9
20190930,0.0023843389027689,2.6266664541558264,R0_residual_level,10
20191031,-0.0188584563958265,1.2245699320170904,R0_residual_level,1
20191031,-0.0069179247176448,1.1163876291159025,R0_residual_level,2
20191031,-0.0139572375037736,1.5742655475107772,R0_residual_level,3
20191031,-0.0157541065645164,1.534043587426188,R0_residual_level,4
20191031,-0.012633675118199,1.7388514807385664,R0_residual_level,5
20191031,-0.0091859890064497,1.8150795661802412,R0_residual_level,6
20191031,-0.0024389222246942,2.207704897817595,R0_residual_level,7
20191031,-0.0071553634686171,2.288177235096509,R0_residual_level,8
20191031,-0.004581713392439,2.4885702974876693,R0_residual_level,9
20191031,-0.0051498586368191,2.613139493230849,R0_residual_level,10
20191129,0.0862416975227657,1.3301789216895823,R0_residual_level,1
20191129,0.079992446409848,1.2056902067105737,R0_residual_level,2
20191129,0.0902600031297922,1.7163587607562238,R0_residual_level,3
20191129,0.0925154750338703,1.6759663586395843,R0_residual_level,4
20191129,0.0878097598399165,1.8915396116595031,R0_residual_level,5
20191129,0.1043817160943845,2.004540686145986,R0_residual_level,6
20191129,0.0778078369711707,2.379481640587442,R0_residual_level,7
20191129,0.100078891939515,2.517175477346191,R0_residual_level,8
20191129,0.0952798795741884,2.7256809757441967,R0_residual_level,9
20191129,0.0993310825999016,2.8727054680780273,R0_residual_level,10
20191231,-0.0669654025574406,1.241102954725217,R0_residual_level,1
20191231,-0.0563264613260465,1.137777943911097,R0_residual_level,2
20191231,-0.0673555617916369,1.6007524521894907,R0_residual_level,3
20191231,-0.0781409809585592,1.5450047033219427,R0_residual_level,4
20191231,-0.0540230967476319,1.7893527842168435,R0_residual_level,5
20191231,-0.0639472394140066,1.8763558429738911,R0_residual_level,6
20191231,-0.0786078851610383,2.192435621041345,R0_residual_level,7
20191231,-0.0755506058413783,2.3270013450236258,R0_residual_level,8
20191231,-0.0950573432763703,2.4665849835710083,R0_residual_level,9
20191231,-0.1081488596571217,2.5620256475746106,R0_residual_level,10
20200123,0.1625511241210422,1.442845635165748,R0_residual_level,1
20200123,0.1511055032214323,1.3097024526800305,R0_residual_level,2
20200123,0.1629109287500412,1.8615325208745863,R0_residual_level,3
20200123,0.1403073211502519,1.7617801744095842,R0_residual_level,4
20200123,0.133197110443537,2.027689404638625,R0_residual_level,5
20200123,0.1336791600942248,2.1271855161005324,R0_residual_level,6
20200123,0.1402398187592521,2.4999023951775117,R0_residual_level,7
20200123,0.1359639825922385,2.6433897153905335,R0_residual_level,8
20200123,0.1237795020842005,2.7718976446857937,R0_residual_level,9
20200123,0.1085837610201598,2.8402200282183725,R0_residual_level,10
20200228,-0.0738174014417197,1.3363385196962847,R0_residual_level,1
20200228,-0.0655857263468592,1.2238046660227475,R0_residual_level,2
20200228,-0.1043443320961775,1.667292153308614,R0_residual_level,3
20200228,-0.0829226298676085,1.6156887290989277,R0_residual_level,4
20200228,-0.0678615144665785,1.890087330772013,R0_residual_level,5
20200228,-0.0974878068131577,1.9198108654511763,R0_residual_level,6
20200228,-0.0767782651983535,2.3079642261105735,R0_residual_level,7
20200228,-0.0868684270628042,2.413762608700564,R0_residual_level,8
20200228,-0.0614827847283454,2.60147365850857,R0_residual_level,9
20200228,-0.0277519843107058,2.761398286556304,R0_residual_level,10
20200331,0.0646530940106364,1.4227369396402434,R0_residual_level,1
20200331,0.0536957024805218,1.2895177172637793,R0_residual_level,2
20200331,0.0652577211756217,1.7760958397675295,R0_residual_level,3
20200331,0.0555144573506265,1.7053828121423775,R0_residual_level,4
20200331,0.0633339062765885,2.009793944633695,R0_residual_level,5
20200331,0.0595882255508739,2.0342089883166996,R0_residual_level,6
20200331,0.0665204640561076,2.461491077456344,R0_residual_level,7
20200331,0.0479319654292444,2.529458994615202,R0_residual_level,8
20200331,0.0407456750486905,2.7074724588458876,R0_residual_level,9
20200331,0.0120546391331,2.7946859464035008,R0_residual_level,10
20200430,0.0442601786677572,1.4857075307859386,R0_residual_level,1
20200430,0.0583842344960987,1.3648052220553817,R0_residual_level,2
20200430,0.058226347968818,1.8795114141598035,R0_residual_level,3
20200430,0.070358250070653,1.8253705625052847,R0_residual_level,4
20200430,0.0498772608424979,2.110036961449863,R0_residual_level,5
20200430,0.0462427738107418,2.1282764544472066,R0_residual_level,6
20200430,0.0344552195582394,2.5463022929707497,R0_residual_level,7
20200430,0.0422400862881524,2.6363035608100915,R0_residual_level,8
20200430,0.0174019930510747,2.7545878757607,R0_residual_level,9
20200430,0.0156041467582894,2.8382946360545103,R0_residual_level,10
20200529,0.0672796548947254,1.5856654207317111,R0_residual_level,1
20200529,0.0948482355226394,1.4942545891994188,R0_residual_level,2
20200529,0.0777206440336073,2.02558825173682,R0_residual_level,3
20200529,0.077609178147604,1.9670360716761497,R0_residual_level,4
20200529,0.0798723109062944,2.2785704896585592,R0_residual_level,5
20200529,0.0815425466432149,2.301821536503624,R0_residual_level,6
20200529,0.0791531940812424,2.747850252555776,R0_residual_level,7
20200529,0.0700695538071412,2.8210281750162323,R0_residual_level,8
20200529,0.079941897918325,2.974794858531818,R0_residual_level,9
20200529,0.0777201601538093,3.0588873497323648,R0_residual_level,10
20200630,0.1483560149823246,1.820908423646739,R0_residual_level,1
20200630,0.1154745616053567,1.666802982814014,R0_residual_level,2
20200630,0.1320232596076243,2.2930130153540236,R0_residual_level,3
20200630,0.1007167422256469,2.1651495366557056,R0_residual_level,4
20200630,0.1095495230846974,2.52818680011552,R0_residual_level,5
20200630,0.1226633284200535,2.5841706276001206,R0_residual_level,6
20200630,0.1300741131599836,3.1052744372534056,R0_residual_level,7
20200630,0.1582577609333109,3.2674777775240855,R0_residual_level,8
20200630,0.1639099827605756,3.4623934325100167,R0_residual_level,9
20200630,0.1494735514563523,3.5161101054017707,R0_residual_level,10
20200731,-0.0022217756242547,1.8168627736970808,R0_residual_level,1
20200731,0.012083400125695,1.686943630186058,R0_residual_level,2
20200731,0.0282681370550215,2.357832221540999,R0_residual_level,3
20200731,0.0383944611470601,2.248279286418408,R0_residual_level,4
20200731,0.0158555158625088,2.568272506028137,R0_residual_level,5
20200731,0.0183310124384044,2.631541091517618,R0_residual_level,6
20200731,0.0261502487612836,3.186478136259637,R0_residual_level,7
20200731,0.0285277487789834,3.360691562702204,R0_residual_level,8
20200731,0.0386753277961329,3.5963026334715193,R0_residual_level,9
20200731,0.0347044658679507,3.6381348285426434,R0_residual_level,10
20200831,-0.0581548354082012,1.711203418133439,R0_residual_level,1
20200831,-0.0564954259964524,1.5916390311666946,R0_residual_level,2
20200831,-0.0575611560328007,2.2221126731377123,R0_residual_level,3
20200831,-0.0617651021805364,2.1094140865623916,R0_residual_level,4
20200831,-0.0637940890379016,2.4044319011049833,R0_residual_level,5
20200831,-0.0533041820475695,2.491268946109703,R0_residual_level,6
20200831,-0.0478287208649378,3.0340729629382475,R0_residual_level,7
20200831,-0.0606457591308721,3.156879871677412,R0_residual_level,8
20200831,-0.0674064856735809,3.3538885115305597,R0_residual_level,9
20200831,-0.0525436916756004,3.446973793837435,R0_residual_level,10
20200930,-0.0264577730278994,1.6659287864918988,R0_residual_level,1
20200930,-0.0130187811455171,1.5709178309572724,R0_residual_level,2
20200930,-0.0101977765353858,2.199452064660605,R0_residual_level,3
20200930,-0.021369634132457,2.064336679298702,R0_residual_level,4
20200930,-0.0205225043160307,2.3550869370369543,R0_residual_level,5
20200930,-0.018537810599931,2.445086274233231,R0_residual_level,6
20200930,-0.0186552960915503,2.977471433451267,R0_residual_level,7
20200930,-0.0181091285520448,3.099711528257843,R0_residual_level,8
20200930,-0.011158709295899,3.3164634446195347,R0_residual_level,9
20200930,-0.0126704619536858,3.403299043527266,R0_residual_level,10
20201030,0.0224585925681286,1.7033432023552373,R0_residual_level,1
20201030,0.012296434780523,1.590234519611199,R0_residual_level,2
20201030,-0.0035827788429056,2.1915719143373535,R0_residual_level,3
20201030,0.0120162522072433,2.0891422694778186,R0_residual_level,4
20201030,0.0276924923144656,2.4203051639407485,R0_residual_level,5
20201030,0.0226324559458985,2.500424581618736,R0_residual_level,6
20201030,0.0152910167125346,3.0229999989012644,R0_residual_level,7
20201030,0.0240213727534044,3.1741708543061495,R0_residual_level,8
20201030,0.0516227755852454,3.487668492757799,R0_residual_level,9
20201030,0.076235121130868,3.662749958355134,R0_residual_level,10
20201130,-0.0071037795773041,1.6912430277012065,R0_residual_level,1
20201130,0.0659340018999434,1.6950850454486,R0_residual_level,2
20201130,0.0158503563633778,2.2263091101755705,R0_residual_level,3
20201130,0.0167071923310084,2.124045971180824,R0_residual_level,4
20201130,-0.004404240268204,2.4096455584763783,R0_residual_level,5
20201130,0.0075781009289224,2.5193730514634014,R0_residual_level,6
20201130,0.0069060869875425,3.043877099857018,R0_residual_level,7
20201130,-0.0189769320785055,3.1139348295984095,R0_residual_level,8
20201130,-0.0114839693649266,3.4476162146319487,R0_residual_level,9
20201130,-0.0159439511369985,3.604351251992077,R0_residual_level,10
20201231,-0.0197461811758801,1.6578474364637743,R0_residual_level,1
20201231,0.0007396000033128,1.696338730353829,R0_residual_level,2
20201231,-0.0344664675517933,2.149576099469442,R0_residual_level,3
20201231,-0.0295005870517046,2.0613853681061816,R0_residual_level,4
20201231,-0.0292026295560831,2.3392775718707317,R0_residual_level,5
20201231,-0.0276047342484182,2.4498264279051276,R0_residual_level,6
20201231,-0.0504751830592703,2.890236846031814,R0_residual_level,7
20201231,-0.0264040836259829,3.031714233951832,R0_residual_level,8
20201231,-0.03306433569995,3.333623074746767,R0_residual_level,9
20201231,-0.0111870597120394,3.564029159312877,R0_residual_level,10
20210129,0.0042524980332774,1.6648974294268106,R0_residual_level,1
20210129,-0.0174202274309548,1.6667881238711284,R0_residual_level,2
20210129,0.0040858933834437,2.1583590382314735,R0_residual_level,3
20210129,0.0198100758803589,2.102221568667027,R0_residual_level,4
20210129,0.0230994875633112,2.393313685049293,R0_residual_level,5
20210129,0.0175276623063287,2.4927661582425684,R0_residual_level,6
20210129,0.022669096588183,2.955755904257235,R0_residual_level,7
20210129,0.0494341625042611,3.1815844880594883,R0_residual_level,8
20210129,0.0537048526574976,3.512654810791676,R0_residual_level,9
20210129,0.0876392053715693,3.8763778427561593,R0_residual_level,10
20210226,-0.0099096157671476,1.648398935609479,R0_residual_level,1
20210226,-0.0112574960040252,1.6480242632270925,R0_residual_level,2
20210226,-0.0203076050399043,2.114527935348761,R0_residual_level,3
20210226,-0.0004262845534883,2.101325424084294,R0_residual_level,4
20210226,-0.0246491556605346,2.3343205234820252,R0_residual_level,5
20210226,-0.0020689908310187,2.4876086479172907,R0_residual_level,6
20210226,-0.0242570420902431,2.8840580088791823,R0_residual_level,7
20210226,-0.0176658580908627,3.125379067989339,R0_residual_level,8
20210226,-0.0043527779155256,3.497365004506397,R0_residual_level,9
20210226,0.023319652798122,3.9667736281635664,R0_residual_level,10
20210331,0.0262693013272561,1.6917012239565328,R0_residual_level,1
20210331,0.0386904184867384,1.7117870116476477,R0_residual_level,2
20210331,0.0350550877099362,2.1886528975875224,R0_residual_level,3
20210331,0.0198678945891646,2.1430743361075324,R0_residual_level,4
20210331,0.009974690567577,2.357604648389303,R0_residual_level,5
20210331,0.0138471832019824,2.5220550205998373,R0_residual_level,6
20210331,0.0447450324679048,3.0131052781258023,R0_residual_level,7
20210331,-0.0135939508391973,3.082892818585236,R0_residual_level,8
20210331,0.0092963043905336,3.529877574153089,R0_residual_level,9
20210331,-0.0144839402136286,3.9093191160922465,R0_residual_level,10
20210430,0.0611216870627218,1.7951008567708275,R0_residual_level,1
20210430,0.0582228100936381,1.811452061747565,R0_residual_level,2
20210430,0.0608527595203423,2.3218384660379163,R0_residual_level,3
20210430,0.0545264741773285,2.2599286235553953,R0_residual_level,4
20210430,0.0618242216138531,2.5033617206491736,R0_residual_level,5
20210430,0.0640481171509868,2.68358789602045,R0_residual_level,6
20210430,0.0363744579845131,3.122705349467904,R0_residual_level,7
20210430,0.0570137519827433,3.258660105133435,R0_residual_level,8
20210430,0.0395587264361767,3.669515035462206,R0_residual_level,9
20210430,0.015107904060839,3.968380734241372,R0_residual_level,10
20210531,0.0698901898135953,1.920560796385088,R0_residual_level,1
20210531,0.0356236056260668,1.8759825156057857,R0_residual_level,2
20210531,0.0527761280802012,2.4443761103030717,R0_residual_level,3
20210531,0.0388483532125538,2.3477231289584357,R0_residual_level,4
20210531,0.0344537801768296,2.58961199507551,R0_residual_level,5
20210531,0.039859123316349,2.7905533568981906,R0_residual_level,6
20210531,0.0582339167317667,3.3045527127666605,R0_residual_level,7
20210531,0.0089246004847625,3.287742344687385,R0_residual_level,8
20210531,0.0109943041957587,3.709858800012988,R0_residual_level,9
20210531,-0.0038688093881261,3.95302782560108,R0_residual_level,10
20210630,0.044036137961388,2.005134876577935,R0_residual_level,1
20210630,-0.0061884535650152,1.8643730849191784,R0_residual_level,2
20210630,0.0024108793191401,2.450269206115602,R0_residual_level,3
20210630,0.0264746934447535,2.4098783790907676,R0_residual_level,4
20210630,0.0164642371850833,2.6322479811797703,R0_residual_level,5
20210630,-0.0313787288804778,2.702989339685575,R0_residual_level,6
20210630,-0.0153237361636057,3.2539146188574968,R0_residual_level,7
20210630,0.0012480465484809,3.291845600172967,R0_residual_level,8
20210630,-0.0057653276110877,3.688470248640036,R0_residual_level,9
20210630,-0.042956425520259,3.783219880231136,R0_residual_level,10
20210730,0.0480784060400136,2.101538565339042,R0_residual_level,1
20210730,0.0281289253646381,1.9168158962767103,R0_residual_level,2
20210730,0.0383682177171365,2.5442816684814407,R0_residual_level,3
20210730,0.0559694428837487,2.544757929386069,R0_residual_level,4
20210730,0.0465314304631987,2.754730245077932,R0_residual_level,5
20210730,0.0602478671149999,2.865838682236213,R0_residual_level,6
20210730,0.0479676619565445,3.409997295330312,R0_residual_level,7
20210730,0.0579974052183418,3.4827641033624137,R0_residual_level,8
20210730,0.0730768110986923,3.958011892243051,R0_residual_level,9
20210730,0.0503744205516796,3.973797389517374,R0_residual_level,10
20210831,-0.0188258321534841,2.0619753530438953,R0_residual_level,1
20210831,-0.0261137395325488,1.8667606652294912,R0_residual_level,2
20210831,-0.0328596143727564,2.460677553999467,R0_residual_level,3
20210831,-0.0313779985893786,2.464908518667483,R0_residual_level,4
20210831,-0.0357792621587486,2.656168029462655,R0_residual_level,5
20210831,-0.0167956732472365,2.8177049921500825,R0_residual_level,6
20210831,-0.0112352003011579,3.3716852926908687,R0_residual_level,7
20210831,0.000580093597194,3.484784432519312,R0_residual_level,8
20210831,0.0096362591913568,3.996152320719178,R0_residual_level,9
20210831,0.0150295956266861,4.033521957384202,R0_residual_level,10
20210930,-0.0293001553735552,2.001559154823268,R0_residual_level,1
20210930,-0.0022236673636121,1.8626096104625456,R0_residual_level,2
20210930,-0.0061421098494427,2.445563802158744,R0_residual_level,3
20210930,0.0015683386368787,2.468774329933681,R0_residual_level,4
20210930,-0.0167088287859883,2.6117865726315475,R0_residual_level,5
20210930,-0.0130208255512535,2.7810161469924,R0_residual_level,6
20210930,0.0107440371295601,3.4079108046647315,R0_residual_level,7
20210930,-0.0275307623428197,3.388845660491665,R0_residual_level,8
20210930,-0.0323740704540509,3.866780603943096,R0_residual_level,9
20210930,-0.0458912848278615,3.8484184523784495,R0_residual_level,10
20211029,0.088284545610864,2.1782658953201053,R0_residual_level,1
20211029,0.0957938591521456,2.0410361731426274,R0_residual_level,2
20211029,0.0701475354956437,2.617114075777536,R0_residual_level,3
20211029,0.111388892760277,2.743768369019989,R0_residual_level,4
20211029,0.1159261306250554,2.914560884015198,R0_residual_level,5
20211029,0.1024701577055446,3.0659873101563777,R0_residual_level,6
20211029,0.1080549463700006,3.7761524238965247,R0_residual_level,7
20211029,0.0976761476244749,3.7198550495024096,R0_residual_level,8
20211029,0.0905783862808748,4.217027351150448,R0_residual_level,9
20211029,0.0703596235442551,4.119191725928562,R0_residual_level,10
20211130,0.0110992510591485,2.2024430153658443,R0_residual_level,1
20211130,-0.0025429597504517,2.0358459003051097,R0_residual_level,2
20211130,0.0165062435284191,2.660312798053974,R0_residual_level,3
20211130,0.0049252981490746,2.7572822462894124,R0_residual_level,4
20211130,-0.0008339846669925,2.9121301849269132,R0_residual_level,5
20211130,0.0208449880448149,3.129897778982142,R0_residual_level,6
20211130,-0.0111832657875584,3.733922707685757,R0_residual_level,7
20211130,0.0124289979707412,3.7660891203641262,R0_residual_level,8
20211130,0.0401555563968658,4.386364430776696,R0_residual_level,9
20211130,0.067275392751442,4.396311967108897,R0_residual_level,10
20211231,-0.121197753724242,1.9355118691978577,R0_residual_level,1
20211231,-0.1079315588667083,1.816113878672782,R0_residual_level,2
20211231,-0.122581612385533,2.334207365818649,R0_residual_level,3
20211231,-0.11003406264082,2.453887278882782,R0_residual_level,4
20211231,-0.1011474206886554,2.6175757280119787,R0_residual_level,5
20211231,-0.0993931061110392,2.818807516919064,R0_residual_level,6
20211231,-0.1072841829087384,3.333331860947306,R0_residual_level,7
20211231,-0.0756289658515985,3.4812636948860316,R0_residual_level,8
20211231,-0.079229553322319,4.03883473621735,R0_residual_level,9
20211231,-0.0522721230496052,4.166507406999728,R0_residual_level,10
20220128,0.0151033409555609,1.964744564881888,R0_residual_level,1
20220128,0.0223580352094252,1.856718616716474,R0_residual_level,2
20220128,0.0168439929561181,2.373524738246618,R0_residual_level,3
20220128,0.0188094456727676,2.5000435383420236,R0_residual_level,4
20220128,0.0257737931974082,2.685040583504315,R0_residual_level,5
20220128,0.0152603548190688,2.8618235197939073,R0_residual_level,6
20220128,0.0154671743456278,3.3848890859924143,R0_residual_level,7
20220128,0.0431043358358487,3.631321254323547,R0_residual_level,8
20220128,0.0278188515384525,4.1511904801325255,R0_residual_level,9
20220128,0.0331661947969255,4.304694603283115,R0_residual_level,10
20220228,-0.0978577279984802,1.7724791256651835,R0_residual_level,1
20220228,-0.1123188549529752,1.6481741077170076,R0_residual_level,2
20220228,-0.1170718144304888,2.095651890544435,R0_residual_level,3
20220228,-0.1247878415255576,2.188068501472405,R0_residual_level,4
20220228,-0.1075168347405579,2.39635351881599,R0_residual_level,5
20220228,-0.1181550192070339,2.5236847068455166,R0_residual_level,6
20220228,-0.1148789740284229,2.9960365005935996,R0_residual_level,7
20220228,-0.1217826612444451,3.1890892881385087,R0_residual_level,8
20220228,-0.0831039093183884,3.806210322908235,R0_residual_level,9
20220228,-0.0630674575014595,4.033208459333794,R0_residual_level,10
20220331,-0.1305865411797327,1.5410172073312904,R0_residual_level,1
20220331,-0.1296584465005346,1.4344744133480156,R0_residual_level,2
20220331,-0.1218099589218356,1.84038061984275,R0_residual_level,3
20220331,-0.1388933728018835,1.8841602873813392,R0_residual_level,4
20220331,-0.1570756875912697,2.0199446421362097,R0_residual_level,5
20220331,-0.1462762280999372,2.1545296270146586,R0_residual_level,6
20220331,-0.1322618620486906,2.599775134259247,R0_residual_level,7
20220331,-0.1334757030080696,2.763423353448717,R0_residual_level,8
20220331,-0.1144816065360346,3.3704692503276608,R0_residual_level,9
20220331,-0.1150190486797025,3.569312659214292,R0_residual_level,10
20220429,0.1134433424751173,1.715835350142623,R0_residual_level,1
20220429,0.1248029173407752,1.613501004984545,R0_residual_level,2
20220429,0.1075504629221422,2.0383144074597768,R0_residual_level,3
20220429,0.1144722028888516,2.099844266073573,R0_residual_level,4
20220429,0.1217705954710774,2.2659145040277484,R0_residual_level,5
20220429,0.1104639865269851,2.392527558705196,R0_residual_level,6
20220429,0.1065319187503355,2.876734167631296,R0_residual_level,7
20220429,0.104438266669451,3.0520304985567823,R0_residual_level,8
20220429,0.1205322341865846,3.776719439326837,R0_residual_level,9
20220429,0.0817666858598207,3.861163526155748,R0_residual_level,10
20220531,0.1311236027925411,1.940821863052125,R0_residual_level,1
20220531,0.1207941596406141,1.8084025029609392,R0_residual_level,2
20220531,0.1169682799982418,2.2767325377959824,R0_residual_level,3
20220531,0.132794642254318,2.378692334176594,R0_residual_level,4
20220531,0.1063889918064309,2.5069828636308293,R0_residual_level,5
20220531,0.1161574323101932,2.670437416655767,R0_residual_level,6
20220531,0.0901020856351522,3.1359339159527795,R0_residual_level,7
20220531,0.1072968923713317,3.3795038864744513,R0_residual_level,8
20220531,0.1084533020891638,4.186317133586168,R0_residual_level,9
20220531,0.0937437817540003,4.223123597068199,R0_residual_level,10
20220630,0.0055689283067414,1.9516301608636188,R0_residual_level,1
20220630,0.0022819282647492,1.812529147746489,R0_residual_level,2
20220630,0.0046161567888924,2.287242292156822,R0_residual_level,3
20220630,0.0262250802417747,2.4410737315108695,R0_residual_level,4
20220630,0.0023561883263996,2.5128897873886,R0_residual_level,5
20220630,0.0427957095417155,2.7847206806882965,R0_residual_level,6
20220630,0.0141496974664783,3.18030643213838,R0_residual_level,7
20220630,0.0139460521166163,3.426634623803532,R0_residual_level,8
20220630,-0.0167664487013015,4.1161274621185155,R0_residual_level,9
20220630,-0.0074930125613883,4.191479678907071,R0_residual_level,10
20220729,-0.0329122401290344,1.8873976403662092,R0_residual_level,1
20220729,-0.038154840160799,1.7433723878274328,R0_residual_level,2
20220729,-0.031217210242414,2.215840968647221,R0_residual_level,3
20220729,-0.0222806823404529,2.3866849431294517,R0_residual_level,4
20220729,-0.0459736051849535,2.397363184429895,R0_residual_level,5
20220729,-0.043807607673805,2.662728729627572,R0_residual_level,6
20220729,-0.0473786619895807,3.0296277686668063,R0_residual_level,7
20220729,-0.0214513075414242,3.35312883065623,R0_residual_level,8
20220729,-0.0445216489679097,3.932870680142902,R0_residual_level,9
20220729,-0.0118254153648872,4.141913690710511,R0_residual_level,10
20220831,-0.0656854170391852,1.7634231392399804,R0_residual_level,1
20220831,-0.0786138846505007,1.6063191120278988,R0_residual_level,2
20220831,-0.0807322012974525,2.0369512495232516,R0_residual_level,3
20220831,-0.0839614617168983,2.1862953866465906,R0_residual_level,4
20220831,-0.0778861725393896,2.2106417418078075,R0_residual_level,5
20220831,-0.0833928343764091,2.440676233688434,R0_residual_level,6
20220831,-0.0759763125893118,2.799447822285318,R0_residual_level,7
20220831,-0.0872879408557454,3.060441119604214,R0_residual_level,8
20220831,-0.0786561907225412,3.623526053838491,R0_residual_level,9
20220831,-0.093072458462735,3.756415600775623,R0_residual_level,10
20220930,0.0563358006768563,1.8627669937211604,R0_residual_level,1
20220930,0.0191665239162519,1.637106665705714,R0_residual_level,2
20220930,0.0418730134406866,2.122244536572562,R0_residual_level,3
20220930,0.0320766248484361,2.2564243635719197,R0_residual_level,4
20220930,0.0298959930370106,2.2767310719282188,R0_residual_level,5
20220930,0.0433647627415616,2.546515579491301,R0_residual_level,6
20220930,0.0211731846365725,2.858721047907016,R0_residual_level,7
20220930,0.024146232137393,3.1343392413210003,R0_residual_level,8
20220930,0.016116049916212,3.681922980594847,R0_residual_level,9
20220930,0.0035116315795185,3.769606748425103,R0_residual_level,10
20221031,0.0328747005098299,1.92400490075934,R0_residual_level,1
20221031,0.0487150426051365,1.7168583866747211,R0_residual_level,2
20221031,0.0652262000890822,2.260670483353006,R0_residual_level,3
20221031,0.0379203333530875,2.341988727624595,R0_residual_level,4
20221031,0.0672098397329254,2.429749802387486,R0_residual_level,5
20221031,0.0560085313638138,2.68914217719368,R0_residual_level,6
20221031,0.0656584499690695,3.0464202408065444,R0_residual_level,7
20221031,0.0686464379343265,3.3495004655154665,R0_residual_level,8
20221031,0.0985342964368576,4.044718671022458,R0_residual_level,9
20221031,0.1072968846666178,4.174073808949375,R0_residual_level,10
20221130,-0.0437185595959853,1.8398901778425247,R0_residual_level,1
20221130,-0.0335501512570476,1.6592575281148534,R0_residual_level,2
20221130,-0.033556798968248,2.184809618409677,R0_residual_level,3
20221130,-0.0345326400562739,2.261113673877684,R0_residual_level,4
20221130,-0.0400348631976014,2.332475101444504,R0_residual_level,5
20221130,-0.0378114663685388,2.587461768200502,R0_residual_level,6
20221130,-0.054030517681073,2.8818205781216677,R0_residual_level,7
20221130,-0.0269748720241775,3.2591481191132634,R0_residual_level,8
20221130,-0.053766578449224,3.827247987291887,R0_residual_level,9
20221130,-0.0455018981857962,3.984145527474562,R0_residual_level,10
20221230,0.0686353946402025,1.9661717662933784,R0_residual_level,1
20221230,0.0750221885898774,1.7837386593082596,R0_residual_level,2
20221230,0.0829980698428058,2.3661445997116775,R0_residual_level,3
20221230,0.0807800036690309,2.4437664447496195,R0_residual_level,4
20221230,0.1043715105998686,2.575919051218849,R0_residual_level,5
20221230,0.0960299471039412,2.8359355849342665,R0_residual_level,6
20221230,0.1090057676034048,3.195955642335108,R0_residual_level,7
20221230,0.091428458841843,3.5571270087810807,R0_residual_level,8
20221230,0.1041994402208126,4.226045085153934,R0_residual_level,9
20221230,0.0924575372314953,4.352509810916737,R0_residual_level,10
20230131,0.0058927136149111,1.9777578534298696,R0_residual_level,1
20230131,0.014948343695182,1.8104025978499827,R0_residual_level,2
20230131,0.0162055361238142,2.404489241496473,R0_residual_level,3
20230131,0.0203018446022198,2.4933794113550456,R0_residual_level,4
20230131,0.0307367956945623,2.6550945488218933,R0_residual_level,5
20230131,0.0294071872590331,2.9193324737349844,R0_residual_level,6
20230131,0.0282476395967952,3.2862338454871343,R0_residual_level,7
20230131,0.0282403316650901,3.657581455283908,R0_residual_level,8
20230131,0.0410787855466785,4.399645884917567,R0_residual_level,9
20230131,0.0388784227977552,4.521728527576935,R0_residual_level,10
20230228,0.0035849999447314,1.984848115225108,R0_residual_level,1
20230228,-0.0177350555712842,1.7782950071707158,R0_residual_level,2
20230228,-0.0233155599090071,2.3484272285357988,R0_residual_level,3
20230228,-0.0213451837934117,2.4401577695529633,R0_residual_level,4
20230228,-0.0241220818453131,2.5910481408081667,R0_residual_level,5
20230228,0.0009864969819646,2.9222123864096754,R0_residual_level,6
20230228,-0.0177373132037625,3.227944886508924,R0_residual_level,7
20230228,-0.0162925023460686,3.597990300842758,R0_residual_level,8
20230228,-0.0118390168715775,4.347558403057062,R0_residual_level,9
20230228,-0.010924274375102,4.472331924491959,R0_residual_level,10
20230331,-0.0263203775139694,1.932606163524492,R0_residual_level,1
20230331,-0.024855804233998,1.7340940546021844,R0_residual_level,2
20230331,-0.0184263428962966,2.3051543031557986,R0_residual_level,3
20230331,-0.0553109364860802,2.305190358145204,R0_residual_level,4
20230331,-0.0164470337477092,2.5484330845943552,R0_residual_level,5
20230331,-0.0228035217523533,2.855575652691186,R0_residual_level,6
20230331,-0.0396174530179442,3.1000619316231433,R0_residual_level,7
20230331,-0.0469705612304299,3.42899067711053,R0_residual_level,8
20230331,-0.0368445162340034,4.187374716897348,R0_residual_level,9
20230331,-0.0541051548404426,4.230355713219467,R0_residual_level,10
20230428,-0.0130769668467909,1.9073335367961783,R0_residual_level,1
20230428,-0.0135650316221657,1.7105710139156962,R0_residual_level,2
20230428,-0.0203024482718026,2.2583540271574547,R0_residual_level,3
20230428,-0.0177992602704327,2.2641596749876856,R0_residual_level,4
20230428,-0.0150177953824905,2.5101612379839477,R0_residual_level,5
20230428,-0.0298782958108047,2.770255918629947,R0_residual_level,6
20230428,-0.0128392604982849,3.060259428922217,R0_residual_level,7
20230428,-0.009959678471673,3.394839032484145,R0_residual_level,8
20230428,0.0018424899864988,4.19508991288295,R0_residual_level,9
20230428,-0.0250406661726182,4.12442478801331,R0_residual_level,10
20230531,0.010733856532386,1.927806581339557,R0_residual_level,1
20230531,0.0203779937831547,1.7454290194029152,R0_residual_level,2
20230531,0.0371559998868027,2.3422654291348777,R0_residual_level,3
20230531,0.0324476656310033,2.337626371056887,R0_residual_level,4
20230531,0.0331331798808145,2.5933308618119177,R0_residual_level,5
20230531,0.0386495582296095,2.8773250860679553,R0_residual_level,6
20230531,0.0481276584259293,3.207542549412115,R0_residual_level,7
20230531,0.0224356656695139,3.4710045060187755,R0_residual_level,8
20230531,0.0386548373977413,4.357250431334346,R0_residual_level,9
20230531,0.044615227822774,4.308436939568421,R0_residual_level,10
20230630,-0.0047436016429386,1.9186618348730469,R0_residual_level,1
20230630,-0.0323354068112518,1.6889898620003576,R0_residual_level,2
20230630,-0.0246558155095063,2.2845149648398335,R0_residual_level,3
20230630,-0.0221035572232166,2.285956512797731,R0_residual_level,4
20230630,-0.0160509962701058,2.551705317821824,R0_residual_level,5
20230630,-0.0233322347356229,2.8101906617491212,R0_residual_level,6
20230630,-0.0165318353919695,3.154515983972495,R0_residual_level,7
20230630,-0.0092070231519372,3.4390468871713824,R0_residual_level,8
20230630,-0.0061352252267701,4.330517718568668,R0_residual_level,9
20230630,0.0017883127037086,4.316141772080578,R0_residual_level,10
20230731,-0.0525595876627671,1.8178177599678311,R0_residual_level,1
20230731,-0.0517531191102551,1.6015793684962396,R0_residual_level,2
20230731,-0.0480810638282401,2.1746730549987996,R0_residual_level,3
20230731,-0.0528737700355036,2.165089373828902,R0_residual_level,4
20230731,-0.0465472368297446,2.432930486073453,R0_residual_level,5
20230731,-0.0557222192974108,2.653600601427601,R0_residual_level,6
20230731,-0.0506005422946633,2.9948957645063037,R0_residual_level,7
20230731,-0.0554553486269366,3.248333343098912,R0_residual_level,8
20230731,-0.0485220598539591,4.120392078629648,R0_residual_level,9
20230731,-0.0628373268735108,4.044926960715936,R0_residual_level,10
20230831,-0.0097448930570894,1.8001033202996668,R0_residual_level,1
20230831,-0.0193516424950656,1.5705861771296274,R0_residual_level,2
20230831,-0.0084777180337224,2.156236790022986,R0_residual_level,3
20230831,-0.004428082946623,2.1555021784947357,R0_residual_level,4
20230831,-0.00911899794368,2.4107445979738324,R0_residual_level,5
20230831,-0.0106553895735904,2.625325453246675,R0_residual_level,6
20230831,-0.0056638330186681,2.9779331749878235,R0_residual_level,7
20230831,0.0039221619090568,3.261073832405134,R0_residual_level,8
20230831,-0.0071862031441074,4.090782104119245,R0_residual_level,9
20230831,-0.0076225919578308,4.01409413299517,R0_residual_level,10
20230928,-0.009335602938012,1.783298270453952,R0_residual_level,1
20230928,-0.025846602685733,1.5299918602256537,R0_residual_level,2
20230928,-0.0117619566286635,2.130875226417607,R0_residual_level,3
20230928,-0.0076846076304236,2.13893799000648,R0_residual_level,4
20230928,-0.0244997606147527,2.351681932420165,R0_residual_level,5
20230928,-0.0341212999342863,2.5357459360313293,R0_residual_level,6
20230928,-0.023546789309336,2.907812409939103,R0_residual_level,7
20230928,-0.0191904681742788,3.1984922988103897,R0_residual_level,8
20230928,-0.0257308407492428,3.9855228412583,R0_residual_level,9
20230928,-0.0264665181487331,3.9078550377735297,R0_residual_level,10
20231031,0.0274712986739913,1.8322877898664045,R0_residual_level,1
20231031,0.0250997394944916,1.56839425734601,R0_residual_level,2
20231031,0.018132784554085,2.1695139278098745,R0_residual_level,3
20231031,0.0379392987145315,2.2200877973411957,R0_residual_level,4
20231031,0.0222564320112281,2.404021981461108,R0_residual_level,5
20231031,0.0252555072672102,2.5997874859465675,R0_residual_level,6
20231031,0.0316871864925965,2.9999528040583296,R0_residual_level,7
20231031,0.0236542244568833,3.274150153570063,R0_residual_level,8
20231031,0.0191795130438925,4.0619632285789455,R0_residual_level,9
20231031,0.0089449768006648,3.9428107104267753,R0_residual_level,10
20231130,-0.0277149178853598,1.7815060842279096,R0_residual_level,1
20231130,-0.0329424935193252,1.5167274396876422,R0_residual_level,2
20231130,-0.0257935234464792,2.1135545194454473,R0_residual_level,3
20231130,-0.016652098046469,2.1831186776681006,R0_residual_level,4
20231130,-0.0263205168862892,2.3407468803030507,R0_residual_level,5
20231130,-0.0296418487884451,2.5227249784060475,R0_residual_level,6
20231130,-0.0237778700303944,2.9286203161861133,R0_residual_level,7
20231130,-0.0138551653450064,3.228786261827972,R0_residual_level,8
20231130,-0.0148301101133433,4.001723866622768,R0_residual_level,9
20231130,-0.0011489403953141,3.938280655930489,R0_residual_level,10
20231229,-0.2103777166763217,1.406716901983067,R0_residual_level,1
20231229,-0.2069712496874445,1.2028084660602527,R0_residual_level,2
20231229,-0.2224369033703758,1.6434219970355393,R0_residual_level,3
20231229,-0.213768630674121,1.716436387343893,R0_residual_level,4
20231229,-0.2104425265254533,1.8481541928555036,R0_residual_level,5
20231229,-0.1956144452323525,2.02924353128135,R0_residual_level,6
20231229,-0.2046873093813943,2.3291689034662895,R0_residual_level,7
20231229,-0.2010844774963597,2.57952746342087,R0_residual_level,8
20231229,-0.1904940813838861,3.239419154698491,R0_residual_level,9
20231229,-0.1582008540384665,3.3152412927191133,R0_residual_level,10
20240131,0.1219666699466439,1.5782894780756012,R0_residual_level,1
20240131,0.1040036724501376,1.327904963784636,R0_residual_level,2
20240131,0.1043462956898688,1.8149069946814445,R0_residual_level,3
20240131,0.1108655936724807,1.9067301264278216,R0_residual_level,4
20240131,0.1106590276013292,2.0526691386942133,R0_residual_level,5
20240131,0.1214650822787033,2.2757257637719657,R0_residual_level,6
20240131,0.1149181881087433,2.596832773651864,R0_residual_level,7
20240131,0.10969425590836,2.8624868091160014,R0_residual_level,8
20240131,0.1230650759609799,3.6380785190409144,R0_residual_level,9
20240131,0.1147536324545028,3.6956772735217935,R0_residual_level,10
20240229,0.0149980184417193,1.6019606927741503,R0_residual_level,1
20240229,0.0368220462841131,1.3768011418220174,R0_residual_level,2
20240229,0.0268579413562832,1.863651660311707,R0_residual_level,3
20240229,0.0394228806666654,1.9818989206655215,R0_residual_level,4
20240229,0.0395463795394532,2.1338447715219373,R0_residual_level,5
20240229,0.0350014811312557,2.355379536152543,R0_residual_level,6
20240229,0.0091650255719695,2.620632812428512,R0_residual_level,7
20240229,0.0377247334458028,2.9704733609820293,R0_residual_level,8
20240229,0.0394658277384796,3.7816582991724466,R0_residual_level,9
20240229,0.0174779492474239,3.7602701333432655,R0_residual_level,10
20240329,0.0021837976672023,1.6054590507979805,R0_residual_level,1
20240329,0.0170314955664829,1.4002501243648875,R0_residual_level,2
20240329,0.0176200972206685,1.89648938375186,R0_residual_level,3
20240329,0.0107330947400599,2.003170829546247,R0_residual_level,4
20240329,0.0090641937810977,2.153186354029794,R0_residual_level,5
20240329,0.0212450118070686,2.4054196022082315,R0_residual_level,6
20240329,0.0096548071695652,2.645934516894745,R0_residual_level,7
20240329,-0.00280697494754,2.962135316675418,R0_residual_level,8
20240329,0.0213772668352021,3.862499817713412,R0_residual_level,9
20240329,0.0143317719614008,3.814161467407608,R0_residual_level,10
20240430,-0.0293820071477891,1.5582874414919514,R0_residual_level,1
20240430,-0.0271246790127572,1.3622687892039167,R0_residual_level,2
20240430,-0.0372073709557745,1.825925999736916,R0_residual_level,3
20240430,-0.0131040233995793,1.9769212321225185,R0_residual_level,4
20240430,-0.0132877562132037,2.1245753386758497,R0_residual_level,5
20240430,-0.0261154508201482,2.342600984884942,R0_residual_level,6
20240430,-0.0227123461845735,2.585839136165319,R0_residual_level,7
20240430,-0.0183408294390763,2.9078072980568095,R0_residual_level,8
20240430,-0.0069605795281609,3.8356145805547106,R0_residual_level,9
20240430,-0.0089368085016506,3.780075036779011,R0_residual_level,10
20240531,-0.09057763413837,1.4171414517340768,R0_residual_level,1
20240531,-0.0865171769114039,1.2444091393674774,R0_residual_level,2
20240531,-0.0779145733389432,1.683659754518931,R0_residual_level,3
20240531,-0.0913182235318663,1.7963922971426614,R0_residual_level,4
20240531,-0.0718003398584403,1.9720301073040627,R0_residual_level,5
20240531,-0.0829539287512206,2.148273029692257,R0_residual_level,6
20240531,-0.0806307572065803,2.3773409686019,R0_residual_level,7
20240531,-0.0737060330673665,2.6934843571927045,R0_residual_level,8
20240531,-0.0796108043227635,3.5302582187246307,R0_residual_level,9
20240531,-0.0873945800299823,3.4497169664578893,R0_residual_level,10
20240628,-0.0075326683554337,1.406466595165426,R0_residual_level,1
20240628,-0.0153084434774105,1.2253591723946973,R0_residual_level,2
20240628,-0.0115720036517261,1.6641764376913737,R0_residual_level,3
20240628,-0.028951502970949,1.7443840402149455,R0_residual_level,4
20240628,-0.029185305821932,1.9144758055323363,R0_residual_level,5
20240628,-0.0198543275949419,2.1056205131973686,R0_residual_level,6
20240628,-0.0320570613444348,2.3011304033347906,R0_residual_level,7
20240628,-0.0128630077511407,2.658838047028558,R0_residual_level,8
20240628,-0.0241997155139599,3.4448269741406756,R0_residual_level,9
20240628,-0.0121542952349844,3.407788087970425,R0_residual_level,10
20240731,-0.0413154340718999,1.348357817278539,R0_residual_level,1
20240731,-0.0614691911784799,1.1500373351644635,R0_residual_level,2
20240731,-0.0535507969896461,1.5750584631216102,R0_residual_level,3
20240731,-0.0650334705317267,1.6309406921396126,R0_residual_level,4
20240731,-0.0478675582320282,1.822834523427208,R0_residual_level,5
20240731,-0.0573093279335022,1.9849488167030311,R0_residual_level,6
20240731,-0.0597374395454947,2.1636667649792787,R0_residual_level,7
20240731,-0.0568399564102946,2.507709808333422,R0_residual_level,8
20240731,-0.054287529290244,3.257815828882191,R0_residual_level,9
20240731,-0.0489724067877189,3.2409005034799945,R0_residual_level,10
20240830,0.3799502995877635,1.860666773905023,R0_residual_level,1
20240830,0.3981544776176524,1.607929849587668,R0_residual_level,2
20240830,0.3953367898404769,2.1977370197431827,R0_residual_level,3
20240830,0.3757543100335139,2.243773686620114,R0_residual_level,4
20240830,0.4005097326976474,2.5528974911570828,R0_residual_level,5
20240830,0.4100528824379248,2.7988828004838573,R0_residual_level,6
20240830,0.3826795954719948,2.9916578873377486,R0_residual_level,7
20240830,0.3980650019606946,3.505941318104519,R0_residual_level,8
20240830,0.4158382142633805,4.6125401455635355,R0_residual_level,9
20240830,0.4248316538692751,4.617737624399167,R0_residual_level,10
20240930,-0.0776563404495995,1.7161742014473966,R0_residual_level,1
20240930,-0.0584218125708493,1.5139916732879832,R0_residual_level,2
20240930,-0.0946635964532776,1.989691329395785,R0_residual_level,3
20240930,-0.0897812883130331,2.0423247943524765,R0_residual_level,4
20240930,-0.1002856184449568,2.296878587429816,R0_residual_level,5
20240930,-0.0877549449024099,2.5532669945390936,R0_residual_level,6
20240930,-0.089799787166967,2.7230076457784405,R0_residual_level,7
20240930,-0.1010786291366341,3.1515655758370302,R0_residual_level,8
20240930,-0.099398812964252,4.154059130344562,R0_residual_level,9
20240930,-0.096223545671468,4.173402537198937,R0_residual_level,10
20241031,0.0438100097661349,1.791359809973196,R0_residual_level,1
20241031,0.0513268825621322,1.5917001461028817,R0_residual_level,2
20241031,0.0416837148074933,2.0726290553252613,R0_residual_level,3
20241031,0.0442447952061766,2.1326870366230986,R0_residual_level,4
20241031,0.0588168857191684,2.4319738328174805,R0_residual_level,5
20241031,0.0596697261603196,2.7056197369174235,R0_residual_level,6
20241031,0.0525205765207239,2.8660215772050632,R0_residual_level,7
20241031,0.053399473068997,3.319857516929118,R0_residual_level,8
20241031,0.0318479598910741,4.286357438912926,R0_residual_level,9
20241031,0.0477034421690696,4.372488203780455,R0_residual_level,10
20241129,-0.0425098387547475,1.7152093932995005,R0_residual_level,1
20241129,-0.0391984913356717,1.5293079017168805,R0_residual_level,2
20241129,-0.0349778175155707,2.0001330144506246,R0_residual_level,3
20241129,-0.0279499275232952,2.0730785885196115,R0_residual_level,4
20241129,-0.0347925583017906,2.347359241450749,R0_residual_level,5
20241129,-0.0245032562897603,2.639323243081102,R0_residual_level,6
20241129,-0.0403021753310245,2.750514673098045,R0_residual_level,7
20241129,-0.0275238121617854,3.2284823822292696,R0_residual_level,8
20241129,-0.0175588150171291,4.211094081545759,R0_residual_level,9
20241129,-0.0213670414105821,4.2790610672629965,R0_residual_level,10
20241231,0.0029916607676854,1.7203407179497998,R0_residual_level,1
20241231,0.0016668890982558,1.5318570883861289,R0_residual_level,2
20241231,0.0102653695044512,2.0206651189020124,R0_residual_level,3
20241231,0.0186283776587277,2.111696679382777,R0_residual_level,4
20241231,0.0190726023969334,2.3921294909457065,R0_residual_level,5
20241231,0.0034446497547824,2.648414787243173,R0_residual_level,6
20241231,0.0024693715226051,2.757306715704301,R0_residual_level,7
20241231,0.0045464831091819,3.2431606228483663,R0_residual_level,8
20241231,0.0042549261292164,4.229011975785916,R0_residual_level,9
20241231,-0.0066836550391368,4.25046129919801,R0_residual_level,10
20250127,0.0780865582021035,1.8546762035494355,R0_residual_level,1
20250127,0.0918894353290273,1.6726185712426984,R0_residual_level,2
20250127,0.0632682887836788,2.148509143179812,R0_residual_level,3
20250127,0.0590118981440488,2.2363119087376395,R0_residual_level,4
20250127,0.0569899978434964,2.5284569454760666,R0_residual_level,5
20250127,0.0657570214479095,2.822566655210883,R0_residual_level,6
20250127,0.0630674220381832,2.9312029420323413,R0_residual_level,7
20250127,0.0682930370944452,3.464645911567794,R0_residual_level,8
20250127,0.0515127207691796,4.446859888824092,R0_residual_level,9
20250127,0.0491995528604716,4.459582094569291,R0_residual_level,10
20250228,-0.0032522377152786,1.8486443556506225,R0_residual_level,1
20250228,0.0147869084234193,1.6973514288829747,R0_residual_level,2
20250228,-0.0132412965851318,2.1200600963991003,R0_residual_level,3
20250228,0.0008097754735765,2.2381228192726024,R0_residual_level,4
20250228,0.0140395382086513,2.563955313371008,R0_residual_level,5
20250228,0.01240884137011,2.8575914370919566,R0_residual_level,6
20250228,0.0033281768051747,2.9409585036752732,R0_residual_level,7
20250228,0.0032292003065355,3.4758339472074655,R0_residual_level,8
20250228,0.0154905991102991,4.515744412661536,R0_residual_level,9
20250228,0.0183825014575025,4.541560368922563,R0_residual_level,10
20250331,-0.0243504201128996,1.8036290889511888,R0_residual_level,1
20250331,3.8361737016323616e-05,1.697416542232114,R0_residual_level,2
20250331,-0.0420958887494208,2.0308142824389974,R0_residual_level,3
20250331,-0.0232550937318227,2.1860750633270865,R0_residual_level,4
20250331,-0.0263726037102386,2.4963371359607134,R0_residual_level,5
20250331,-0.0035252372819208,2.847517749221422,R0_residual_level,6
20250331,-0.0350272136771604,2.8379449217513772,R0_residual_level,7
20250331,-0.0392560047881158,3.3393865931331934,R0_residual_level,8
20250331,-0.0610046698217487,4.240262915767712,R0_residual_level,9
20250331,-0.0568371911508136,4.283430834111152,R0_residual_level,10
20250430,0.013213826518422,1.8274619308361697,R0_residual_level,1
20250430,0.0099167792929013,1.7142494474495495,R0_residual_level,2
20250430,-0.0002798846212938,2.030245888752639,R0_residual_level,3
20250430,0.012751708879706,2.2139512561238184,R0_residual_level,4
20250430,0.000530775329844,2.497662130127454,R0_residual_level,5
20250430,-0.0025499420762642,2.840256743899773,R0_residual_level,6
20250430,0.0222070505206744,2.900967308003602,R0_residual_level,7
20250430,0.0073001617210306,3.363764655312107,R0_residual_level,8
20250430,0.0148563607540308,4.3032577913362955,R0_residual_level,9
20250430,0.0325172036097509,4.422716026692229,R0_residual_level,10
20250530,0.0420762113244046,1.9043546052253368,R0_residual_level,1
20250530,0.0548218364208303,1.808227750242128,R0_residual_level,2
20250530,0.054701156982059,2.141302687825477,R0_residual_level,3
20250530,0.050915089031672,2.326674781441145,R0_residual_level,4
20250530,0.0485103765578081,2.6188246605741146,R0_residual_level,5
20250530,0.0540823242433949,2.9938644300578496,R0_residual_level,6
20250530,0.0619823905146175,3.080776196558419,R0_residual_level,7
20250530,0.0569228643685684,3.555239774554223,R0_residual_level,8
20250530,0.0701126224845396,4.604970480313911,R0_residual_level,9
20250530,0.0657836583901538,4.713658466948809,R0_residual_level,10
20250630,0.0716171597523251,2.0407390732128357,R0_residual_level,1
20250630,0.0517792043706937,1.9018563444706744,R0_residual_level,2
20250630,0.0473921170064266,2.242783555353078,R0_residual_level,3
20250630,0.0504464410507852,2.4440472436474643,R0_residual_level,4
20250630,0.0513729716795547,2.7533614656955083,R0_residual_level,5
20250630,0.0653674156250632,3.1895656105825343,R0_residual_level,6
20250630,0.0603298400949452,3.266638931865102,R0_residual_level,7
20250630,0.0598998534186399,3.768198115918139,R0_residual_level,8
20250630,0.0723346495878591,4.938069406369854,R0_residual_level,9
20250630,0.067705042522735,5.032796913891228,R0_residual_level,10
20250731,0.0991123162826754,2.24300144968752,R0_residual_level,1
20250731,0.145012540612526,2.1776493648624187,R0_residual_level,2
20250731,0.1121535352924996,2.494319659981807,R0_residual_level,3
20250731,0.1517812300120453,2.8150077404958256,R0_residual_level,4
20250731,0.1042182819228751,3.040312067162944,R0_residual_level,5
20250731,0.1056992633001567,3.5267003458686226,R0_residual_level,6
20250731,0.1317564104563116,3.697039551784487,R0_residual_level,7
20250731,0.1081910000982782,4.175883238647771,R0_residual_level,8
20250731,0.1002930617687951,5.4333235063615035,R0_residual_level,9
20250731,0.0992918144811783,5.532512451386762,R0_residual_level,10
20250829,0.0121692051927568,2.270296994576418,R0_residual_level,1
20250829,0.0050433646675607,2.188632044727502,R0_residual_level,2
20250829,0.0272785311693244,2.5623610365728795,R0_residual_level,3
20250829,0.0261255460423408,2.888551354829695,R0_residual_level,4
20250829,0.0354477516706923,3.148084294321145,R0_residual_level,5
20250829,0.0444731737817154,3.683543903226474,R0_residual_level,6
20250829,0.0618612923307506,3.9257431962557745,R0_residual_level,7
20250829,0.0368022943467412,4.329565322754109,R0_residual_level,8
20250829,0.0394000813500443,5.647396894513255,R0_residual_level,9
20250829,0.0537961374358402,5.8301402515870615,R0_residual_level,10
20250930,-0.0073501105947483,2.253610060583357,R0_residual_level,1
20250930,-0.0238858795527691,2.13635464332181,R0_residual_level,2
20250930,-0.0150091275745616,2.5239022328828713,R0_residual_level,3
20250930,-0.0126023729670935,2.852148753321528,R0_residual_level,4
20250930,-0.005969322935068,3.1292923625415265,R0_residual_level,5
20250930,-0.0089685434012062,3.6505078798601382,R0_residual_level,6
20250930,-0.0059539719670081,3.9023694313155946,R0_residual_level,7
20250930,-0.0011432179609804,4.324615685913899,R0_residual_level,8
20250930,0.0054474126738797,5.678160595930855,R0_residual_level,9
20250930,0.0145529675565334,5.914986093518448,R0_residual_level,10
20251031,-0.0227245723482395,2.20239773571691,R0_residual_level,1
20251031,-0.0248326105379061,2.083303380493352,R0_residual_level,2
20251031,-0.0411379566610994,2.4200740522096837,R0_residual_level,3
20251031,-0.0281862600520889,2.771757346853166,R0_residual_level,4
20251031,-0.0325290597826274,3.0274994242030937,R0_residual_level,5
20251031,-0.0109695820494971,3.610463334149677,R0_residual_level,6
20251031,-0.0392457948703468,3.7492178411058705,R0_residual_level,7
20251031,-0.0317614616709213,4.187259570564279,R0_residual_level,8
20251031,-0.0273599334079327,5.522806500146639,R0_residual_level,9
20251031,-0.0215653428534108,5.787427390438565,R0_residual_level,10
20251128,0.0399819976055182,2.2904539967127424,R0_residual_level,1
20251128,0.0368793791918757,2.160134315834283,R0_residual_level,2
20251128,0.0632951069045919,2.573252898061325,R0_residual_level,3
20251128,0.0475035885559946,2.9034257674351345,R0_residual_level,4
20251128,0.0445124951009709,3.1622609774911266,R0_residual_level,5
20251128,0.0431638518475332,3.766304838605864,R0_residual_level,6
20251128,0.0548731329528626,3.954949170170118,R0_residual_level,7
20251128,0.0515772603594562,4.403226947627898,R0_residual_level,8
20251128,0.0352032458996594,5.717227215427538,R0_residual_level,9
20251128,0.0313027187366656,5.968589602250339,R0_residual_level,10
20251231,0.0694919663067854,2.449622148679546,R0_residual_level,1
20251231,0.0796175063264004,2.3321188233910934,R0_residual_level,2
20251231,0.067828575140469,2.7477929756129074,R0_residual_level,3
20251231,0.0566188304548094,3.067814338699669,R0_residual_level,4
20251231,0.0894747426345712,3.4452034645954925,R0_residual_level,5
20251231,0.0877697666078392,4.096872535264277,R0_residual_level,6
20251231,0.0931343665852346,4.323290856010711,R0_residual_level,7
20251231,0.0679974592603613,4.702635192613351,R0_residual_level,8
20251231,0.082417067013774,6.188424313974402,R0_residual_level,9
20251231,0.0503867246111298,6.26932728285578,R0_residual_level,10
20260130,0.0233923407067879,2.5069245445843524,R0_residual_level,1
20260130,0.017555504079455,2.3730603449089096,R0_residual_level,2
20260130,0.0332264543413463,2.839092393456582,R0_residual_level,3
20260130,0.0660001217368229,3.270290458519818,R0_residual_level,4
20260130,0.0432831979390757,3.594322888093969,R0_residual_level,5
20260130,0.0462027735340682,4.286159409209036,R0_residual_level,6
20260130,0.0429472013092471,4.50896409872223,R0_residual_level,7
20260130,0.0386924712420109,4.884591769565211,R0_residual_level,8
20260130,0.0257497288426953,6.347774562022786,R0_residual_level,9
20260130,0.0339446922887971,6.482137668330081,R0_residual_level,10
20260227,-0.0819772800291684,2.3014136891809653,R0_residual_level,1
20260227,-0.0855705520880369,2.169996261056826,R0_residual_level,2
20260227,-0.0875218546710395,2.590609761598821,R0_residual_level,3
20260227,-0.0775855295198003,3.016563241612007,R0_residual_level,4
20260227,-0.0855631782053611,3.286781198292376,R0_residual_level,5
20260227,-0.0918506214526303,3.892473003828147,R0_residual_level,6
20260227,-0.0963094894822562,4.07470806828047,R0_residual_level,7
20260227,-0.0820507692106178,4.483807257592533,R0_residual_level,8
20260227,-0.0823855220893633,5.824809840624959,R0_residual_level,9
20260227,-0.0589097295689742,6.100276691259895,R0_residual_level,10
20260331,0.0735298240597568,2.4706362328351577,R0_residual_level,1
20260331,0.0839919170584193,2.3522584070325916,R0_residual_level,2
20260331,0.0954254710137547,2.8378199183122192,R0_residual_level,3
20260331,0.0749317739552464,3.242599676554183,R0_residual_level,4
20260331,0.0808427641299398,3.5524936754526477,R0_residual_level,5
20260331,0.0951883887870614,4.262991237459682,R0_residual_level,6
20260331,0.0613327049788368,4.324620936107203,R0_residual_level,7
20260331,0.0652578344102263,4.776410809135878,R0_residual_level,8
20260331,0.0603600508486743,6.17639565878894,R0_residual_level,9
20260331,0.067089477889987,6.509541069460979,R0_residual_level,10
20260430,0.0069192273846774,2.487731126714967,R0_residual_level,1
20260430,0.0109160062455722,2.3779356744949594,R0_residual_level,2
20260430,-0.0007441051562814,2.835708281878405,R0_residual_level,3
20260430,-0.0083513260092046,3.2155196695379376,R0_residual_level,4
20260430,-0.0078461175286836,3.524620392555141,R0_residual_level,5
20260430,-0.0266290049868933,4.149472022538285,R0_residual_level,6
20260430,-0.0321620144463559,4.18553241508511,R0_residual_level,7
20260430,0.0101389799652904,4.824838742635703,R0_residual_level,8
20260430,0.0160423538571508,6.275479583509002,R0_residual_level,9
20260430,-0.0317275174085395,6.303009491858052,R0_residual_level,10
20260529,-0.0220893010518513,2.4327788849208987,R0_residual_level,1
20260529,0.027432090610149,2.443167421382811,R0_residual_level,2
20260529,0.058303718704475,3.001040619872994,R0_residual_level,3
20260529,0.0318258722306625,3.3178563876958345,R0_residual_level,4
20260529,0.0227604908259713,3.6048424826649232,R0_residual_level,5
20260529,-0.0265190956547817,4.039431777055752,R0_residual_level,6
20260529,0.0034836501271733,4.200113345615209,R0_residual_level,7
20260529,-0.0121349775952951,4.766289432592907,R0_residual_level,8
20260529,-0.0241434541622609,6.123967829838348,R0_residual_level,9
20260529,-0.0500432980871153,5.987586109011082,R0_residual_level,10
20260630,-0.142545976621797,2.085996042864963,R0_residual_level,1
20260630,-0.1898527495473351,1.9793253688288115,R0_residual_level,2
20260630,-0.1525415595047939,2.543257203580334,R0_residual_level,3
20260630,-0.1374778859405261,2.8617245056611407,R0_residual_level,4
20260630,-0.0869541363000292,3.2913865180871418,R0_residual_level,5
20260630,-0.0756611713876083,3.733803637063385,R0_residual_level,6
20260630,-0.0599056005136415,3.94850303342077,R0_residual_level,7
20260630,-0.030127668266088,4.6226922457075865,R0_residual_level,8
20260630,-0.0075269359714094,6.077873116092183,R0_residual_level,9
20260630,0.01803237201853,6.095556489221753,R0_residual_level,10
20120427,0.0243592210361331,1.0243592210361332,R1_level_change,1
20120427,0.0086321038373304,1.0086321038373305,R1_level_change,2
20120427,0.0171356171537828,1.0171356171537829,R1_level_change,3
20120427,0.0175340349674739,1.017534034967474,R1_level_change,4
20120427,0.0166715441009062,1.0166715441009062,R1_level_change,5
20120427,0.0170317190523328,1.0170317190523328,R1_level_change,6
20120427,0.0277925596676249,1.027792559667625,R1_level_change,7
20120427,0.0166434418291514,1.0166434418291517,R1_level_change,8
20120427,0.0259576148422731,1.025957614842273,R1_level_change,9
20120427,0.0267200399782765,1.0267200399782763,R1_level_change,10
20120531,-0.0376678668664804,0.9857737942746924,R1_level_change,1
20120531,-0.0501811562509304,0.9580177786349648,R1_level_change,2
20120531,-0.0659568936484413,0.950048511427129,R1_level_change,3
20120531,-0.0405195796955882,0.976303983544636,R1_level_change,4
20120531,-0.0371951240993536,0.9788563198497916,R1_level_change,5
20120531,-0.0379149785185541,0.9784709832717754,R1_level_change,6
20120531,-0.0412038789697684,0.9854435194330516,R1_level_change,7
20120531,-0.0569561268104854,0.958739369035282,R1_level_change,8
20120531,-0.0378395333318885,0.987135857478344,R1_level_change,9
20120531,-0.037711781841885,0.9880005978179244,R1_level_change,10
20120629,-0.105929592928615,0.881351177527478,R1_level_change,1
20120629,-0.102892446913359,0.8594449852047125,R1_level_change,2
20120629,-0.1041092870185403,0.851139638269425,R1_level_change,3
20120629,-0.1033594031435113,0.8753937865188298,R1_level_change,4
20120629,-0.1010950601204657,0.879898781345279,R1_level_change,5
20120629,-0.0841288324405358,0.8961533618721779,R1_level_change,6
20120629,-0.0806922493240941,0.905925865268147,R1_level_change,7
20120629,-0.0753067253763889,0.8865398466638095,R1_level_change,8
20120629,-0.0901625332334395,0.898133187922533,R1_level_change,9
20120629,-0.0954212203293062,0.8937243750880538,R1_level_change,10
20120731,0.0136274369682107,0.8933617351460921,R1_level_change,1
20120731,0.0043505528690028,0.8631840460508449,R1_level_change,2
20120731,0.0123882362076808,0.8616837571540267,R1_level_change,3
20120731,0.0157484776057224,0.8891799059620101,R1_level_change,4
20120731,0.0271022883164118,0.903746051806558,R1_level_change,5
20120731,0.0017270244011464,0.8977010405953006,R1_level_change,6
20120731,-0.0029485884681376,0.9032546627088296,R1_level_change,7
20120731,0.0120530272848271,0.8972253356247349,R1_level_change,8
20120731,0.0170560701548392,0.9134518105841292,R1_level_change,9
20120731,0.0452122636203786,0.9341316771384932,R1_level_change,10
20120831,-0.0007864047387058,0.8926591912441947,R1_level_change,1
20120831,0.0114502716605813,0.8730677378712068,R1_level_change,2
20120831,0.0024605121559397,0.86380394051308,R1_level_change,3
20120831,0.0151593546435808,0.902659299498434,R1_level_change,4
20120831,0.0101062883027023,0.912879569958544,R1_level_change,5
20120831,0.0168778770895918,0.9128523284216667,R1_level_change,6
20120831,0.0208710110080228,0.9221065007172736,R1_level_change,7
20120831,0.0111738755283468,0.9072508198458848,R1_level_change,8
20120831,0.0297155753004585,0.940595556644882,R1_level_change,9
20120831,0.025053018577948,0.9575344954000936,R1_level_change,10
20120928,-0.0206326354541115,0.8742412795664912,R1_level_change,1
20120928,-0.0087035040797265,0.8654689892527672,R1_level_change,2
20120928,-0.0139643202033624,0.8517415056948291,R1_level_change,3
20120928,-0.0147460809554675,0.8893486123928245,R1_level_change,4
20120928,-0.0188974047749946,0.8956285152142144,R1_level_change,5
20120928,-0.0162431429308429,0.8980247375763609,R1_level_change,6
20120928,-0.0060345957970546,0.9165419607036084,R1_level_change,7
20120928,-0.0025432452451913,0.904943458512116,R1_level_change,8
20120928,-0.0065164403221021,0.9344662218327712,R1_level_change,9
20120928,-0.0150414565565768,0.9431317818861092,R1_level_change,10
20121031,-0.124437099017298,0.7654532308960664,R1_level_change,1
20121031,-0.1194988619095622,0.7620464300190423,R1_level_change,2
20121031,-0.1283876075443204,0.7423884515324728,R1_level_change,3
20121031,-0.1097727071309357,0.7917224076273228,R1_level_change,4
20121031,-0.1259965106254603,0.7827824474805614,R1_level_change,5
20121031,-0.1156608396359709,0.7941584424144066,R1_level_change,6
20121031,-0.1165700848937133,0.8097005865357382,R1_level_change,7
20121031,-0.1221205723202929,0.794431245441111,R1_level_change,8
20121031,-0.1072761227467968,0.8342203087167033,R1_level_change,9
20121031,-0.1181527232007759,0.8316981935190652,R1_level_change,10
20121130,0.151472539087214,0.8813983753324052,R1_level_change,1
20121130,0.1642459482363951,0.8872094685176797,R1_level_change,2
20121130,0.167205282279826,0.8665197221322428,R1_level_change,3
20121130,0.1728670452287024,0.9285851208752124,R1_level_change,4
20121130,0.1754290755216849,0.9201052485766782,R1_level_change,5
20121130,0.1811865728610546,0.9380492889041462,R1_level_change,6
20121130,0.1862894801341013,0.9605392878657576,R1_level_change,7
20121130,0.1974486111795494,0.951290591531098,R1_level_change,8
20121130,0.1988704669339729,1.000122091036997,R1_level_change,9
20121130,0.1982814874821215,0.9966085484662188,R1_level_change,10
20121231,0.0315607724436588,0.9092159888884818,R1_level_change,1
20121231,0.0424033294626551,0.924830103913622,R1_level_change,2
20121231,0.0583632882140119,0.9170926624181724,R1_level_change,3
20121231,0.0631528180217708,0.9872278880315688,R1_level_change,4
20121231,0.0487750774933235,0.9649834533780196,R1_level_change,5
20121231,0.0536992409441681,0.9884218236865154,R1_level_change,6
20121231,0.0525269900222442,1.010993525455456,R1_level_change,7
20121231,0.066636959528554,1.01468170417885,R1_level_change,8
20121231,0.0580701895983566,1.0581993704850203,R1_level_change,9
20121231,0.0527073471785204,1.049137141231309,R1_level_change,10
20130131,0.0528769540910725,0.957292560991807,R1_level_change,1
20130131,0.0388374887721578,0.960748182690521,R1_level_change,2
20130131,0.0446691920572737,0.9580584506900462,R1_level_change,3
20130131,0.0436831813867866,1.030353142934546,R1_level_change,4
20130131,0.0456871961840821,1.009070841726894,R1_level_change,5
20130131,0.0319234903613807,1.0199756982479502,R1_level_change,6
20130131,0.050184902006906,1.0617301364600549,R1_level_change,7
20130131,0.0507756835048271,1.066202861248374,R1_level_change,8
20130131,0.0525092116605601,1.1137645852088898,R1_level_change,9
20130131,0.0502351159783935,1.101840667198304,R1_level_change,10
20130228,-0.0408522481779423,0.9181850077112718,R1_level_change,1
20130228,-0.0178950697682561,0.9435555269315488,R1_level_change,2
20130228,-0.0278350565808983,0.931390839507281,R1_level_change,3
20130228,-0.023030247885872,1.0066238546427762,R1_level_change,4
20130228,-0.0368380963634935,0.9718985928217672,R1_level_change,5
20130228,-0.0495379358337504,0.9694482075561583,R1_level_change,6
20130228,-0.0477073527482535,1.0110778023165037,R1_level_change,7
20130228,-0.0541901812561359,1.008425134941514,R1_level_change,8
20130228,-0.0204899692730364,1.0909435830805634,R1_level_change,9
20130228,-0.0367356722274326,1.0613638096012514,R1_level_change,10
20130329,-0.0344680098312977,0.8865369978385295,R1_level_change,1
20130329,-0.0198797357880835,0.9247978923547636,R1_level_change,2
20130329,-0.023725245554622,0.9092933631326452,R1_level_change,3
20130329,-0.0338310213065294,0.9725687415686955,R1_level_change,4
20130329,-0.036533684711258,0.9363915560603014,R1_level_change,5
20130329,-0.014520471573619,0.9553713624162432,R1_level_change,6
20130329,-0.0343407491702516,0.9763566331155432,R1_level_change,7
20130329,-0.0280221913624931,0.9801668528354348,R1_level_change,8
20130329,-0.0101518572271326,1.079868479582273,R1_level_change,9
20130329,-0.018764794823013,1.0414475354815125,R1_level_change,10
20130426,0.1437115949781844,1.0139426438050758,R1_level_change,1
20130426,0.1557735407030529,1.068856934481586,R1_level_change,2
20130426,0.1307564029111889,1.0281892924868872,R1_level_change,3
20130426,0.1537298112027902,1.1220815505917865,R1_level_change,4
20130426,0.1413415115999741,1.0687425540433164,R1_level_change,5
20130426,0.1467828938270519,1.0956035356711926,R1_level_change,6
20130426,0.1747687648083018,1.146993275897539,R1_level_change,7
20130426,0.1422119952564016,1.1195583366613495,R1_level_change,8
20130426,0.1641576776851465,1.2571371813958891,R1_level_change,9
20130426,0.1791830823174369,1.228057314960988,R1_level_change,10
20130531,-0.139172057765576,0.8728301596104548,R1_level_change,1
20130531,-0.1477836018808548,0.9108974068085685,R1_level_change,2
20130531,-0.1476442650908646,0.8763830400233646,R1_level_change,3
20130531,-0.1397529973930958,0.9652672905770916,R1_level_change,4
20130531,-0.1474000848575426,0.9112098108864648,R1_level_change,5
20130531,-0.1558838869060187,0.92481659802279,R1_level_change,6
20130531,-0.1531421370492524,0.9713402744454672,R1_level_change,7
20130531,-0.1490948553688578,0.9526379483798268,R1_level_change,8
20130531,-0.1547954670330438,1.0625380442771082,R1_level_change,9
20130531,-0.1475401387128826,1.0468695683642737,R1_level_change,10
20130628,0.0685150107001582,0.932632127335586,R1_level_change,1
20130628,0.0756769034215152,0.9798313018905292,R1_level_change,2
20130628,0.0672200716677402,0.9352935707821272,R1_level_change,3
20130628,0.0712934016265585,1.034084479201184,R1_level_change,4
20130628,0.0699634827523729,0.9749612227742128,R1_level_change,5
20130628,0.0726980718713943,0.9920489815337094,R1_level_change,6
20130628,0.0824396468258998,1.0514172236185242,R1_level_change,7
20130628,0.0681448120271071,1.017555282302059,R1_level_change,8
20130628,0.0738245570401854,1.1409794447342103,R1_level_change,9
20130628,0.0748956504718669,1.1252755456461183,R1_level_change,10
20130731,0.0506680880307865,0.9798868140637652,R1_level_change,1
20130731,0.0802293988244551,1.0584425781905895,R1_level_change,2
20130731,0.0515955915767647,0.9835505958645756,R1_level_change,3
20130731,0.0477514605728643,1.0834635234387704,R1_level_change,4
20130731,0.0551932212965691,1.0287724732983636,R1_level_change,5
20130731,0.0701264316244034,1.0616178366052922,R1_level_change,6
20130731,0.0537981301576728,1.1079815042647727,R1_level_change,7
20130731,0.0631660493387358,1.0818302294688422,R1_level_change,8
20130731,0.0969424473334592,1.2515887844639164,R1_level_change,9
20130731,0.096718166947042,1.2341101337313436,R1_level_change,10
20130830,0.0690568334621688,1.047554694594342,R1_level_change,1
20130830,0.0642665511069695,1.1264650322356675,R1_level_change,2
20130830,0.0785145837642182,1.0607736615099317,R1_level_change,3
20130830,0.0608888915730974,1.1494344164408397,R1_level_change,4
20130830,0.0583951952261514,1.0888478427199122,R1_level_change,5
20130830,0.0666864269084159,1.1324133368707416,R1_level_change,6
20130830,0.0689143776120539,1.1843373600368468,R1_level_change,7
20130830,0.0563291938397947,1.1427688541663423,R1_level_change,8
20130830,0.0574934503474073,1.3235469420988646,R1_level_change,9
20130830,0.0687364911465493,1.3189385340124349,R1_level_change,10
20130930,-0.0605743325276958,0.9840997681830354,R1_level_change,1
20130930,-0.039606731601229,1.08184943404574,R1_level_change,2
20130930,-0.0555480514638944,1.0018497515688345,R1_level_change,3
20130930,-0.0347017591085354,1.1095470202104496,R1_level_change,4
20130930,-0.0387985893124821,1.0466020824464402,R1_level_change,5
20130930,-0.024966928136167,1.1041404544686526,R1_level_change,6
20130930,-0.0201653113562761,1.1604548284208336,R1_level_change,7
20130930,-0.0108052593542488,1.1304209403151173,R1_level_change,8
20130930,-0.0313412641982704,1.282065307707731,R1_level_change,9
20130930,-0.0238970019601708,1.2874198572797948,R1_level_change,10
20131031,0.0509304395933265,1.034220401980288,R1_level_change,1
20131031,0.0681712185616307,1.1556004282648489,R1_level_change,2
20131031,0.0628524553447125,1.0648184683414257,R1_level_change,3
20131031,0.0610630793099167,1.177299377903642,R1_level_change,4
20131031,0.0519708627968746,1.1009948956761877,R1_level_change,5
20131031,0.0671234334933938,1.1782541528315449,R1_level_change,6
20131031,0.0517527104072539,1.2205115110967966,R1_level_change,7
20131031,0.0735649158093942,1.2135802616185751,R1_level_change,8
20131031,0.0806946562953205,1.385521127061361,R1_level_change,9
20131031,0.0913990732194456,1.4050888390794791,R1_level_change,10
20131129,-0.0150841943757257,1.0186200204094762,R1_level_change,1
20131129,-0.0037394394882216,1.1512791303907892,R1_level_change,2
20131129,-0.0057767105010735,1.0586673203136208,R1_level_change,3
20131129,0.0103893424567447,1.1895307443147956,R1_level_change,4
20131129,-0.0068522531017753,1.0934505999872517,R1_level_change,5
20131129,0.0251652488887401,1.2079052118417424,R1_level_change,6
20131129,0.0021465256378236,1.223131370346625,R1_level_change,7
20131129,-0.0064248143742942,1.2057832337093684,R1_level_change,8
20131129,0.013137384880552,1.4037232513677025,R1_level_change,9
20131129,0.0057388092202734,1.413152375864492,R1_level_change,10
20131231,0.0476024624326418,1.0671088416641552,R1_level_change,1
20131231,0.0326126768292667,1.1888254246105032,R1_level_change,2
20131231,0.0419327583755257,1.1030601612563973,R1_level_change,3
20131231,0.0145509998358812,1.206839605980096,R1_level_change,4
20131231,0.0259185462130904,1.1217912498947524,R1_level_change,5
20131231,0.0307614866418755,1.245062171880464,R1_level_change,6
20131231,0.0437698328352464,1.2766676259622425,R1_level_change,7
20131231,0.0248191907963868,1.2357097978458855,R1_level_change,8
20131231,0.0136095865452341,1.4228273444427486,R1_level_change,9
20131231,-0.0111628526521382,1.3973775641176975,R1_level_change,10
20140130,0.0151616221095309,1.0832879426712063,R1_level_change,1
20140130,0.0286530744826312,1.2228889280487136,R1_level_change,2
20140130,0.026212954380208,1.131974626942036,R1_level_change,3
20140130,0.0365543764181104,1.2509548752133763,R1_level_change,4
20140130,0.0133295971596327,1.1367442753530503,R1_level_change,5
20140130,0.0120069421324877,1.2600115613295824,R1_level_change,6
20140130,0.0240528620665312,1.3073751362743182,R1_level_change,7
20140130,0.0353132082928224,1.2793466753266989,R1_level_change,8
20140130,0.0216914392753062,1.4536905173839738,R1_level_change,9
20140130,0.0556502130265188,1.4751419232393252,R1_level_change,10
20140228,-0.0699660362927899,1.007494579158731,R1_level_change,1
20140228,-0.0406556149062401,1.1731716267168604,R1_level_change,2
20140228,-0.0643695209734264,1.0591099624517042,R1_level_change,3
20140228,-0.0431714207471596,1.196949375959829,R1_level_change,4
20140228,-0.0508307897677696,1.0789626660728635,R1_level_change,5
20140228,-0.0380101363993107,1.2121183500187365,R1_level_change,6
20140228,-0.0316834789457114,1.2659529436700243,R1_level_change,7
20140228,-0.0337512726651627,1.236167096854478,R1_level_change,8
20140228,-0.0405637138141142,1.3947234312625183,R1_level_change,9
20140228,-0.0454181724341515,1.4081436730047956,R1_level_change,10
20140331,-0.0318436907991476,0.975412233298183,R1_level_change,1
20140331,-0.0172105240214776,1.152980728253934,R1_level_change,2
20140331,-0.0314917087089507,1.0257567800234273,R1_level_change,3
20140331,-0.0256701138538604,1.166223549201633,R1_level_change,4
20140331,-0.0177764141869453,1.0597825788285018,R1_level_change,5
20140331,-0.0119020093502255,1.1976917060832335,R1_level_change,6
20140331,-0.002126724452331,1.2632606105892208,R1_level_change,7
20140331,-0.0153482442520611,1.217194102315594,R1_level_change,8
20140331,-0.0245725281041226,1.3604515505503418,R1_level_change,9
20140331,-0.0006155477488238,1.407276893336857,R1_level_change,10
20140430,0.0442502432862814,1.0185744619260428,R1_level_change,1
20140430,0.0391842121625969,1.1981593697292217,R1_level_change,2
20140430,0.02816745223991,1.054649735134501,R1_level_change,3
20140430,0.0253905649608894,1.195834623986556,R1_level_change,4
20140430,0.0424004510323279,1.104717838167034,R1_level_change,5
20140430,0.0191913686550451,1.2206770491497667,R1_level_change,6
20140430,0.0218654228251451,1.2908823379781051,R1_level_change,7
20140430,0.0235906477256038,1.2459084995970038,R1_level_change,8
20140430,0.027447269986518,1.3977922315618745,R1_level_change,9
20140430,0.038840167150953,1.4619357631017345,R1_level_change,10
20140530,0.0328260718242634,1.0520102603715875,R1_level_change,1
20140530,0.0589862424341822,1.2688342887868564,R1_level_change,2
20140530,0.033810403879126,1.0903078686304115,R1_level_change,3
20140530,0.0685131594692751,1.2777650322786276,R1_level_change,4
20140530,0.0455283878610082,1.1550138603800773,R1_level_change,5
20140530,0.0422813517053564,1.2722889247835245,R1_level_change,6
20140530,0.051282877125711,1.3570824983003869,R1_level_change,7
20140530,0.0407474444574684,1.2966760869834206,R1_level_change,8
20140530,0.0383785872655706,1.4514375227000085,R1_level_change,9
20140530,0.0437438425797322,1.5258864509845376,R1_level_change,10
20140630,0.0481008404444647,1.102612838051661,R1_level_change,1
20140630,0.0599331802380085,1.3448795629088846,R1_level_change,2
20140630,0.0250748993383707,1.1176472286841528,R1_level_change,3
20140630,0.05234121391819,1.3446448051703062,R1_level_change,4
20140630,0.0590789994373259,1.2232509235875757,R1_level_change,5
20140630,0.0625587384862988,1.3518817149080713,R1_level_change,6
20140630,0.05711691330361,1.4345948617016564,R1_level_change,7
20140630,0.054225779243977,1.3669893582271275,R1_level_change,8
20140630,0.0758640725980872,1.5615494842937097,R1_level_change,9
20140630,0.0556125622375798,1.610744906207395,R1_level_change,10
20140731,0.0693723164543467,1.1791036447796064,R1_level_change,1
20140731,0.0511010108619445,1.4136042680610987,R1_level_change,2
20140731,0.054998661851199,1.1791163306834822,R1_level_change,3
20140731,0.0514972704327167,1.413890342338109,R1_level_change,4
20140731,0.0493755990797495,1.2836496707645688,R1_level_change,5
20140731,0.0595603416577696,1.4324002517288876,R1_level_change,6
20140731,0.049309413153241,1.50533389244482,R1_level_change,7
20140731,0.0605282950270114,1.449730893400684,R1_level_change,8
20140731,0.0589979313235353,1.653677673526372,R1_level_change,9
20140731,0.0401130254770776,1.6753567576671653,R1_level_change,10
20140829,0.1202179998266768,1.3208531265433552,R1_level_change,1
20140829,0.1326377180155351,1.6011015123537438,R1_level_change,2
20140829,0.1195774553953332,1.3201120611216954,R1_level_change,3
20140829,0.107359125471937,1.565684373004746,R1_level_change,4
20140829,0.1119149527147118,1.427309262970441,R1_level_change,5
20140829,0.1151808659668887,1.5973853531342104,R1_level_change,6
20140829,0.1134640357013587,1.6761351509596445,R1_level_change,7
20140829,0.1153410053443622,1.6169443121242992,R1_level_change,8
20140829,0.1254643043746752,1.8611551924952896,R1_level_change,9
20140829,0.1190443056349273,1.874798439574436,R1_level_change,10
20140930,0.0079790996390503,1.3313923452485956,R1_level_change,1
20140930,0.0205712705494591,1.634038204741521,R1_level_change,2
20140930,0.000466259526338,1.3207275759460273,R1_level_change,3
20140930,0.014619460685378,1.5885738341415996,R1_level_change,4
20140930,0.003869394195183,1.4328320851473098,R1_level_change,5
20140930,0.009376630910882,1.612363446012999,R1_level_change,6
20140930,0.0328991941665566,1.7312786467404566,R1_level_change,7
20140930,0.0165674820459389,1.6437330079847017,R1_level_change,8
20140930,0.0155861575408826,1.890163450533553,R1_level_change,9
20140930,0.0028495868792344,1.8801408406090565,R1_level_change,10
20141031,0.0588664476775131,1.4097666830784137,R1_level_change,1
20141031,0.0373204831664677,1.695021300054942,R1_level_change,2
20141031,0.0267032607809751,1.3559953088271393,R1_level_change,3
20141031,0.0368564627022909,1.6471230464094746,R1_level_change,4
20141031,0.0581308825265192,1.5161238787692355,R1_level_change,5
20141031,0.0328475210256364,1.6653255882068787,R1_level_change,6
20141031,0.0499919931602148,1.8178287170067315,R1_level_change,7
20141031,0.032460394515648,1.697089229902278,R1_level_change,8
20141031,0.0374829842750097,1.9610124174271,R1_level_change,9
20141031,0.042008783930252,1.959123270940645,R1_level_change,10
20141128,-0.024326537003091,1.3754719416967818,R1_level_change,1
20141128,-0.0221694952004666,1.6574435334786852,R1_level_change,2
20141128,-0.0471441565554088,1.2920680536993927,R1_level_change,3
20141128,-0.0495608755816739,1.5654901860386667,R1_level_change,4
20141128,-0.053687968296748,1.4347262680319302,R1_level_change,5
20141128,-0.0208243614507406,1.6306462462248914,R1_level_change,6
20141128,-0.0244900554550063,1.7733099909195336,R1_level_change,7
20141128,-0.0176638976995153,1.6671120193583349,R1_level_change,8
20141128,0.0007003578474948,1.96238582786268,R1_level_change,9
20141128,-0.0101963605769467,1.939147343655447,R1_level_change,10
20141231,0.039349649183179,1.4295962800638564,R1_level_change,1
20141231,0.0518619085893166,1.7434017185039106,R1_level_change,2
20141231,0.0570301502153718,1.365754888890352,R1_level_change,3
20141231,0.0398503002605925,1.6278754400073183,R1_level_change,4
20141231,0.0816760993161589,1.5519091131912082,R1_level_change,5
20141231,0.0840416413976663,1.7676884332965743,R1_level_change,6
20141231,0.0890199074709652,1.9311698822285288,R1_level_change,7
20141231,0.0859079936869642,1.8103302681928328,R1_level_change,8
20141231,0.100127891031758,2.1588753821971807,R1_level_change,9
20141231,0.0961119616344232,2.125522598752353,R1_level_change,10
20150130,0.0943372933281909,1.5644605236771312,R1_level_change,1
20150130,0.1016481028728322,1.9206151957350688,R1_level_change,2
20150130,0.0976039980840606,1.4990580264489024,R1_level_change,3
20150130,0.114955006295998,1.8150078714624605,R1_level_change,4
20150130,0.0892212851651692,1.690372438729666,R1_level_change,5
20150130,0.0914079835878927,1.9292692685958557,R1_level_change,6
20150130,0.0770940755599915,2.080051639048235,R1_level_change,7
20150130,0.1054008324842481,2.0011405855317896,R1_level_change,8
20150130,0.0871128771622327,2.346941228175092,R1_level_change,9
20150130,0.1106131397299823,2.3606333269673825,R1_level_change,10
20150227,0.1786037878255011,1.843879099109334,R1_level_change,1
20150227,0.184422593500704,2.274820031249392,R1_level_change,2
20150227,0.2083056506378473,1.8113202839922284,R1_level_change,3
20150227,0.1775769206301984,2.1373113801963353,R1_level_change,4
20150227,0.1973480891503305,2.02396420946535,R1_level_change,5
20150227,0.2054895691732206,2.325713979418752,R1_level_change,6
20150227,0.2089449921395203,2.514668012418965,R1_level_change,7
20150227,0.1999770141214147,2.4013227046636167,R1_level_change,8
20150227,0.2002867260793728,2.8170024030669834,R1_level_change,9
20150227,0.2258414461464197,2.8937621713511303,R1_level_change,10
20150331,0.1502712590189145,2.1209611328111553,R1_level_change,1
20150331,0.1383111319946335,2.589452964855563,R1_level_change,2
20150331,0.1580947489008659,2.097680509469025,R1_level_change,3
20150331,0.1357368029509209,2.427423193854806,R1_level_change,4
20150331,0.17066305133058,2.3693801172365916,R1_level_change,5
20150331,0.1582210375547439,2.6936908582979595,R1_level_change,6
20150331,0.1383407821305962,2.8625491520557964,R1_level_change,7
20150331,0.1592927792743015,2.783836072223967,R1_level_change,8
20150331,0.161113962337476,3.270860822139297,R1_level_change,9
20150331,0.1300533898363778,3.2701057511156217,R1_level_change,10
20150430,0.2267206923240341,2.601826909234468,R1_level_change,1
20150430,0.279177425386345,3.312369776742977,R1_level_change,2
20150430,0.2427867405305521,2.606969523037478,R1_level_change,3
20150430,0.2500984976885951,3.0345180878923443,R1_level_change,4
20150430,0.2034682184474574,2.8514736685155486,R1_level_change,5
20150430,0.2032631730415053,3.2412190093484985,R1_level_change,6
20150430,0.1988006198109335,3.4316256977237507,R1_level_change,7
20150430,0.2982296527491894,3.614058537353988,R1_level_change,8
20150430,0.2194915866200044,3.988787253603863,R1_level_change,9
20150430,0.2664677029779443,4.141483319110367,R1_level_change,10
20150529,-0.153173821413191,2.203295138891353,R1_level_change,1
20150529,-0.1554953121174014,2.7973118044600804,R1_level_change,2
20150529,-0.1215584744340124,2.290070284921077,R1_level_change,3
20150529,-0.1332766551562959,2.630087667126774,R1_level_change,4
20150529,-0.1130505209776373,2.529113084735851,R1_level_change,5
20150529,-0.1210885720788094,2.8487444277117957,R1_level_change,6
20150529,-0.097378200273401,3.0974601632674577,R1_level_change,7
20150529,-0.0975115120134618,3.26164622487144,R1_level_change,8
20150529,-0.0826129679064051,3.659261700236409,R1_level_change,9
20150529,-0.0852670436426257,3.788351280194577,R1_level_change,10
20150630,-0.1798727807012836,1.806982315553344,R1_level_change,1
20150630,-0.18641287677377,2.275856863757451,R1_level_change,2
20150630,-0.1611233676460218,1.921086448468508,R1_level_change,3
20150630,-0.1866932680473186,2.139068005299928,R1_level_change,4
20150630,-0.1632000066215119,2.116361812560408,R1_level_change,5
20150630,-0.1429798619789841,2.441431342624163,R1_level_change,6
20150630,-0.122280305039649,2.718701789654952,R1_level_change,7
20150630,-0.121196196141912,2.866347109256394,R1_level_change,8
20150630,-0.1226046822976733,3.210619082034881,R1_level_change,9
20150630,-0.1207981325664467,3.3307255200413635,R1_level_change,10
20150731,-0.1684280996552331,1.5026357180340817,R1_level_change,1
20150731,-0.1608844122777691,1.9097069698035063,R1_level_change,2
20150731,-0.1445469542181703,1.6433992535525832,R1_level_change,3
20150731,-0.1488305854550924,1.820709261742883,R1_level_change,4
20150731,-0.1557584233121864,1.7867206334778776,R1_level_change,5
20150731,-0.1662978903182956,2.0354264609888006,R1_level_change,6
20150731,-0.1253786512432498,2.3778346261354044,R1_level_change,7
20150731,-0.1514306173467301,2.432294396971683,R1_level_change,8
20150731,-0.1260912745244371,2.805788029968624,R1_level_change,9
20150731,-0.1252482739698562,2.9135578975888308,R1_level_change,10
20150831,0.0067226777690212,1.5127374537706466,R1_level_change,1
20150831,0.0452687502795265,1.9961570177266128,R1_level_change,2
20150831,-0.006232435505951,1.6331568736942883,R1_level_change,3
20150831,0.030648009444848,1.8765103763931013,R1_level_change,4
20150831,0.0438728716184928,1.8651091984485648,R1_level_change,5
20150831,0.0368101652032284,2.110350845276821,R1_level_change,6
20150831,-0.0043321058781613,2.3675335947742275,R1_level_change,7
20150831,0.0524535841560505,2.559876955815527,R1_level_change,8
20150831,0.0178842908125611,2.855967559054986,R1_level_change,9
20150831,0.0394206288664507,3.0284121821505967,R1_level_change,10
20150930,0.0689582147909095,1.6170531280300169,R1_level_change,1
20150930,0.1277707508401453,2.2512074986763673,R1_level_change,2
20150930,0.0991428303114205,1.7950726684948917,R1_level_change,3
20150930,0.0901484823803207,2.0456749389958637,R1_level_change,4
20150930,0.1350033877659968,2.116905258792644,R1_level_change,5
20150930,0.1306349059075351,2.3860363293814455,R1_level_change,6
20150930,0.1073204291793121,2.6216183162618374,R1_level_change,7
20150930,0.1290084494144259,2.8901227125770093,R1_level_change,8
20150930,0.1115816110961782,3.1746410205327606,R1_level_change,9
20150930,0.1108435616745247,3.3640921746386883,R1_level_change,10
20151030,0.0943302653601481,1.7695901786985455,R1_level_change,1
20151030,0.105351260316262,2.488375045895342,R1_level_change,2
20151030,0.0819752830209736,1.9422242585379748,R1_level_change,3
20151030,0.1016222741496979,2.253561078467668,R1_level_change,4
20151030,0.1154074443357364,2.3612118846107837,R1_level_change,5
20151030,0.0941796775259427,2.610752461447774,R1_level_change,6
20151030,0.0941585588432738,2.868466118758182,R1_level_change,7
20151030,0.1050409713258626,3.193704009557035,R1_level_change,8
20151030,0.1136945498083636,3.535580402165398,R1_level_change,9
20151030,0.1068723087266776,3.723620472111674,R1_level_change,10
20151130,0.0391643733536999,1.838895069140136,R1_level_change,1
20151130,0.0242501589495125,2.5487185362843054,R1_level_change,2
20151130,0.0325570018190974,2.0054572572562908,R1_level_change,3
20151130,0.0742530936479144,2.4208949602684227,R1_level_change,4
20151130,0.0523955190160123,2.4849288068117423,R1_level_change,5
20151130,0.0750230297865086,2.806619021128171,R1_level_change,6
20151130,0.0410134629802521,2.986111847729978,R1_level_change,7
20151130,0.0759081306417233,3.4361321107454863,R1_level_change,8
20151130,0.0754472533847054,3.80233023262957,R1_level_change,9
20151130,0.0808377756020903,4.024629668263588,R1_level_change,10
20151231,-0.3087411498000899,1.2711524911320946,R1_level_change,1
20151231,-0.2895256701182559,1.8107990941237715,R1_level_change,2
20151231,-0.2887568454609068,1.4263677459442818,R1_level_change,3
20151231,-0.2848916362814785,1.7312022337719668,R1_level_change,4
20151231,-0.3004168565088077,1.7384143060211763,R1_level_change,5
20151231,-0.2952312970802407,1.9780172471104256,R1_level_change,6
20151231,-0.2852857083209635,2.1342168141247098,R1_level_change,7
20151231,-0.2900066554438315,2.4396309296450345,R1_level_change,8
20151231,-0.2874996135433207,2.7091617601844833,R1_level_change,9
20151231,-0.2740607290332532,2.9216367272904087,R1_level_change,10
20160129,-0.0334217844181364,1.2286683066109003,R1_level_change,1
20160129,-0.0427666898028349,1.7333572109701256,R1_level_change,2
20160129,-0.04290443995003,1.3651702366417555,R1_level_change,3
20160129,-0.0413453614115623,1.659625051740161,R1_level_change,4
20160129,-0.0319291397255906,1.6829082327432607,R1_level_change,5
20160129,-0.037588558541016,1.903666430022276,R1_level_change,6
20160129,-0.0265892154527811,2.0774696634309997,R1_level_change,7
20160129,-0.0437956760569238,2.3327856437518486,R1_level_change,8
20160129,-0.0290532448102632,2.6304518203352396,R1_level_change,9
20160129,-0.0298218963982531,2.8345079794958226,R1_level_change,10
20160229,0.1403186126818758,1.4010733388407317,R1_level_change,1
20160229,0.1694669792570786,2.0271040214867075,R1_level_change,2
20160229,0.1743266969558534,1.603155854777954,R1_level_change,3
20160229,0.1623359694581367,1.9290418934514104,R1_level_change,4
20160229,0.215622951506299,2.045781873001612,R1_level_change,5
20160229,0.1858719601607337,2.2575046408627024,R1_level_change,6
20160229,0.178662717017344,2.4486360380206893,R1_level_change,7
20160229,0.1790234219631268,2.75040891240276,R1_level_change,8
20160229,0.1776611030023511,3.097780792130541,R1_level_change,9
20160229,0.1936426450363413,3.383389602022009,R1_level_change,10
20160331,-0.0237666836040351,1.367774472090455,R1_level_change,1
20160331,-0.0225718469253419,1.9813485398119643,R1_level_change,2
20160331,-0.0188085077636052,1.5730028854370937,R1_level_change,3
20160331,0.0011347695970269,1.9312309115434905,R1_level_change,4
20160331,-0.013419984949955,2.01832751105504,R1_level_change,5
20160331,-0.0014912402242956,2.2541381591357137,R1_level_change,6
20160331,0.0010998604582577,2.451329195975573,R1_level_change,7
20160331,-0.0053374655549972,2.735728699570653,R1_level_change,8
20160331,0.0109114703518831,3.1315821354005062,R1_level_change,9
20160331,-0.0052101713240484,3.36576156253947,R1_level_change,10
20160429,-0.013056441603333,1.3499162045690762,R1_level_change,1
20160429,0.0059389949521708,1.9931157587883988,R1_level_change,2
20160429,0.0020104288000333,1.576165295740512,R1_level_change,3
20160429,-0.0020730710638791,1.9272273326231009,R1_level_change,4
20160429,0.0181686114595114,2.0549977194014417,R1_level_change,5
20160429,-0.0058673599218616,2.240912319242462,R1_level_change,6
20160429,0.0130597841004338,2.483343026034104,R1_level_change,7
20160429,0.0062770305688675,2.752900952245986,R1_level_change,8
20160429,0.01076904298886,3.1653062780397803,R1_level_change,9
20160429,0.0005570602398479,3.3676364944827695,R1_level_change,10
20160531,0.0579194507316032,1.4281026096714078,R1_level_change,1
20160531,0.0373304173250299,2.0675196018410635,R1_level_change,2
20160531,0.0550333825699598,1.6629070034544933,R1_level_change,3
20160531,0.0375320473687688,1.9995601201614968,R1_level_change,4
20160531,0.0621835063772655,2.1827846831911075,R1_level_change,5
20160531,0.0684668109099289,2.394340439269766,R1_level_change,6
20160531,0.0561105421769942,2.6226847496363352,R1_level_change,7
20160531,0.0697478225744441,2.944909799428258,R1_level_change,8
20160531,0.0738440182485498,3.399045212597599,R1_level_change,9
20160531,0.0679130651268495,3.5963430110561334,R1_level_change,10
20160630,-0.0263513522049616,1.3904701748191317,R1_level_change,1
20160630,-0.0373535612290765,1.9902903818013775,R1_level_change,2
20160630,-0.0168663523977711,1.634859827929508,R1_level_change,3
20160630,-0.0194661213190062,1.9606364402777865,R1_level_change,4
20160630,-0.0029824314249253,2.1762746775581125,R1_level_change,5
20160630,-0.0267902360409939,2.330195493739232,R1_level_change,6
20160630,-0.0055796799291948,2.608051008178184,R1_level_change,7
20160630,-0.0072469907604468,2.9235680653214513,R1_level_change,8
20160630,0.0161561365777249,3.453960651286188,R1_level_change,9
20160630,-0.0118853664431523,3.5535991565144616,R1_level_change,10
20160729,0.0407794591838743,1.447172796559563,R1_level_change,1
20160729,0.0517783182627169,2.0933442706255136,R1_level_change,2
20160729,0.0317282720232601,1.6867311052699556,R1_level_change,3
20160729,0.0416763120625112,2.042348536403934,R1_level_change,4
20160729,0.0387142777405087,2.2605275798647333,R1_level_change,5
20160729,0.0387236938358788,2.4204292706165345,R1_level_change,6
20160729,0.0406417985570932,2.714046891879186,R1_level_change,7
20160729,0.0476904464441871,3.0629943315665997,R1_level_change,8
20160729,0.0537187996711245,3.6395032715845774,R1_level_change,9
20160729,0.0511063611515352,3.735210678395081,R1_level_change,10
20160831,-0.016804514049359,1.4228537609679277,R1_level_change,1
20160831,-0.01650851208199,2.058786271442128,R1_level_change,2
20160831,-0.006442740625873,1.6758639342531092,R1_level_change,3
20160831,-0.007979771120381,2.0260510625353856,R1_level_change,4
20160831,-0.0145294461782052,2.22768336605874,R1_level_change,5
20160831,-0.0051405295714039,2.4079869823754385,R1_level_change,6
20160831,-0.0039365656644805,2.703362868072824,R1_level_change,7
20160831,-0.0023249486086212,3.0558730271572094,R1_level_change,8
20160831,-0.0057911217883996,3.618426464889552,R1_level_change,9
20160831,-0.0026020205101677,3.725491583600099,R1_level_change,10
20160930,0.007953395128236,1.4341702791386022,R1_level_change,1
20160930,0.0248106289861111,2.109866053784578,R1_level_change,2
20160930,0.0221176671846914,1.712930134997747,R1_level_change,3
20160930,0.0190186077823701,2.0645837330408003,R1_level_change,4
20160930,0.0191464777613863,2.270335656086394,R1_level_change,5
20160930,0.0234535535081541,2.4644628339135193,R1_level_change,6
20160930,0.0215429312375385,2.761601228449832,R1_level_change,7
20160930,0.0332321515579714,3.157426262737615,R1_level_change,8
20160930,0.0326663536458962,3.736627263433304,R1_level_change,9
20160930,0.0314436673576981,3.842634701698724,R1_level_change,10
20161031,0.0513764686647313,1.5078528835446556,R1_level_change,1
20161031,0.021078340916782,2.154338529754995,R1_level_change,2
20161031,0.0098681621584493,1.7298336073359994,R1_level_change,3
20161031,0.0298362825314151,2.1261832366095694,R1_level_change,4
20161031,0.0233336181481715,2.3233108013536925,R1_level_change,5
20161031,0.0178880659051374,2.508547307507326,R1_level_change,6
20161031,0.0114182267952991,2.793133817594449,R1_level_change,7
20161031,0.0274605500101015,3.2441309245287293,R1_level_change,8
20161031,0.0270101495349632,3.837554124575058,R1_level_change,9
20161031,0.0192361866191135,3.9165523399296824,R1_level_change,10
20161130,-0.0565643587821688,1.422562152049108,R1_level_change,1
20161130,-0.052713168127321,2.0407765206328543,R1_level_change,2
20161130,-0.0624906145426544,1.621735242157036,R1_level_change,3
20161130,-0.0601533585834008,1.998286173963778,R1_level_change,4
20161130,-0.0620053892015032,2.1792530108797004,R1_level_change,5
20161130,-0.0646539146036683,2.346359904108485,R1_level_change,6
20161130,-0.0594346479407071,2.6271248924944395,R1_level_change,7
20161130,-0.0582786973931068,3.0550672000744994,R1_level_change,8
20161130,-0.05523619532597,3.625582235376049,R1_level_change,9
20161130,-0.0647500540453469,3.6629553642478054,R1_level_change,10
20161230,-0.0368545095698312,1.3701343216027342,R1_level_change,1
20161230,-0.0295978951018512,1.980373831248842,R1_level_change,2
20161230,-0.0177819436563332,1.5928976374555095,R1_level_change,3
20161230,-0.0279807696110471,1.942372588913157,R1_level_change,4
20161230,-0.0286450051980422,2.116828297055202,R1_level_change,5
20161230,-0.0317203812230542,2.271932473463675,R1_level_change,6
20161230,-0.0245192469812084,2.5627097684048876,R1_level_change,7
20161230,-0.0156028400878267,3.0073994750941724,R1_level_change,8
20161230,-0.0187289644619618,3.5576788345357704,R1_level_change,9
20161230,-0.0253493571534908,3.5701018004821927,R1_level_change,10
20170126,0.0357550817768539,1.4191235863169145,R1_level_change,1
20170126,0.0292591497607752,2.038317885759672,R1_level_change,2
20170126,0.0179579566472025,1.6215028241723668,R1_level_change,3
20170126,0.0396127835478559,2.019315373847062,R1_level_change,4
20170126,0.0374090360439189,2.196016803118528,R1_level_change,5
20170126,0.0350937409152936,2.3516630830644516,R1_level_change,6
20170126,0.0460903072639551,2.680825849059008,R1_level_change,7
20170126,0.0406118947999216,3.1295356661980365,R1_level_change,8
20170126,0.0396362677554522,3.698691945409336,R1_level_change,9
20170126,0.0320854836585446,3.684650243460905,R1_level_change,10
20170228,-0.0106944135053076,1.403946891869706,R1_level_change,1
20170228,-0.0051897383762502,2.0277395492049477,R1_level_change,2
20170228,-0.0199461422753249,1.5891600981415834,R1_level_change,3
20170228,-0.0008138784060006,2.0176718966693827,R1_level_change,4
20170228,-0.0153465072438004,2.162315615341962,R1_level_change,5
20170228,-0.0038173432017145,2.3426859779815925,R1_level_change,6
20170228,-0.0052790800639411,2.6666735547643423,R1_level_change,7
20170228,-0.0057735050861457,3.1114672761119677,R1_level_change,8
20170228,-0.0060651980511908,3.676258646230084,R1_level_change,9
20170228,-0.0015853702954951,3.678808708415634,R1_level_change,10
20170331,-0.0490616454885032,1.3350669471761083,R1_level_change,1
20170331,-0.051405868677975,1.923501836225382,R1_level_change,2
20170331,-0.0621589696538688,1.4903795438260616,R1_level_change,3
20170331,-0.0535403780980326,1.9096449804439293,R1_level_change,4
20170331,-0.0530394095614303,2.047627671818763,R1_level_change,5
20170331,-0.0446770777352171,2.2380216144341056,R1_level_change,6
20170331,-0.0506316439239985,2.5316554888779708,R1_level_change,7
20170331,-0.0386284852633986,2.9912760082891294,R1_level_change,8
20170331,-0.0500361367593448,3.4923128658445917,R1_level_change,9
20170331,-0.044381559433144,3.515537441079917,R1_level_change,10
20170428,-0.08327848430863,1.2238845953647324,R1_level_change,1
20170428,-0.0694132811232343,1.789985262526412,R1_level_change,2
20170428,-0.0828168110096623,1.366951062812352,R1_level_change,3
20170428,-0.0722769231047469,1.7716217170350173,R1_level_change,4
20170428,-0.058000689639955,1.9288638547274193,R1_level_change,5
20170428,-0.0407605156090119,2.1467986994856583,R1_level_change,6
20170428,-0.064964756348225,2.3671871068853667,R1_level_change,7
20170428,-0.0562373646795355,2.823054528553828,R1_level_change,8
20170428,-0.0750514375007311,3.230209765060657,R1_level_change,9
20170428,-0.0700319733510473,3.269337416691599,R1_level_change,10
20170531,0.0192934525669332,1.2474975547528022,R1_level_change,1
20170531,0.0438174474974544,1.8684178477883804,R1_level_change,2
20170531,0.0401899660926408,1.4218887796770798,R1_level_change,3
20170531,0.0291957154629003,1.8233454805934664,R1_level_change,4
20170531,0.0524587544190495,2.0300496499903464,R1_level_change,5
20170531,0.0392306779629754,2.2310190679165145,R1_level_change,6
20170531,0.0403072661618253,2.4626019476574363,R1_level_change,7
20170531,0.0534465314579188,2.973937001221601,R1_level_change,8
20170531,0.059917379709885,3.423755470096375,R1_level_change,9
20170531,0.051392117069654,3.4373555879504143,R1_level_change,10
20170630,-0.023418895084898,1.2182825403993796,R1_level_change,1
20170630,-0.0121720144197134,1.84567543880305,R1_level_change,2
20170630,-0.0054850261828787,1.4140896824914095,R1_level_change,3
20170630,-0.0113299182273675,1.8026871253981025,R1_level_change,4
20170630,-0.0267755400987221,1.9756939741846329,R1_level_change,5
20170630,-0.0164210064558477,2.194383489399138,R1_level_change,6
20170630,-0.0088549136819552,2.440795819977915,R1_level_change,7
20170630,-0.0042137418849267,2.96140559831642,R1_level_change,8
20170630,-0.0016443882294133,3.418125486900959,R1_level_change,9
20170630,-0.0241618230212414,3.354302810573281,R1_level_change,10
20170731,0.0198484752882581,1.242463591296613,R1_level_change,1
20170731,0.0309362159317285,1.9027736527177492,R1_level_change,2
20170731,0.0355953470556804,1.4644246955075482,R1_level_change,3
20170731,0.0464729959419207,1.8864633968612816,R1_level_change,4
20170731,0.0337238637283667,2.042322008538991,R1_level_change,5
20170731,0.0479601965738982,2.2996265529092375,R1_level_change,6
20170731,0.0369958557001013,2.5310951499272285,R1_level_change,7
20170731,0.0312870358637868,3.054059201478165,R1_level_change,8
20170731,0.0435391031635907,3.5669476051012388,R1_level_change,9
20170731,0.0382594966176497,3.4826367476089826,R1_level_change,10
20170831,0.0452990181945134,1.298745972124779,R1_level_change,1
20170831,0.013032351267707,1.927571267342905,R1_level_change,2
20170831,0.0265798576812101,1.5033488954989884,R1_level_change,3
20170831,0.028238476757554,1.9397342496475252,R1_level_change,4
20170831,0.0458196465336619,2.135900481078166,R1_level_change,5
20170831,0.0324393621295981,2.3742249714218997,R1_level_change,6
20170831,0.02383195387997,2.59141609280611,R1_level_change,7
20170831,0.0437252765992528,3.1875987848132907,R1_level_change,8
20170831,0.0219288232740786,3.645166568761402,R1_level_change,9
20170831,0.0337064458786118,3.60002405465713,R1_level_change,10
20170929,-0.0531258978660873,1.2297489262556855,R1_level_change,1
20170929,-0.0313154478363997,1.8672085098694855,R1_level_change,2
20170929,-0.0392651160326029,1.4443197266797352,R1_level_change,3
20170929,-0.0305077215096698,1.88055737735651,R1_level_change,4
20170929,-0.0440361831282861,2.0418435763496134,R1_level_change,5
20170929,-0.0347425962435217,2.291738231848502,R1_level_change,6
20170929,-0.0238233607716411,2.5296798523177535,R1_level_change,7
20170929,-0.0156942127329285,3.1375719313772064,R1_level_change,8
20170929,-0.004606671947423,3.628374482185405,R1_level_change,9
20170929,-0.0101824522298086,3.5633669816944216,R1_level_change,10
20171031,-0.0764789788552118,1.1356989841273577,R1_level_change,1
20171031,-0.0688348502100294,1.7386794917817272,R1_level_change,2
20171031,-0.0669249527764878,1.3476586971775442,R1_level_change,3
20171031,-0.0614379036996368,1.765019874304839,R1_level_change,4
20171031,-0.0687615441553363,1.9014432591161596,R1_level_change,5
20171031,-0.0832212070472386,2.101017009957765,R1_level_change,6
20171031,-0.070636183675204,2.3509929216299734,R1_level_change,7
20171031,-0.0693158713780061,2.920088398942622,R1_level_change,8
20171031,-0.0645929959888877,3.39400690381142,R1_level_change,9
20171031,-0.047288702031639,3.3948599822676933,R1_level_change,10
20171130,-0.0066949743759537,1.128095508529828,R1_level_change,1
20171130,-0.009361131498195,1.7224034844259437,R1_level_change,2
20171130,-0.0171565512296655,1.3245375216993134,R1_level_change,3
20171130,-0.0031914055137697,1.7593869801460695,R1_level_change,4
20171130,-0.0173157456722473,1.868518351231095,R1_level_change,5
20171130,-0.0155868572239619,2.068268757798438,R1_level_change,6
20171130,-0.0090914362819782,2.3296190192835926,R1_level_change,7
20171130,0.0003382057503316,2.921075989630621,R1_level_change,8
20171130,-0.008554573486262,3.3649726223398844,R1_level_change,9
20171130,-0.0118470477092076,3.354640914091688,R1_level_change,10
20171229,-0.0531196732553468,1.0681714437158991,R1_level_change,1
20171229,-0.039238208998259,1.6548194565247087,R1_level_change,2
20171229,-0.0484645235624852,1.260344441769521,R1_level_change,3
20171229,-0.0274203153929255,1.7111440342522577,R1_level_change,4
20171229,-0.0403307058954152,1.7931596871474076,R1_level_change,5
20171229,-0.0275671323974092,2.0112525191187833,R1_level_change,6
20171229,-0.0379667328087141,2.241170996432354,R1_level_change,7
20171229,-0.0430292302522805,2.7953843382883967,R1_level_change,8
20171229,-0.0186599287923998,3.302182472818647,R1_level_change,9
20171229,-0.0006034873926074,3.352616430593309,R1_level_change,10
20180131,-0.0491750984339264,1.0156440078268607,R1_level_change,1
20180131,-0.0432750710860228,1.5832070269090683,R1_level_change,2
20180131,-0.0382835613994073,1.212093967948636,R1_level_change,3
20180131,-0.0369870446154558,1.647853873513898,R1_level_change,4
20180131,-0.0301509731481512,1.7390941775698787,R1_level_change,5
20180131,-0.0241258703926803,1.962729301515572,R1_level_change,6
20180131,-0.0142286085129565,2.209282251713525,R1_level_change,7
20180131,-0.0259009213196341,2.7229813084842514,R1_level_change,8
20180131,-0.0331253797749827,3.1927964243202376,R1_level_change,9
20180131,-0.0246292219425126,3.270044096436112,R1_level_change,10
20180228,0.0672020759242688,1.0838973935528702,R1_level_change,1
20180228,0.0354163386056602,1.6392784230569406,R1_level_change,2
20180228,0.0645085807771339,1.2902844295895273,R1_level_change,3
20180228,0.0445083816428548,1.721197182607911,R1_level_change,4
20180228,0.0561641041122678,1.836768844019952,R1_level_change,5
20180228,0.0700297074301459,2.100178660265282,R1_level_change,6
20180228,0.0851735141287102,2.3974545847941555,R1_level_change,7
20180228,0.0487629447035546,2.8557618954586816,R1_level_change,8
20180228,0.0674118800861143,3.408028834015888,R1_level_change,9
20180228,0.049487130477607,3.4318691953039746,R1_level_change,10
20180330,-0.03260639267229,1.0485554095222136,R1_level_change,1
20180330,-0.0349450590487162,1.581993741765929,R1_level_change,2
20180330,-0.0159677413245494,1.2696815015827478,R1_level_change,3
20180330,-0.0396686255204297,1.6529196561242194,R1_level_change,4
20180330,-0.0387774304243806,1.7655436679652985,R1_level_change,5
20180330,-0.0501804278769982,1.994790796475029,R1_level_change,6
20180330,-0.0287893039028938,2.3284335361591304,R1_level_change,7
20180330,-0.0405646068885329,2.7399190368021484,R1_level_change,8
20180330,-0.0696244989476509,3.170746534048385,R1_level_change,9
20180330,-0.0487031242523808,3.2647264434671666,R1_level_change,10
20180427,-0.0429948017749295,1.003472977539776,R1_level_change,1
20180427,-0.0115509416185252,1.5637202244139188,R1_level_change,2
20180427,-0.0050654234088561,1.2632500271828389,R1_level_change,3
20180427,-0.0066710237307189,1.641892989873243,R1_level_change,4
20180427,0.0119767446720222,1.7866891336838242,R1_level_change,5
20180427,0.0240803325449427,2.0428260222117394,R1_level_change,6
20180427,-0.0114807117851355,2.3017014618196434,R1_level_change,7
20180427,-0.0069611512494848,2.720846045975626,R1_level_change,8
20180427,-0.0026152924779506,3.1624541044884,R1_level_change,9
20180427,-0.0310226604663423,3.163445943495995,R1_level_change,10
20180531,-0.0825671332679616,0.920619090472451,R1_level_change,1
20180531,-0.0842661943375546,1.4319514720938908,R1_level_change,2
20180531,-0.0930640666106061,1.145686842507245,R1_level_change,3
20180531,-0.0831250677800872,1.5054105238023796,R1_level_change,4
20180531,-0.0983643889100982,1.610942548876702,R1_level_change,5
20180531,-0.0821856109694237,1.87493511747203,R1_level_change,6
20180531,-0.0939719637168631,2.085406055562477,R1_level_change,7
20180531,-0.0837302298365463,2.4930289811962285,R1_level_change,8
20180531,-0.096987099137067,2.855736854739959,R1_level_change,9
20180531,-0.0925676500920161,2.8706131863134496,R1_level_change,10
20180629,-0.0129775585884435,0.9086717022882052,R1_level_change,1
20180629,-0.006076953758076,1.4232495692141671,R1_level_change,2
20180629,-0.0047399711798662,1.1402563198926088,R1_level_change,3
20180629,-0.0022512611348719,1.502021451598116,R1_level_change,4
20180629,-0.0099883699961196,1.5948518586560294,R1_level_change,5
20180629,0.0019914350181555,1.878668928921733,R1_level_change,6
20180629,0.0141413486834873,2.1148965097408423,R1_level_change,7
20180629,-0.0123814277194387,2.4621617230630815,R1_level_change,8
20180629,-0.0097816861857251,2.827802932997883,R1_level_change,9
20180629,-0.0035614055175333,2.860389768673009,R1_level_change,10
20180731,-0.0896355638815821,0.8272224018703649,R1_level_change,1
20180731,-0.0729419763159239,1.3194349328448989,R1_level_change,2
20180731,-0.077958449000706,1.051363705730528,R1_level_change,3
20180731,-0.0544559330989812,1.4202274719166543,R1_level_change,4
20180731,-0.0834143652783845,1.4618183031531848,R1_level_change,5
20180731,-0.0836306594790845,1.7215546074531434,R1_level_change,6
20180731,-0.073992956945845,1.95840906335067,R1_level_change,7
20180731,-0.0968669559669945,2.2236596118515104,R1_level_change,8
20180731,-0.1026526355535347,2.537521509099635,R1_level_change,9
20180731,-0.1233303462946622,2.507616907964858,R1_level_change,10
20180831,-0.0242378689604584,0.8071722936926753,R1_level_change,1
20180831,-0.0323378432730826,1.27676725277753,R1_level_change,2
20180831,-0.0338194569981761,1.0158071560951314,R1_level_change,3
20180831,-0.0199986122671459,1.3918248933746442,R1_level_change,4
20180831,-0.0282520172228281,1.4205189872758557,R1_level_change,5
20180831,-0.0159768396857626,1.6940496054795784,R1_level_change,6
20180831,-0.0258335555653631,1.9078163939928896,R1_level_change,7
20180831,-0.0286824384953486,2.1598796317999884,R1_level_change,8
20180831,-0.025606954701397,2.4725433107623,R1_level_change,9
20180831,-0.0272236822721331,2.439350342002194,R1_level_change,10
20180928,-0.0866466030501471,0.7372335563680092,R1_level_change,1
20180928,-0.0890394840499297,1.1630845553383724,R1_level_change,2
20180928,-0.0813829086847377,0.933137815069338,R1_level_change,3
20180928,-0.0870517050483477,1.2706641632776468,R1_level_change,4
20180928,-0.080797006199234,1.3057453058547988,R1_level_change,5
20180928,-0.0968736410158542,1.5299408521353002,R1_level_change,6
20180928,-0.0819877683077973,1.7513987855083837,R1_level_change,7
20180928,-0.0822908228537654,1.9821413596340796,R1_level_change,8
20180928,-0.0929692545323088,2.242672802361882,R1_level_change,9
20180928,-0.0735535459209436,2.2599274746044657,R1_level_change,10
20181031,0.0503306962731682,0.7743390345759551,R1_level_change,1
20181031,0.0475690037754696,1.218411328942454,R1_level_change,2
20181031,0.0572978104219945,0.9866045686947752,R1_level_change,3
20181031,0.0544739249633068,1.3398822275615965,R1_level_change,4
20181031,0.0460613633177446,1.3658897147882163,R1_level_change,5
20181031,0.0690369815434741,1.6355633505067722,R1_level_change,6
20181031,0.0620950641366158,1.8601520054233176,R1_level_change,7
20181031,0.0611361789548308,2.1033219085104404,R1_level_change,8
20181031,0.0712678823094485,2.40250334369921,R1_level_change,9
20181031,0.0798931890664915,2.4404802876095992,R1_level_change,10
20181130,-0.0770589028000202,0.7146693181763051,R1_level_change,1
20181130,-0.0765687797935673,1.1251190601986714,R1_level_change,2
20181130,-0.0628580143728692,0.9245885645354206,R1_level_change,3
20181130,-0.0487854877082866,1.2745154196183384,R1_level_change,4
20181130,-0.0502911728062595,1.2971975191075096,R1_level_change,5
20181130,-0.0558205920252892,1.5442652359866185,R1_level_change,6
20181130,-0.0604605817526561,1.7476861330270537,R1_level_change,7
20181130,-0.0525548589393822,1.992782122304562,R1_level_change,8
20181130,-0.0541888998933228,2.27231433051412,R1_level_change,9
20181130,-0.0709360857230874,2.2673621687222196,R1_level_change,10
20181228,-0.0247992283255427,0.696946070577591,R1_level_change,1
20181228,0.0075610676069619,1.133626161478715,R1_level_change,2
20181228,-0.0032177563673821,0.921613463794678,R1_level_change,3
20181228,-0.0067151659606099,1.2659568370562448,R1_level_change,4
20181228,-0.003039660340786,1.2932544792545124,R1_level_change,5
20181228,0.003793734484333,1.5501237682653377,R1_level_change,6
20181228,0.0026856654416413,1.75237983327736,R1_level_change,7
20181228,0.0172713925812575,2.0272002446677955,R1_level_change,8
20181228,0.0236212419188535,2.3259892170308714,R1_level_change,9
20181228,-0.0136677306454551,2.2363724733244292,R1_level_change,10
20190131,0.1950242470437826,0.8328674532221085,R1_level_change,1
20190131,0.1743640372077737,1.3312897956784957,R1_level_change,2
20190131,0.1979830561202127,1.1040773139182831,R1_level_change,3
20190131,0.1843248647311144,1.4993041598020669,R1_level_change,4
20190131,0.1960756083240753,1.5468301379921765,R1_level_change,5
20190131,0.1935765060022478,1.8501913111971795,R1_level_change,6
20190131,0.2010247019589137,2.1046514669807523,R1_level_change,7
20190131,0.1974529919944989,2.427476998349432,R1_level_change,8
20190131,0.2081363876107138,2.8101122102851495,R1_level_change,9
20190131,0.2353306642087442,2.762659492890019,R1_level_change,10
20190228,0.0996699919600596,0.9158793455885514,R1_level_change,1
20190228,0.093281046199136,1.4554739006136197,R1_level_change,2
20190228,0.0970236686304868,1.2111989453663288,R1_level_change,3
20190228,0.1088623246275732,1.66252189596191,R1_level_change,4
20190228,0.1006009285635476,1.70244268620427,R1_level_change,5
20190228,0.0980073457510644,2.031523650739297,R1_level_change,6
20190228,0.090575566861776,2.2952814666490027,R1_level_change,7
20190228,0.1194464145961058,2.717430422316789,R1_level_change,8
20190228,0.1012518234277435,3.0946411956130877,R1_level_change,9
20190228,0.1070014890320982,3.058268172317913,R1_level_change,10
20190329,-0.0728297750628714,0.8491760588646073,R1_level_change,1
20190329,-0.0714509258816796,1.3514789428181566,R1_level_change,2
20190329,-0.0873867640287785,1.105356188935696,R1_level_change,3
20190329,-0.0713438369721123,1.5439112048538366,R1_level_change,4
20190329,-0.0679753233716904,1.5867185940877653,R1_level_change,5
20190329,-0.0698452791059707,1.8896313143430303,R1_level_change,6
20190329,-0.075090412143599,2.1229278353327645,R1_level_change,7
20190329,-0.0778367191504961,2.505914553723903,R1_level_change,8
20190329,-0.0665747008936539,2.888616383641967,R1_level_change,9
20190329,-0.072354319487236,2.836989259900377,R1_level_change,10
20190430,-0.0192027945526672,0.8328695054671866,R1_level_change,1
20190430,0.0068233030256752,1.3607004931778242,R1_level_change,2
20190430,-0.0222997966117074,1.0807069707389378,R1_level_change,3
20190430,-0.04567497954095,1.473393092159094,R1_level_change,4
20190430,-0.0280287062575058,1.5422449247007566,R1_level_change,5
20190430,-0.0179238927407091,1.8557617653452605,R1_level_change,6
20190430,-0.035430324736182,2.047711812735445,R1_level_change,7
20190430,-0.0469555752638868,2.3882478942916507,R1_level_change,8
20190430,-0.0550799308765413,2.7295115929021225,R1_level_change,9
20190430,-0.0418352579381889,2.718303082444573,R1_level_change,10
20190531,0.0084355150443129,0.8398951887105045,R1_level_change,1
20190531,0.0148057132051433,1.380846634437912,R1_level_change,2
20190531,0.01875329107536,1.1009737831283757,R1_level_change,3
20190531,0.0410423302617382,1.5338645780528513,R1_level_change,4
20190531,0.04080552654359,1.6051770409123505,R1_level_change,5
20190531,0.0341716013042048,1.9191761165062264,R1_level_change,6
20190531,0.0513495645232773,2.1528609225885806,R1_level_change,7
20190531,0.0264289746747978,2.4513668374070243,R1_level_change,8
20190531,0.0406655839728506,2.8405087757881535,R1_level_change,9
20190531,0.0507127133455327,2.8561556074508627,R1_level_change,10
20190628,-0.0292404341927372,0.8153362887162183,R1_level_change,1
20190628,-0.0212419249015115,1.351514793928677,R1_level_change,2
20190628,-0.0356353332603944,1.0617402154556388,R1_level_change,3
20190628,-0.0037639524265802,1.5280911847522438,R1_level_change,4
20190628,-0.025168781854754,1.5647766901313678,R1_level_change,5
20190628,-0.0159136118410693,1.8886350927334952,R1_level_change,6
20190628,-0.025973372652952,2.096943863576209,R1_level_change,7
20190628,-0.0275647208607356,2.383795594806635,R1_level_change,8
20190628,-0.0278461592815336,2.7614115159769623,R1_level_change,9
20190628,-0.0134387836724056,2.817772350107602,R1_level_change,10
20190731,0.0056047757784973,0.819906065798545,R1_level_change,1
20190731,0.01752214997605,1.3751962388427457,R1_level_change,2
20190731,0.0146163575813293,1.077258990103216,R1_level_change,3
20190731,0.0158810095686436,1.5523588154790542,R1_level_change,4
20190731,0.014481874085314,1.587437589129485,R1_level_change,5
20190731,0.0099918088767514,1.9075059736180144,R1_level_change,6
20190731,-0.0071079440112857,2.0820389039991003,R1_level_change,7
20190731,-0.0014773765815362,2.3802738310196987,R1_level_change,8
20190731,-0.0147059010872391,2.720802471361842,R1_level_change,9
20190731,-0.0043407265583713,2.8055411708320457,R1_level_change,10
20190830,0.0169259774108183,0.8337837773472441,R1_level_change,1
20190830,0.0186717861923184,1.400873608986898,R1_level_change,2
20190830,0.0128107577779923,1.091059494089593,R1_level_change,3
20190830,0.0404927906599941,1.615218156023444,R1_level_change,4
20190830,0.0172884091545839,1.614881859677722,R1_level_change,5
20190830,0.0175897511222433,1.9410585289581477,R1_level_change,6
20190830,0.0177109524880707,2.1189137961061433,R1_level_change,7
20190830,0.0242296702715616,2.4379470811013326,R1_level_change,8
20190830,0.0097594822194693,2.747356094703786,R1_level_change,9
20190830,0.0121761336898384,2.8397018152004425,R1_level_change,10
20190930,0.00729666106499,0.8398676149720341,R1_level_change,1
20190930,0.0077646146708194,1.4117508527632014,R1_level_change,2
20190930,-0.0066946765468001,1.0837552036833478,R1_level_change,3
20190930,-0.0014873594841596,1.6128157459800956,R1_level_change,4
20190930,0.0023949348654432,1.618749396547036,R1_level_change,5
20190930,-0.0094465380934107,1.9227222456228044,R1_level_change,6
20190930,-0.0033846556025094,2.111742002654918,R1_level_change,7
20190930,-0.012311148203136,2.407933153274491,R1_level_change,8
20190930,-0.0034094548616205,2.7379891081100953,R1_level_change,9
20190930,-0.0130818912044832,2.8025531450008168,R1_level_change,10
20191031,-0.0126724929001441,0.82922439858424,R1_level_change,1
20191031,-0.021299827091578,1.381680803702957,R1_level_change,2
20191031,-0.0156108130580155,1.0668369037979957,R1_level_change,3
20191031,-0.004358978676319,1.6057855165345367,R1_level_change,4
20191031,-0.0106175781038413,1.6015621983986517,R1_level_change,5
20191031,0.0048036661535995,1.9319583613968752,R1_level_change,6
20191031,-0.0011110529385127,2.109395745497487,R1_level_change,7
20191031,-0.0134162979858968,2.3756276045600404,R1_level_change,8
20191031,-0.0197216340209411,2.6839914889666248,R1_level_change,9
20191031,-0.0070928104099184,2.782675166879605,R1_level_change,10
20191129,0.0887252143083561,0.9027975110583444,R1_level_change,1
20191129,0.088967734126748,1.5046058140948335,R1_level_change,2
20191129,0.1017152328431845,1.1753504678735105,R1_level_change,3
20191129,0.0802932037464514,1.734719180186745,R1_level_change,4
20191129,0.0922270061243215,1.749269485078846,R1_level_change,5
20191129,0.0812220047077589,2.088875892521447,R1_level_change,6
20191129,0.0886111470254067,2.296311722036533,R1_level_change,7
20191129,0.0932756159104215,2.5972157325491776,R1_level_change,8
20191129,0.0963001509517544,2.9424602745073347,R1_level_change,9
20191129,0.0987301778242701,3.0574091809328094,R1_level_change,10
20191231,-0.0702019936369287,0.8394193259315914,R1_level_change,1
20191231,-0.0745224724585398,1.3924788687529923,R1_level_change,2
20191231,-0.0582992340301061,1.106828435879558,R1_level_change,3
20191231,-0.0820114571893941,1.5924523324052389,R1_level_change,4
20191231,-0.0706833354678285,1.6256252832413822,R1_level_change,5
20191231,-0.0768583602727956,1.928328316608876,R1_level_change,6
20191231,-0.0704209709586904,2.1346032209468975,R1_level_change,7
20191231,-0.0862040813868001,2.3733251361614305,R1_level_change,8
20191231,-0.0752959479251724,2.7209049389061417,R1_level_change,9
20191231,-0.0928105779158133,2.7736492679253217,R1_level_change,10
20200123,0.1494625686623176,0.9648810945701184,R1_level_change,1
20200123,0.1544904243040119,1.6076035200210126,R1_level_change,2
20200123,0.1478227009036632,1.2704428047082512,R1_level_change,3
20200123,0.1344179689239362,1.806506540535336,R1_level_change,4
20200123,0.1410447105903423,1.8549111308445063,R1_level_change,5
20200123,0.1463729088362819,2.210583341502288,R1_level_change,6
20200123,0.1223850780767343,2.395846802805332,R1_level_change,7
20200123,0.1187597864753042,2.6551807225684345,R1_level_change,8
20200123,0.1236526293577386,3.057351988834343,R1_level_change,9
20200123,0.1227753826580122,3.1141851181539684,R1_level_change,10
20200228,-0.0726441326089044,0.8947881443843417,R1_level_change,1
20200228,-0.0850987651530212,1.470798445611574,R1_level_change,2
20200228,-0.0818891763898822,1.1664072897802404,R1_level_change,3
20200228,-0.1008301973423374,1.6243561295529347,R1_level_change,4
20200228,-0.0856911986781314,1.6959615726010322,R1_level_change,5
20200228,-0.0793886031056368,2.0350882179718304,R1_level_change,6
20200228,-0.0729705947003014,2.221020436793811,R1_level_change,7
20200228,-0.053747827233568,2.512470527817926,R1_level_change,8
20200228,-0.0618041945881454,2.868394811591972,R1_level_change,9
20200228,-0.0479494766786873,2.9648615714579294,R1_level_change,10
20200331,0.0311571047124663,0.922667152294398,R1_level_change,1
20200331,0.035415435552347,1.522887413172623,R1_level_change,2
20200331,0.0779709224626727,1.257353142131592,R1_level_change,3
20200331,0.066849324725563,1.7329432399273776,R1_level_change,4
20200331,0.0619027164321095,1.8009462009095083,R1_level_change,5
20200331,0.0674734811479926,2.1724027044816547,R1_level_change,6
20200331,0.0640967423987703,2.3633806115933886,R1_level_change,7
20200331,0.0301762625276127,2.588287498058249,R1_level_change,8
20200331,0.0473456429251863,3.004200808110063,R1_level_change,9
20200331,0.0455426366359426,3.099889184682708,R1_level_change,10
20200430,0.0267802790238378,0.947376436078972,R1_level_change,1
20200430,0.0871861637635984,1.655662124571014,R1_level_change,2
20200430,0.0425237331884287,1.3108204916712285,R1_level_change,3
20200430,0.0503815148780644,1.82025154555262,R1_level_change,4
20200430,0.0581908514475728,1.905744793751704,R1_level_change,5
20200430,0.0683883707828811,2.32096978612548,R1_level_change,6
20200430,0.0412135459825928,2.4607839071036612,R1_level_change,7
20200430,0.0170524480733442,2.632424136217774,R1_level_change,8
20200430,0.0112153043810248,3.037893834594738,R1_level_change,9
20200430,0.0343984918582915,3.2065206975636222,R1_level_change,10
20200529,0.0539779740385579,0.9985138967503842,R1_level_change,1
20200529,0.0781792512858223,1.7851005498522698,R1_level_change,2
20200529,0.0832054300473952,1.4198878743956709,R1_level_change,3
20200529,0.1003651873978255,2.00294143303319,R1_level_change,4
20200529,0.0807835180024312,2.0596975626057845,R1_level_change,5
20200529,0.0739281869221308,2.4925548743147825,R1_level_change,6
20200529,0.0805771049549766,2.65906675025787,R1_level_change,7
20200529,0.0728607076960261,2.824224421738701,R1_level_change,8
20200529,0.0663973663042558,3.2396019843237656,R1_level_change,9
20200529,0.0738719590397796,3.4433926631942477,R1_level_change,10
20200630,0.1070459546895752,1.105400770098837,R1_level_change,1
20200630,0.1255962496325529,2.009302484130723,R1_level_change,2
20200630,0.1102654005061005,1.5764523795396654,R1_level_change,3
20200630,0.1325841547489166,2.2684997299434793,R1_level_change,4
20200630,0.1502406414719304,2.369147845649849,R1_level_change,5
20200630,0.116758339606086,2.783581442816833,R1_level_change,6
20200630,0.1404653956150754,3.032573613299735,R1_level_change,7
20200630,0.1326862506727273,3.1989601713175606,R1_level_change,8
20200630,0.1313806637146404,3.665223043195488,R1_level_change,9
20200630,0.1672012355956391,4.019132171121284,R1_level_change,10
20200731,0.021199100620048,1.128834272249641,R1_level_change,1
20200731,0.0061541508587676,2.02166803473896,R1_level_change,2
20200731,-0.0034838905679869,1.5709601919637066,R1_level_change,3
20200731,0.0299111165166308,2.3363530896837643,R1_level_change,4
20200731,0.0236638356283152,2.425210970848484,R1_level_change,5
20200731,0.0071189734078311,2.8033976850867783,R1_level_change,6
20200731,0.0357184783917758,3.1408925283778517,R1_level_change,7
20200731,0.0269669118099182,3.2852262481409227,R1_level_change,8
20200731,0.0419958150516623,3.819147072240617,R1_level_change,9
20200731,0.0364231441210205,4.165521601431465,R1_level_change,10
20200831,-0.0776137115516464,1.0412212546536446,R1_level_change,1
20200831,-0.0647981944625192,1.890667596285286,R1_level_change,2
20200831,-0.0391096452293412,1.5095204961865882,R1_level_change,3
20200831,-0.0649125172620345,2.1846945294194593,R1_level_change,4
20200831,-0.0590982527732784,2.2818852398647524,R1_level_change,5
20200831,-0.0563248093438428,2.645496844959295,R1_level_change,6
20200831,-0.0687387128415019,2.924991618803668,R1_level_change,7
20200831,-0.0358796829419485,3.167353371965059,R1_level_change,8
20200831,-0.0673357052234229,3.5619821107793244,R1_level_change,9
20200831,-0.0488073457637887,3.962213548343868,R1_level_change,10
20200930,-0.0168870427088221,1.023638106856975,R1_level_change,1
20200930,-0.0153461811618454,1.861653068835861,R1_level_change,2
20200930,-0.0101300534226173,1.4942289729176823,R1_level_change,3
20200930,-0.0136041313257048,2.154973658134688,R1_level_change,4
20200930,-0.0138514540628605,2.250277811288046,R1_level_change,5
20200930,-0.023571350647656,2.583138911189492,R1_level_change,6
20200930,-0.031094704894806,2.8340398675971867,R1_level_change,7
20200930,-0.0308537680433447,3.0696285857151433,R1_level_change,8
20200930,-0.0141153276510532,3.511703566198484,R1_level_change,9
20200930,-0.0070528317097755,3.934268722989206,R1_level_change,10
20201030,0.0189731623111921,1.043059758806294,R1_level_change,1
20201030,0.0260523387393352,1.9101534852002957,R1_level_change,2
20201030,0.0128379135741667,1.5134117553320154,R1_level_change,3
20201030,0.0097963284304671,2.176084487848781,R1_level_change,4
20201030,0.0296043900579812,2.3168959133522375,R1_level_change,5
20201030,0.0204204055016037,2.635887655222952,R1_level_change,6
20201030,0.0365847020684908,2.937722371803455,R1_level_change,7
20201030,0.0294547026529945,3.160043582962515,R1_level_change,8
20201030,0.0316001714578773,3.622674000999595,R1_level_change,9
20201030,0.0365681322164592,4.078137581826556,R1_level_change,10
20201130,-0.0060024656417735,1.0367988284417426,R1_level_change,1
20201130,-0.0160358576973391,1.8795225357315473,R1_level_change,2
20201130,0.0076847206490346,1.5250419018987071,R1_level_change,3
20201130,-0.0019088377735138,2.1719306955800177,R1_level_change,4
20201130,0.0492928758343023,2.431102375930112,R1_level_change,5
20201130,0.0200040822754086,2.688616168746766,R1_level_change,6
20201130,0.0131890369433564,2.976468100694496,R1_level_change,7
20201130,-0.0007569749652964,3.1576515090809667,R1_level_change,8
20201130,-0.006695773215082,3.598417397456728,R1_level_change,9
20201130,-0.0131842143150739,4.024370541941397,R1_level_change,10
20201231,-0.0193760998123062,1.0167097108565732,R1_level_change,1
20201231,-0.0262629897479145,1.8301606546446552,R1_level_change,2
20201231,-0.0286107393164064,1.4814093255968863,R1_level_change,3
20201231,-0.0313600950934797,2.103818742430181,R1_level_change,4
20201231,-0.0212086850985849,2.3795418911965887,R1_level_change,5
20201231,-0.0202445686043012,2.6341862942679386,R1_level_change,6
20201231,-0.0340927232693327,2.874992197417522,R1_level_change,7
20201231,-0.0380572040930815,3.0374801211450455,R1_level_change,8
20201231,-0.021018603442638,3.522783689158495,R1_level_change,9
20201231,-0.0256054105887209,3.921324881853834,R1_level_change,10
20210129,-0.0072922177166661,1.0092956422903585,R1_level_change,1
20210129,0.0029513242916052,1.835562052242248,R1_level_change,2
20210129,0.005534799429496,1.4896086290870505,R1_level_change,3
20210129,0.0199793868979496,2.1458517510483515,R1_level_change,4
20210129,-0.0026653801677232,2.373199507431526,R1_level_change,5
20210129,0.0265380906994456,2.704092569064458,R1_level_change,6
20210129,0.0417786243541733,2.995105416454608,R1_level_change,7
20210129,0.0524880780193375,3.196911614725894,R1_level_change,8
20210129,0.0538628581298932,3.712530887229941,R1_level_change,9
20210129,0.0610137294640089,4.160579537335751,R1_level_change,10
20210226,-0.0043502854642102,1.004904918128612,R1_level_change,1
20210226,-0.0176434371541626,1.8031764285309464,R1_level_change,2
20210226,-0.0281541037471537,1.447670033201078,R1_level_change,3
20210226,-0.0183301267727835,2.1065180164160355,R1_level_change,4
20210226,0.0008267038815636,2.3751614406760453,R1_level_change,5
20210226,-0.0226944556166586,2.642724660272488,R1_level_change,6
20210226,-0.0128089246878787,2.956741336742983,R1_level_change,7
20210226,0.000761617745681,3.199346439343042,R1_level_change,8
20210226,-0.0021495304244921,3.7045506891359734,R1_level_change,9
20210226,0.0046151702029044,4.179781320043277,R1_level_change,10
20210331,0.0451181090589365,1.0502443278186004,R1_level_change,1
20210331,0.0095369367650628,1.820373208106098,R1_level_change,2
20210331,0.0130312521070337,1.4665349863715194,R1_level_change,3
20210331,0.0201148512168549,2.1488903129018686,R1_level_change,4
20210331,0.0340583874180193,2.456055609202931,R1_level_change,5
20210331,0.020865172641185,2.6978655665521907,R1_level_change,6
20210331,0.0106855332507993,2.988335694610763,R1_level_change,7
20210331,-0.0081027930037298,3.173422797397826,R1_level_change,8
20210331,0.0179355871538786,3.770993980886933,R1_level_change,9
20210331,0.0004082750576317,4.181487820502606,R1_level_change,10
20210430,0.0621371887118316,1.1155035578097956,R1_level_change,1
20210430,0.0572424605452699,1.9245758496487777,R1_level_change,2
20210430,0.0491195577893033,1.5385705363846305,R1_level_change,3
20210430,0.0658927221688596,2.2904865452612655,R1_level_change,4
20210430,0.0690185794862388,2.625569078489326,R1_level_change,5
20210430,0.0449761901819523,2.8192052813587827,R1_level_change,6
20210430,0.0348030778530841,3.0923389744414513,R1_level_change,7
20210430,0.0528208645620982,3.3410457331774515,R1_level_change,8
20210430,0.0346405616819964,3.901623330484284,R1_level_change,9
20210430,0.0359291068542042,4.331724943214998,R1_level_change,10
20210531,0.0660300601273888,1.1891603248042926,R1_level_change,1
20210531,0.0578208781405911,2.035856515323644,R1_level_change,2
20210531,0.0536216379795604,1.6210712086926649,R1_level_change,3
20210531,0.0289151751752843,2.356716364954127,R1_level_change,4
20210531,0.0560215860088044,2.7726576224419737,R1_level_change,5
20210531,0.0332340269020166,2.9128988255217676,R1_level_change,6
20210531,0.0308354580481615,3.187692663158536,R1_level_change,7
20210531,0.0001333339477422,3.3414912079946433,R1_level_change,8
20210531,0.012389059814025,3.949960775297449,R1_level_change,9
20210531,0.0019861960970797,4.340328598390834,R1_level_change,10
20210630,0.0083827076722107,1.1991287081825182,R1_level_change,1
20210630,0.0129874856725744,2.062297172647827,R1_level_change,2
20210630,0.02005915115041,1.653588521093409,R1_level_change,3
20210630,0.0042334287586596,2.3666933557895273,R1_level_change,4
20210630,0.0319076906951245,2.8611267242623315,R1_level_change,5
20210630,-0.0077695614956934,2.890266878966143,R1_level_change,6
20210630,-0.0364877658826933,3.071380879559228,R1_level_change,7
20210630,-0.0100914129116802,3.3077708404740203,R1_level_change,8
20210630,-0.0333105309433463,3.818385484666899,R1_level_change,9
20210630,0.0004979997728857,4.342490081047083,R1_level_change,10
20210730,0.0623302199399065,1.2738706642997903,R1_level_change,1
20210730,0.0414188707272571,2.1477151926429157,R1_level_change,2
20210730,0.051894883986385,1.7394013055567694,R1_level_change,3
20210730,0.0429869413480057,2.4684302642635667,R1_level_change,4
20210730,0.0161259545975893,2.9072651239157357,R1_level_change,5
20210730,0.0573445780586925,3.0560080136174705,R1_level_change,6
20210730,0.0676037997799154,3.279017897588811,R1_level_change,7
20210730,0.0356909866815038,3.4258284454868453,R1_level_change,8
20210730,0.0565274752501061,4.034229175646772,R1_level_change,9
20210730,0.0639402788298304,4.620150107645006,R1_level_change,10
20210831,-0.0257851993863161,1.2410236552284413,R1_level_change,1
20210831,-0.0320883089402866,2.0787986440256425,R1_level_change,2
20210831,-0.0484600405903845,1.6551098476865205,R1_level_change,3
20210831,-0.0329237671915464,2.3871602409143855,R1_level_change,4
20210831,-0.0321166262568637,2.8138935765013193,R1_level_change,5
20210831,-0.0236101981109363,2.983855058987353,R1_level_change,6
20210831,-0.0223382026256288,3.2057705313794087,R1_level_change,7
20210831,0.0211679754767393,3.498346298008427,R1_level_change,8
20210831,0.0143944048652799,4.092299503720356,R1_level_change,9
20210831,0.0270877135011233,4.745299410093079,R1_level_change,10
20210930,-0.0156125464617477,1.2216481157510592,R1_level_change,1
20210930,-0.0346644611740709,2.0067382091411043,R1_level_change,2
20210930,0.000269568139581,1.6555560125689637,R1_level_change,3
20210930,0.006979373670658,2.403821124247465,R1_level_change,4
20210930,-0.0221961880580132,2.7514358655020605,R1_level_change,5
20210930,-0.0062490224184345,2.9652088818303817,R1_level_change,6
20210930,-0.0142730249575031,3.1600144885770023,R1_level_change,7
20210930,-0.0149157261238771,3.4461659227408536,R1_level_change,8
20210930,-0.0359926371612597,3.9450068525277455,R1_level_change,9
20210930,-0.0317814101981589,4.594487103027829,R1_level_change,10
20211029,0.0726958541290225,1.3104568689706937,R1_level_change,1
20211029,0.0913588056003211,2.190071415080763,R1_level_change,2
20211029,0.1002767572646512,1.8215698009793757,R1_level_change,3
20211029,0.1085354920369259,2.66472103273642,R1_level_change,4
20211029,0.0968664233769172,3.0179576169442175,R1_level_change,5
20211029,0.0906732200748601,3.2340739193405175,R1_level_change,6
20211029,0.0756023797480633,3.398919103951783,R1_level_change,7
20211029,0.1261325383521521,3.880839578158844,R1_level_change,8
20211029,0.0823169482099241,4.269747777295068,R1_level_change,9
20211029,0.0772353778208247,4.94934405032309,R1_level_change,10
20211130,0.0048211199428596,1.3167747387159454,R1_level_change,1
20211130,-0.0056833164585241,2.1776245461620913,R1_level_change,2
20211130,-0.0061654053909555,1.8103390847084155,R1_level_change,3
20211130,0.0243133777880326,2.729509401905057,R1_level_change,4
20211130,0.0074769722740228,3.0405228023702855,R1_level_change,5
20211130,0.0119523806582697,3.272728801901458,R1_level_change,6
20211130,0.000267773446767,3.399829244235531,R1_level_change,7
20211130,0.0304137874313841,3.9988706081442698,R1_level_change,8
20211130,0.0290878936884519,4.393945746717531,R1_level_change,9
20211130,0.057505050636075,5.233956330552275,R1_level_change,10
20211231,-0.1071914491979263,1.1756277462057625,R1_level_change,1
20211231,-0.1209107601997914,1.914326306855907,R1_level_change,2
20211231,-0.1042011788516779,1.621699617960531,R1_level_change,3
20211231,-0.1039353136491594,2.445816986109725,R1_level_change,4
20211231,-0.0962722265813692,2.7478049022146736,R1_level_change,5
20211231,-0.1086054756139269,2.917292533815553,R1_level_change,6
20211231,-0.0999324411880437,3.0600760082365723,R1_level_change,7
20211231,-0.0827034402232719,3.668150251843011,R1_level_change,8
20211231,-0.0762657345907286,4.058838246592311,R1_level_change,9
20211231,-0.0816143695230037,4.806790284523317,R1_level_change,10
20220128,0.0061910179776254,1.1829060787175176,R1_level_change,1
20220128,0.0192758882148238,1.9512266467535584,R1_level_change,2
20220128,0.0186856464028892,1.652002123593442,R1_level_change,3
20220128,0.0287471364170015,2.516127220660441,R1_level_change,4
20220128,0.0186197266436958,2.7989682783641183,R1_level_change,5
20220128,0.0145562625484807,2.959757409868495,R1_level_change,6
20220128,0.0289365786744784,3.148624138398794,R1_level_change,7
20220128,0.0301636356007137,3.7787949993682703,R1_level_change,8
20220128,0.0203336089911776,4.1413690764569555,R1_level_change,9
20220128,0.0377721896325331,4.9883532786741505,R1_level_change,10
20220228,-0.0982596813152384,1.066674104396876,R1_level_change,1
20220228,-0.1162448241112569,1.7244066484004932,R1_level_change,2
20220228,-0.1197574253560512,1.4541626025891623,R1_level_change,3
20220228,-0.1123229543121498,2.2335083778106415,R1_level_change,4
20220228,-0.1260843173577702,2.446062273680525,R1_level_change,5
20220228,-0.1112509588053677,2.630481560189333,R1_level_change,6
20220228,-0.111249002903554,2.7983428424838666,R1_level_change,7
20220228,-0.0910904764070394,3.434582762631276,R1_level_change,8
20220228,-0.101557226595409,3.720783118743997,R1_level_change,9
20220228,-0.0789401490590033,4.594571927296645,R1_level_change,10
20220331,-0.1455998505712228,0.911366514188498,R1_level_change,1
20220331,-0.1436834476581707,1.4766379559936391,R1_level_change,2
20220331,-0.1377651578502934,1.2538296621034728,R1_level_change,3
20220331,-0.1394854785282155,1.9219663929349455,R1_level_change,4
20220331,-0.1227191889701251,2.1458834952840307,R1_level_change,5
20220331,-0.117212691128501,2.322155737555643,R1_level_change,6
20220331,-0.134705673638621,2.4213901848152637,R1_level_change,7
20220331,-0.1139384906919515,3.043251586500475,R1_level_change,8
20220331,-0.1375282488313469,3.209070332141897,R1_level_change,9
20220331,-0.1288332618714774,4.002638238999897,R1_level_change,10
20220429,0.1069418985238142,1.0088297794668466,R1_level_change,1
20220429,0.1075377833516462,1.635432328594101,R1_level_change,2
20220429,0.1120954811820775,1.3943783013973234,R1_level_change,3
20220429,0.1180481815701957,2.1488510306599444,R1_level_change,4
20220429,0.0969011465030345,2.353822066238992,R1_level_change,5
20220429,0.1052044093669253,2.566456760383202,R1_level_change,6
20220429,0.1203343688660867,2.7127666444835454,R1_level_change,7
20220429,0.117195321911993,3.3999064358395823,R1_level_change,8
20220429,0.1010297872697152,3.5332820251317476,R1_level_change,9
20220429,0.1148776057943425,4.462451736757089,R1_level_change,10
20220531,0.1089272395772966,1.118718822547543,R1_level_change,1
20220531,0.1351824761145352,1.856514120291212,R1_level_change,2
20220531,0.1151946811416604,1.5550032652176382,R1_level_change,3
20220531,0.1169254809572835,2.400106470925413,R1_level_change,4
20220531,0.1254728798863715,2.649162899630088,R1_level_change,5
20220531,0.1036219371506981,2.8323979815076137,R1_level_change,6
20220531,0.0995604189764889,2.9828508281937713,R1_level_change,7
20220531,0.1015804884015945,3.745270592111891,R1_level_change,8
20220531,0.1097126490516124,3.9209277559553977,R1_level_change,9
20220531,0.0926898372796458,4.876075662105377,R1_level_change,10
20220630,-0.0048909136854851,1.1132472653481356,R1_level_change,1
20220630,0.0015530435790451,1.8593973676251367,R1_level_change,2
20220630,-0.0033201383508437,1.5498404392411018,R1_level_change,3
20220630,0.0060199726574179,2.4145550462552756,R1_level_change,4
20220630,0.0081594514591039,2.670778615716879,R1_level_change,5
20220630,0.0003782194774009,2.833469249591971,R1_level_change,6
20220630,0.0172810266443681,3.0343975528319636,R1_level_change,7
20220630,0.0177395772105197,3.811710108954949,R1_level_change,8
20220630,0.0305721059631762,4.040798774784425,R1_level_change,9
20220630,0.0082451800551321,4.916279783901884,R1_level_change,10
20220729,-0.0419171665284546,1.066583094339191,R1_level_change,1
20220729,-0.0479576616196777,1.7702250178520509,R1_level_change,2
20220729,-0.0445060576004141,1.4808631513807862,R1_level_change,3
20220729,-0.0468797770957477,2.3013612439014155,R1_level_change,4
20220729,-0.033455043118273,2.5814276019687092,R1_level_change,5
20220729,-0.0150396330677234,2.79085491176943,R1_level_change,6
20220729,-0.0294006752582849,2.9451842157766164,R1_level_change,7
20220729,-0.0219460152224634,3.728058260880206,R1_level_change,8
20220729,-0.0368406221008861,3.891933234136868,R1_level_change,9
20220729,-0.0266762935680289,4.785131661123952,R1_level_change,10
20220831,-0.0737004983238557,0.9879753887825926,R1_level_change,1
20220831,-0.0615890507652534,1.6611985393616393,R1_level_change,2
20220831,-0.0648768508811817,1.384789413533218,R1_level_change,3
20220831,-0.083625988619418,2.108907634709746,R1_level_change,4
20220831,-0.0910293361036268,2.3464419611619203,R1_level_change,5
20220831,-0.0831614416483658,2.5587633938752616,R1_level_change,6
20220831,-0.0995688221872648,2.6519356922872155,R1_level_change,7
20220831,-0.0722189322640822,3.458821873861146,R1_level_change,8
20220831,-0.0932941105248044,3.5288387848361435,R1_level_change,9
20220831,-0.0851252176197633,4.377796287131556,R1_level_change,10
20220930,0.0353246435999001,1.0228752672768104,R1_level_change,1
20220930,0.0483419496447017,1.7415041155013116,R1_level_change,2
20220930,0.0490617354312654,1.452729585368002,R1_level_change,3
20220930,0.0314928646435943,2.175323177395503,R1_level_change,4
20220930,0.0298239432818201,2.416422113125696,R1_level_change,5
20220930,0.0045701101265001,2.570457224372929,R1_level_change,6
20220930,0.021453173582268,2.7088281290228653,R1_level_change,7
20220930,0.033660590345302,3.5752478600345556,R1_level_change,8
20220930,0.0235014568725875,3.611771637348284,R1_level_change,9
20220930,0.0067629547748055,4.4074031254347386,R1_level_change,10
20221031,0.0433769466434117,1.067244473168342,R1_level_change,1
20221031,0.0397977940634521,1.8108121376506872,R1_level_change,2
20221031,0.0590216492952402,1.538472081476412,R1_level_change,3
20221031,0.0382996134777355,2.2586372142789104,R1_level_change,4
20221031,0.061791902645244,2.565737433089774,R1_level_change,5
20221031,0.061753137867037,2.729191023730952,R1_level_change,6
20221031,0.0682260735161581,2.8936408360962167,R1_level_change,7
20221031,0.0807646154487655,3.864001378584269,R1_level_change,8
20221031,0.0863781672627368,3.923749851953963,R1_level_change,9
20221031,0.1012527074616842,4.8536646247600945,R1_level_change,10
20221130,-0.0506263880026561,1.0132137403760313,R1_level_change,1
20221130,-0.047377791059104,1.7250198585457834,R1_level_change,2
20221130,-0.0334445811643736,1.4870185270783514,R1_level_change,3
20221130,-0.042837318894232,2.161883251664465,R1_level_change,4
20221130,-0.0275300112312523,2.495102652740368,R1_level_change,5
20221130,-0.0507028907649822,2.5908131493779516,R1_level_change,6
20221130,-0.0309789554129064,2.803998865653827,R1_level_change,7
20221130,-0.0405196871135288,3.70743325171779,R1_level_change,8
20221130,-0.0450465912137721,3.7469982963478934,R1_level_change,9
20221130,-0.0410441830009279,4.654449925676311,R1_level_change,10
20221230,0.0536479568239072,1.067570587373114,R1_level_change,1
20221230,0.0799850691739472,1.8629956912580008,R1_level_change,2
20221230,0.0786526911554479,1.603976536031074,R1_level_change,3
20221230,0.0921302853018959,2.3610581724297024,R1_level_change,4
20221230,0.0800877561659809,2.694929825602131,R1_level_change,5
20221230,0.1026014848388874,2.8566344254442435,R1_level_change,6
20221230,0.0994223318405209,3.0827789713553058,R1_level_change,7
20221230,0.0929740153327751,4.052128207708241,R1_level_change,8
20221230,0.1044061077456997,4.138207804199345,R1_level_change,9
20221230,0.1092758244850333,5.163068778828892,R1_level_change,10
20230131,0.0186151557972027,1.0874435801815758,R1_level_change,1
20230131,0.0148459466323183,1.890653625866656,R1_level_change,2
20230131,0.0310226856467794,1.6537361958931764,R1_level_change,3
20230131,0.0122686246945293,2.3900251090291937,R1_level_change,4
20230131,0.0157163051705957,2.7372841651546342,R1_level_change,5
20230131,0.0232522221478495,2.9230575236998675,R1_level_change,6
20230131,0.023464743053051,3.155115587807507,R1_level_change,7
20230131,0.032424347058126,4.183515819038995,R1_level_change,8
20230131,0.0352164010267621,4.283940589764105,R1_level_change,9
20230131,0.0401983763253066,5.370615760593697,R1_level_change,10
20230228,-0.0212360184599751,1.0643506082386585,R1_level_change,1
20230228,0.0015923472763312,1.8936642030182904,R1_level_change,2
20230228,-0.0048983689937337,1.645635585787398,R1_level_change,3
20230228,-0.0163055177706725,2.3510545121415647,R1_level_change,4
20230228,-0.0201513807493375,2.6821241097234707,R1_level_change,5
20230228,-0.0076632124863744,2.90065751278586,R1_level_change,6
20230228,-0.0134515783327533,3.1126743033292232,R1_level_change,7
20230228,-0.0213380271386245,4.094247844957476,R1_level_change,8
20230228,-0.0032903547284539,4.269844905588159,R1_level_change,9
20230228,-0.0393276369932228,5.159402133530987,R1_level_change,10
20230331,-0.0165746655052546,1.0467093529267884,R1_level_change,1
20230331,-0.0233068018981478,1.8495289465769291,R1_level_change,2
20230331,-0.0258432089585509,1.603107081474267,R1_level_change,3
20230331,-0.0229789681903789,2.297029705293217,R1_level_change,4
20230331,-0.0456283987604669,2.5597430813199455,R1_level_change,5
20230331,-0.0374631623358311,2.791989709503715,R1_level_change,6
20230331,-0.0385197683894296,2.9927748100932523,R1_level_change,7
20230331,-0.0449193417788627,3.910336926682459,R1_level_change,8
20230331,-0.049245596316926,4.059573847031682,R1_level_change,9
20230331,-0.0431256508272361,4.936899558643033,R1_level_change,10
20230428,-0.0099325538502959,1.0363128559132346,R1_level_change,1
20230428,-0.0103717908763095,1.830346019123352,R1_level_change,2
20230428,-0.017629819382615,1.5748445931768844,R1_level_change,3
20230428,-0.0278850249604275,2.232976974626272,R1_level_change,4
20230428,-0.0225797932310607,2.501944611819103,R1_level_change,5
20230428,-0.0164134937908693,2.746163403742605,R1_level_change,6
20230428,-0.0173271384755954,2.9409185865324927,R1_level_change,7
20230428,-0.0063543678220647,3.885489207542116,R1_level_change,8
20230428,-0.0239561162897593,3.962322223865325,R1_level_change,9
20230428,-0.0060700813136889,4.906932176884554,R1_level_change,10
20230531,0.0212713197377512,1.0583565980197072,R1_level_change,1
20230531,0.0223159486557487,1.8711919269083628,R1_level_change,2
20230531,0.029916087971838,1.6219577825683376,R1_level_change,3
20230531,0.0360794622154339,2.3135415830102346,R1_level_change,4
20230531,0.0167200844180923,2.54377733693811,R1_level_change,5
20230531,0.0333054648691659,2.8376256525109436,R1_level_change,6
20230531,0.0463998182002249,3.0773766742892628,R1_level_change,7
20230531,0.0377015876485,4.031978319457567,R1_level_change,8
20230531,0.0419139805068047,4.128398920318095,R1_level_change,9
20230531,0.0379982053445939,5.093386793353809,R1_level_change,10
20230630,-0.0407324286184684,1.0152471634379845,R1_level_change,1
20230630,-0.0201305722327809,1.8335237626623375,R1_level_change,2
20230630,-0.0147270879599318,1.5980710676371577,R1_level_change,3
20230630,-0.0120289501202351,2.2857121067071144,R1_level_change,4
20230630,-0.0189345644437964,2.4956120210211856,R1_level_change,5
20230630,-0.0116038978324134,2.804698134352571,R1_level_change,6
20230630,-0.0246204652351794,3.001610228864372,R1_level_change,7
20230630,-0.0233982455639089,3.9376371006305417,R1_level_change,8
20230630,0.0080667220311148,4.161701566841856,R1_level_change,9
20230630,0.0033883508336143,5.11064497474099,R1_level_change,10
20230731,-0.0620653415693379,0.9522355014619044,R1_level_change,1
20230731,-0.0545617830756111,1.7334834368599767,R1_level_change,2
20230731,-0.0560757984402841,1.5084579565550869,R1_level_change,3
20230731,-0.0570169906197628,2.1553876809595165,R1_level_change,4
20230731,-0.0426897876253379,2.3890748738485508,R1_level_change,5
20230731,-0.0514935405298991,2.6602742972971543,R1_level_change,6
20230731,-0.0526179464969749,2.8436716624372136,R1_level_change,7
20230731,-0.0493628111573017,3.743264264026131,R1_level_change,8
20230731,-0.0527833320589378,3.9420330911090407,R1_level_change,9
20230731,-0.0526778824731998,4.841427019399335,R1_level_change,10
20230831,-0.0191274828301856,0.9340216332573984,R1_level_change,1
20230831,-0.0178394469703314,1.7025590510141653,R1_level_change,2
20230831,-0.0074093248190918,1.4972813015790267,R1_level_change,3
20230831,-0.0130024973859912,2.1273622582720426,R1_level_change,4
20230831,-0.0122817735536621,2.359732797245199,R1_level_change,5
20230831,-0.0033586293946339,2.651339421844463,R1_level_change,6
20230831,-0.0057280246714173,2.827383040997363,R1_level_change,7
20230831,7.209102125615985e-05,3.743534119769756,R1_level_change,8
20230831,0.0015781802444654,3.9482543298564576,R1_level_change,9
20230831,-0.0039784314173051,4.822165734040767,R1_level_change,10
20230928,-0.0156476871339596,0.9194063549638368,R1_level_change,1
20230928,-0.0031705182336464,1.6971610564990651,R1_level_change,2
20230928,-0.0153155484320622,1.474349617288272,R1_level_change,3
20230928,-0.0154760885749049,2.0944390115321148,R1_level_change,4
20230928,-0.0362642939190536,2.2741587535154686,R1_level_change,5
20230928,-0.0036311682268249,2.641711962377333,R1_level_change,6
20230928,-0.0318051377037418,2.7374577340372177,R1_level_change,7
20230928,-0.0194963755914797,3.670548772531206,R1_level_change,8
20230928,-0.0448219621626411,3.7712858236751474,R1_level_change,9
20230928,-0.0249396418751728,4.70190264757106,R1_level_change,10
20231031,0.0297507926399971,0.9467594227822614,R1_level_change,1
20231031,0.0223201621822688,1.735041966529555,R1_level_change,2
20231031,0.017901737797932,1.500743037559448,R1_level_change,3
20231031,0.022211239505721,2.14095909804738,R1_level_change,4
20231031,0.0192272178327519,2.31788449925557,R1_level_change,5
20231031,0.0205314281984421,2.695950081853849,R1_level_change,6
20231031,0.0269072253971198,2.811115126302046,R1_level_change,7
20231031,0.0257245939348758,3.764972149222728,R1_level_change,8
20231031,0.0246097106646521,3.864096076629497,R1_level_change,9
20231031,0.0296847912592936,4.841477646185727,R1_level_change,10
20231130,-0.0342631564755558,0.9143204565347658,R1_level_change,1
20231130,-0.0250912927428985,1.6915075206261474,R1_level_change,2
20231130,-0.027684131333758,1.4591962702094292,R1_level_change,3
20231130,-0.0310143947073459,2.0745585475282553,R1_level_change,4
20231130,-0.0148516744659108,2.2834600332230455,R1_level_change,5
20231130,-0.0195449438346191,2.6432578889230784,R1_level_change,6
20231130,-0.0212371837813302,2.7514149577342923,R1_level_change,7
20231130,-0.0170478591806315,3.700787434203779,R1_level_change,8
20231130,-0.005877485788985,3.841384906851834,R1_level_change,9
20231130,-0.018239037758332,4.7531737525908255,R1_level_change,10
20231229,-0.2214657379222189,0.7118298019309138,R1_level_change,1
20231229,-0.2029849723086287,1.3481569133920115,R1_level_change,2
20231229,-0.1964656388711715,1.172514342744303,R1_level_change,3
20231229,-0.210845420217555,1.6371473788087396,R1_level_change,4
20231229,-0.1926787752425444,1.8434857507063296,R1_level_change,5
20231229,-0.2035580927860124,2.105201354312315,R1_level_change,6
20231229,-0.1978927944746797,2.2069297629888203,R1_level_change,7
20231229,-0.2036101464023316,2.947269562921638,R1_level_change,8
20231229,-0.1903206613813801,3.1102899907593415,R1_level_change,9
20231229,-0.1921661935357728,3.8397744453413014,R1_level_change,10
20240131,0.1018330793147668,0.7843176226095594,R1_level_change,1
20240131,0.1144467125839374,1.5024490401770354,R1_level_change,2
20240131,0.1158881470287744,1.3083948572896016,R1_level_change,3
20240131,0.1146221355053902,1.8248007075048496,R1_level_change,4
20240131,0.1035148644655121,2.034313928334798,R1_level_change,5
20240131,0.115448864878479,2.3482444610083086,R1_level_change,6
20240131,0.1091095673541824,2.447726914609599,R1_level_change,7
20240131,0.1110677495682213,3.27461616064626,R1_level_change,8
20240131,0.1219385126802243,3.489554126236724,R1_level_change,9
20240131,0.1231484893227505,4.312636867625185,R1_level_change,10
20240229,0.0167629832818623,0.7974651258050334,R1_level_change,1
20240229,0.0209336423354888,1.5339007710114,R1_level_change,2
20240229,0.0222340332051222,1.3374857519919898,R1_level_change,3
20240229,0.0316833613548823,1.882616527721371,R1_level_change,4
20240229,0.028246917184137,2.091777025395007,R1_level_change,5
20240229,0.0340395172190155,2.428177568773259,R1_level_change,6
20240229,0.0342138095163624,2.5314729770141255,R1_level_change,7
20240229,0.0382673778168956,3.3999271344710227,R1_level_change,8
20240229,0.0417900088695606,3.635382624122969,R1_level_change,9
20240229,0.0264623618097656,4.426759424770418,R1_level_change,10
20240329,0.0062946101322471,0.8024848578660395,R1_level_change,1
20240329,-0.0005967315005062,1.532985444102687,R1_level_change,2
20240329,0.0174553388801725,1.3608320190404126,R1_level_change,3
20240329,-0.0013291418765637,1.8801142632568657,R1_level_change,4
20240329,0.001158226859816,2.094199777730566,R1_level_change,5
20240329,0.0168758204807044,2.4691550575191497,R1_level_change,6
20240329,0.0052446154826237,2.5447495793832173,R1_level_change,7
20240329,0.0133523989735078,3.445324318051335,R1_level_change,8
20240329,0.0257764587697812,3.7290899144460545,R1_level_change,9
20240329,0.0323622211557261,4.570019192278033,R1_level_change,10
20240430,-0.0298099594648405,0.7785628167819045,R1_level_change,1
20240430,-0.0177035128659063,1.5058462165697677,R1_level_change,2
20240430,-0.0301542108284084,1.319797203436219,R1_level_change,3
20240430,-0.0180569791664675,1.8461650791746576,R1_level_change,4
20240430,-0.0246564675626487,2.042564208841246,R1_level_change,5
20240430,-0.016987934974778,2.42720921195937,R1_level_change,6
20240430,-0.0111677792269424,2.5163303778928108,R1_level_change,7
20240430,-0.0312022893060142,3.337822311926451,R1_level_change,8
20240430,-0.0211217506903993,3.6503250069710425,R1_level_change,9
20240430,-0.0047798591826428,4.548175144076969,R1_level_change,10
20240531,-0.0778981059780753,0.7179142479696389,R1_level_change,1
20240531,-0.0785156719986267,1.3876136889492028,R1_level_change,2
20240531,-0.0960937492758956,1.192972941874191,R1_level_change,3
20240531,-0.0882833060298021,1.6831795225083477,R1_level_change,4
20240531,-0.0853464029394058,1.8682387008438723,R1_level_change,5
20240531,-0.0626000985255315,2.275265676148636,R1_level_change,6
20240531,-0.0800966426163887,2.314780762909968,R1_level_change,7
20240531,-0.0847032057294969,3.0550980619508397,R1_level_change,8
20240531,-0.083413620206312,3.3458381832099566,R1_level_change,9
20240531,-0.0894225158630734,4.1414658801077096,R1_level_change,10
20240628,-0.0350849454969308,0.692726265708154,R1_level_change,1
20240628,-0.0225224879657525,1.3563611763387309,R1_level_change,2
20240628,-0.0274810879836642,1.1601887474964157,R1_level_change,3
20240628,-0.0229122126322579,1.6446141553903737,R1_level_change,4
20240628,-0.0109383461801289,1.847803259186928,R1_level_change,5
20240628,-0.0117207143178734,2.2485979371612346,R1_level_change,6
20240628,-0.0209100010868638,2.266378694641669,R1_level_change,7
20240628,-0.0146980966926474,3.0101939352307663,R1_level_change,8
20240628,-0.0104800535296653,3.310773619948318,R1_level_change,9
20240628,-0.0202525027882786,4.057590830823267,R1_level_change,10
20240731,-0.0485590764634185,0.6590881180034134,R1_level_change,1
20240731,-0.0632316389564346,1.2705962361419552,R1_level_change,2
20240731,-0.0525074141314942,1.0992702364609217,R1_level_change,3
20240731,-0.0472706314577329,1.5668722057607447,R1_level_change,4
20240731,-0.0617822894939268,1.7336417433000195,R1_level_change,5
20240731,-0.0585760705752437,2.1168839056987308,R1_level_change,6
20240731,-0.05247615749412,2.1474478493203346,R1_level_change,7
20240731,-0.0628353664927149,2.8210472960963933,R1_level_change,8
20240731,-0.0453478561176921,3.160637134192651,R1_level_change,9
20240731,-0.0561291528071969,3.829841695050906,R1_level_change,10
20240830,0.3977474184558009,0.9212387154741634,R1_level_change,1
20240830,0.3629681702623795,1.7317822271166667,R1_level_change,2
20240830,0.3919222247106015,1.5300986730928352,R1_level_change,3
20240830,0.3888481731296711,2.176147600498469,R1_level_change,4
20240830,0.4127019510366996,2.4491190731586028,R1_level_change,5
20240830,0.3994139085525399,2.962396780425827,R1_level_change,6
20240830,0.39817508425725,3.002508077661509,R1_level_change,7
20240830,0.4041282353201514,3.961112161622513,R1_level_change,8
20240830,0.4181256342696973,4.482180540623312,R1_level_change,9
20240830,0.4060045989552621,5.384775036512191,R1_level_change,10
20240930,-0.0587632912080078,0.867103696564664,R1_level_change,1
20240930,-0.093059157118242,1.5706240327488377,R1_level_change,2
20240930,-0.0936950762129078,1.3867359613041328,R1_level_change,3
20240930,-0.0826419745341504,1.9963064659155216,R1_level_change,4
20240930,-0.0873618811589075,2.235159423745307,R1_level_change,5
20240930,-0.0980952573010066,2.671799706022282,R1_level_change,6
20240930,-0.0923156991818235,2.725329445173114,R1_level_change,7
20240930,-0.0942411721069916,3.587812308663948,R1_level_change,8
20240930,-0.0876592980919948,4.089275740510675,R1_level_change,9
20240930,-0.0892141581874457,4.904376864600984,R1_level_change,10
20241031,0.025676407954511,0.8893678048165229,R1_level_change,1
20241031,0.0242526083110592,1.6087157622190311,R1_level_change,2
20241031,0.0454586173914342,1.449775060792,R1_level_change,3
20241031,0.0592943200386661,2.114676100400775,R1_level_change,4
20241031,0.0719484760862632,2.3959757380936324,R1_level_change,5
20241031,0.0542896384844153,2.816850746164999,R1_level_change,6
20241031,0.0526931395842666,2.8689356100407326,R1_level_change,7
20241031,0.0468064068954994,3.7557449114479544,R1_level_change,8
20241031,0.0498623581117387,4.293176671901664,R1_level_change,9
20241031,0.0480466575630607,5.140015780374664,R1_level_change,10
20241129,-0.0446620763384418,0.8496467920248548,R1_level_change,1
20241129,-0.0337489344990571,1.5544233193323005,R1_level_change,2
20241129,-0.0419953389630337,1.388891265693887,R1_level_change,3
20241129,-0.0323170776246957,2.0463359487130344,R1_level_change,4
20241129,-0.0389996952726799,2.3025334144272462,R1_level_change,5
20241129,-0.0355175733361251,2.716803043211165,R1_level_change,6
20241129,-0.0368156770171561,2.763313803238455,R1_level_change,7
20241129,-0.0223939331799708,3.671639010859973,R1_level_change,8
20241129,-0.0155137046908141,4.226573596828289,R1_level_change,9
20241129,-0.0101498148283477,5.087845571989076,R1_level_change,10
20241231,0.0280913372958178,0.8735145066419346,R1_level_change,1
20241231,0.0094311012129728,1.5690832429847286,R1_level_change,2
20241231,-0.0107491196169645,1.3739619073439862,R1_level_change,3
20241231,0.0031468635064866,2.0527754886320513,R1_level_change,4
20241231,0.0101853759927839,2.3259855829891363,R1_level_change,5
20241231,0.0067090711544008,2.735030268140562,R1_level_change,6
20241231,0.0120717850025022,2.7966719333655963,R1_level_change,7
20241231,-0.0014319477771678,3.6663814155398096,R1_level_change,8
20241231,0.0009927475162736,4.230769517268889,R1_level_change,9
20241231,-0.0023354121501368,5.075963355622233,R1_level_change,10
20250127,0.060844581832643,0.9266631315233108,R1_level_change,1
20250127,0.077610338497241,1.6908603246031222,R1_level_change,2
20250127,0.0603101318919905,1.4568257311904729,R1_level_change,3
20250127,0.0796999287729816,2.216381548862948,R1_level_change,4
20250127,0.07420761524347,2.4985914261934523,R1_level_change,5
20250127,0.0595614471561247,2.8979326289268177,R1_level_change,6
20250127,0.0611904622681362,2.96780158178056,R1_level_change,7
20250127,0.0499844951731038,3.8496436397076166,R1_level_change,8
20250127,0.0572088624957067,4.472807028833352,R1_level_change,9
20250127,0.0556683044202219,5.358533628928902,R1_level_change,10
20250228,-0.0083589874284349,0.9189171660565132,R1_level_change,1
20250228,-0.0005879234934201,1.6898662280941958,R1_level_change,2
20250228,0.0200538396160263,1.486040680752267,R1_level_change,3
20250228,-0.0073352109852956,2.200123922578122,R1_level_change,4
20250228,-0.0028727882211453,2.491413502174829,R1_level_change,5
20250228,0.003730324117134,2.9087428569023333,R1_level_change,6
20250228,0.0036654677574292,2.978679962789024,R1_level_change,7
20250228,0.0112707537381775,3.8930320251505024,R1_level_change,8
20250228,0.0158193007033704,4.543563708210616,R1_level_change,9
20250228,0.0220608281661423,5.476747318539198,R1_level_change,10
20250331,-0.0412230656862362,0.8810365833599555,R1_level_change,1
20250331,-0.0039803088070247,1.683140038663819,R1_level_change,2
20250331,-0.0069195341432285,1.4757579715235751,R1_level_change,3
20250331,-0.0287095421435755,2.136959372101777,R1_level_change,4
20250331,-0.0106816446933818,2.4648011083603034,R1_level_change,5
20250331,-0.0364982036335657,2.802578967793432,R1_level_change,6
20250331,-0.0518446857772009,2.824251236087383,R1_level_change,7
20250331,-0.0344468866173699,3.758929192382353,R1_level_change,8
20250331,-0.0519134409157699,4.307691682097388,R1_level_change,9
20250331,-0.0475102900544532,5.2165454648804515,R1_level_change,10
20250430,-0.0095879882100915,0.8725892149860409,R1_level_change,1
20250430,-0.0013305532177551,1.6809005312694425,R1_level_change,2
20250430,0.0109188694049464,1.4918715800879498,R1_level_change,3
20250430,0.0157086361991896,2.170528089450572,R1_level_change,4
20250430,0.009462920664232,2.4881253257018283,R1_level_change,5
20250430,0.0058661058049886,2.819019192545344,R1_level_change,6
20250430,0.0093505752292302,2.850659609736664,R1_level_change,7
20250430,0.018531806600311,3.828588941199846,R1_level_change,8
20250430,0.0204530828244842,4.395797256853667,R1_level_change,9
20250430,0.0267531240810112,5.356104352976635,R1_level_change,10
20250530,0.0565887702453646,0.9219679655914692,R1_level_change,1
20250530,0.0435731504938672,1.754142663083667,R1_level_change,2
20250530,0.0612846366896406,1.5833003878612402,R1_level_change,3
20250530,0.0535755751792967,2.2868153802857063,R1_level_change,4
20250530,0.0636890932392997,2.646591771561515,R1_level_change,5
20250530,0.0516370694589725,2.964585082396985,R1_level_change,6
20250530,0.047106891207318,2.984945321841625,R1_level_change,7
20250530,0.0680002168768867,4.088933819533886,R1_level_change,8
20250530,0.05384921255615,4.632507477691721,R1_level_change,9
20250530,0.056218193894105,5.657214866009335,R1_level_change,10
20250630,0.0666815137768086,0.9834461851908328,R1_level_change,1
20250630,0.0419709037245628,1.8277656159151,R1_level_change,2
20250630,0.0624153000391256,1.682122556621663,R1_level_change,3
20250630,0.0517064339233068,2.405058448641251,R1_level_change,4
20250630,0.077839927408511,2.852602282939826,R1_level_change,5
20250630,0.0565095188373299,3.132112358955564,R1_level_change,6
20250630,0.0582336138495267,3.158769475075702,R1_level_change,7
20250630,0.0507424016474731,4.2964161417146105,R1_level_change,8
20250630,0.0572009732064091,4.897491413801656,R1_level_change,9
20250630,0.0693804875981116,6.049715191860349,R1_level_change,10
20250731,0.1386245158157701,1.1197759364437785,R1_level_change,1
20250731,0.1095085995984777,2.0279216689082116,R1_level_change,2
20250731,0.1229759674900861,1.8889832054591096,R1_level_change,3
20250731,0.1253027332791609,2.7064188459521388,R1_level_change,4
20250731,0.1449840743882444,3.2661841845296493,R1_level_change,5
20250731,0.1135420975320731,3.4877389658975084,R1_level_change,6
20250731,0.1072724302539946,3.497618353279208,R1_level_change,7
20250731,0.1050915882336771,4.747933337760206,R1_level_change,8
20250731,0.0942535873394092,5.359097548516417,R1_level_change,9
20250731,0.0921715945375638,6.607327087592242,R1_level_change,10
20250829,0.0167277288403915,1.1385072446706053,R1_level_change,1
20250829,0.0186339242021904,2.0657098075746267,R1_level_change,2
20250829,0.0347753478942152,1.95467325359528,R1_level_change,3
20250829,0.0417116102249253,2.8193079339598865,R1_level_change,4
20250829,0.0373902709224274,3.388307696071761,R1_level_change,5
20250829,0.0400181926325791,3.627311975686947,R1_level_change,6
20250829,0.0644467986776178,3.723028659144134,R1_level_change,7
20250829,0.0465595896351223,4.968995165581238,R1_level_change,8
20250829,0.0149478276035299,5.439204414782141,R1_level_change,9
20250829,0.0213432128279358,6.7483486758465085,R1_level_change,10
20250930,-0.0230666786822788,1.1122456638803415,R1_level_change,1
20250930,-0.0236748330499533,2.0168044727506462,R1_level_change,2
20250930,-0.0221924059272251,1.9112943512964031,R1_level_change,3
20250930,-0.0127921020720837,2.783243059096036,R1_level_change,4
20250930,-0.005248528864753,3.3705240653262636,R1_level_change,5
20250930,-0.0128860728819942,3.5805701692025145,R1_level_change,6
20250930,-0.0002778905575581,3.72199406463424,R1_level_change,7
20250930,0.0046213908908647,4.991958834576206,R1_level_change,8
20250930,0.0121261362562532,5.505160948641404,R1_level_change,9
20250930,0.0134983581315692,6.839440303069787,R1_level_change,10
20251031,-0.0257149783940288,1.0836442906648065,R1_level_change,1
20251031,-0.0290253335167264,1.9582660502910332,R1_level_change,2
20251031,-0.0302921060361813,1.8533972201405784,R1_level_change,3
20251031,-0.0177755882518795,2.7337692764726436,R1_level_change,4
20251031,-0.0260471067211933,3.28273166529036,R1_level_change,5
20251031,-0.0283366903804942,3.479108660932189,R1_level_change,6
20251031,-0.0313812612130928,3.605193196658372,R1_level_change,7
20251031,-0.026108700465078,4.861625276630256,R1_level_change,8
20251031,-0.0284061013607446,5.348780788727083,R1_level_change,9
20251031,-0.0395682789621565,6.568815421212905,R1_level_change,10
20251128,0.0330137141121431,1.1194194134760709,R1_level_change,1
20251128,0.0403506293393154,2.037283317834092,R1_level_change,2
20251128,0.0624518352984531,1.9691452780754084,R1_level_change,3
20251128,0.0616536253542694,2.9023160632493,R1_level_change,4
20251128,0.0392563742327281,3.4115998080486247,R1_level_change,5
20251128,0.0469739558033892,3.6425361574060062,R1_level_change,6
20251128,0.0309596176905464,3.716808599727474,R1_level_change,7
20251128,0.0556998699697788,5.132417172380351,R1_level_change,8
20251128,0.0371079721853837,5.547263197460882,R1_level_change,9
20251128,0.0404966333524903,6.834830330885949,R1_level_change,10
20251231,0.0776784197151243,1.2063741445133231,R1_level_change,1
20251231,0.0725102831017581,2.185007307968731,R1_level_change,2
20251231,0.0770937002325014,2.1209539738575995,R1_level_change,3
20251231,0.0737208942571678,3.116277398848981,R1_level_change,4
20251231,0.0957864806427326,3.738384947023024,R1_level_change,5
20251231,0.0870319403147847,3.9595531468518113,R1_level_change,6
20251231,0.0564786143708406,3.9267287993217064,R1_level_change,7
20251231,0.0652017110446603,5.467059553814548,R1_level_change,8
20251231,0.0550217516924622,5.852483335684309,R1_level_change,9
20251231,0.0634360829431825,7.26840519465861,R1_level_change,10
20260130,0.0545450590511289,1.2721758934635574,R1_level_change,1
20260130,0.0366982087977953,2.2651931623812764,R1_level_change,2
20260130,0.019519797056239,2.1623545649929237,R1_level_change,3
20260130,0.0518409632901668,3.277828221084688,R1_level_change,4
20260130,0.0360128754564932,3.8730149385285935,R1_level_change,5
20260130,0.037902739003202,4.109631056346243,R1_level_change,6
20260130,0.0388390305996941,4.079239139315263,R1_level_change,7
20260130,0.0381868836756478,5.675829521043903,R1_level_change,8
20260130,0.0334504056782214,6.04825127748798,R1_level_change,9
20260130,0.0178175827730071,7.397910605842195,R1_level_change,10
20260227,-0.1028253134718036,1.1413640084268952,R1_level_change,1
20260227,-0.0834733284949997,2.0761099494331967,R1_level_change,2
20260227,-0.0656273080622624,2.0204450558162934,R1_level_change,3
20260227,-0.0794167027800136,3.0175139114868643,R1_level_change,4
20260227,-0.0942283639467365,3.5080670773297737,R1_level_change,5
20260227,-0.07947543242968,3.7830163510166823,R1_level_change,6
20260227,-0.0811785911772625,3.7480922529105007,R1_level_change,7
20260227,-0.0711687675584922,5.2718877291591015,R1_level_change,8
20260227,-0.0924845412132063,5.488881532947315,R1_level_change,9
20260227,-0.0846337198002081,6.771797912520358,R1_level_change,10
20260331,0.0749201912485875,1.226875218222493,R1_level_change,1
20260331,0.0777852600112927,2.2376007016618895,R1_level_change,2
20260331,0.0806519083146766,2.183397805212831,R1_level_change,3
20260331,0.0558551725566869,3.1860576717051665,R1_level_change,4
20260331,0.0627420629075541,3.7281704425795184,R1_level_change,5
20260331,0.0991173811758483,4.157979024674869,R1_level_change,6
20260331,0.0604166412165547,3.9745393978011423,R1_level_change,7
20260331,0.0705666574809036,5.643907224820451,R1_level_change,8
20260331,0.076696804546239,5.909861207057236,R1_level_change,9
20260331,0.0878433025893103,7.366655005623544,R1_level_change,10
20260430,0.0439560643942831,1.2808038243184308,R1_level_change,1
20260430,0.0067795806448458,2.2527706960697698,R1_level_change,2
20260430,-0.0170995263689007,2.146062736868794,R1_level_change,3
20260430,-0.0405797416390671,3.056768274540203,R1_level_change,4
20260430,-0.0296551650674774,3.617610932705132,R1_level_change,5
20260430,-0.0092031097831395,4.119712687234795,R1_level_change,6
20260430,-0.0093830007876644,3.9372462915009714,R1_level_change,7
20260430,-0.0200492054914266,5.530751369095478,R1_level_change,8
20260430,-0.001463929369063,5.901209587669138,R1_level_change,9
20260430,0.0071216243475358,7.41911755527149,R1_level_change,10
20260529,0.0587437299117836,1.3560430182441725,R1_level_change,1
20260529,0.008285684841518,2.271436444077611,R1_level_change,2
20260529,0.0253068623807024,2.2003728512110863,R1_level_change,3
20260529,0.0005557794387276,3.058467163496147,R1_level_change,4
20260529,0.015146311559532,3.672404394993053,R1_level_change,5
20260529,0.0366580843316661,4.270733462345683,R1_level_change,6
20260529,-0.0486095153958187,3.745858657277125,R1_level_change,7
20260529,-0.0186055818213505,5.427848521964226,R1_level_change,8
20260529,-0.033794335931793,5.701782128459529,R1_level_change,9
20260529,-0.0391374973530911,7.12875186158978,R1_level_change,10
20260630,-0.3126989616268262,0.9320097745179122,R1_level_change,1
20260630,-0.1470471183228032,1.9374282605226032,R1_level_change,2
20260630,-0.1304602205979851,1.9133117236442705,R1_level_change,3
20260630,-0.0864954579397356,2.7939236455959033,R1_level_change,4
20260630,-0.101876413972626,3.2982730045738498,R1_level_change,5
20260630,-0.0320403968171872,4.133897467511687,R1_level_change,6
20260630,-0.0307683231219015,3.63060486774105,R1_level_change,7
20260630,0.0004920138253243,5.430519098478799,R1_level_change,8
20260630,-0.0042872960524716,5.677336900448131,R1_level_change,9
20260630,-0.0193223376620127,6.991007711011441,R1_level_change,10
20120427,0.0244850560017673,1.024485056001767,R2_roe_shrinkage,1
20120427,0.0086875138203739,1.008687513820374,R2_roe_shrinkage,2
20120427,0.0176857107222141,1.017685710722214,R2_roe_shrinkage,3
20120427,0.0173700883616969,1.017370088361697,R2_roe_shrinkage,4
20120427,0.0166595986037967,1.0166595986037967,R2_roe_shrinkage,5
20120427,0.0185133445452647,1.0185133445452648,R2_roe_shrinkage,6
20120427,0.0254119040004636,1.0254119040004637,R2_roe_shrinkage,7
20120427,0.0177116784249797,1.0177116784249798,R2_roe_shrinkage,8
20120427,0.0249101391135282,1.0249101391135282,R2_roe_shrinkage,9
20120427,0.0272181078668065,1.0272181078668066,R2_roe_shrinkage,10
20120531,-0.038848228102718,0.9846856268583848,R2_roe_shrinkage,1
20120531,-0.0492522258020723,0.959007408625962,R2_roe_shrinkage,2
20120531,-0.0667573100710428,0.9497477501766616,R2_roe_shrinkage,3
20120531,-0.0368305538849083,0.9798997845013976,R2_roe_shrinkage,4
20120531,-0.0350795555729238,0.9809956317158284,R2_roe_shrinkage,5
20120531,-0.0435652243252577,0.9741415822118816,R2_roe_shrinkage,6
20120531,-0.0394061529589326,0.985004365665511,R2_roe_shrinkage,7
20120531,-0.0541731458029534,0.9625790352842948,R2_roe_shrinkage,8
20120531,-0.0440126422212516,0.9798011358517912,R2_roe_shrinkage,9
20120531,-0.0347902419928021,0.991480941314732,R2_roe_shrinkage,10
20120629,-0.106605264642216,0.8797129550177603,R2_roe_shrinkage,1
20120629,-0.1056969570777714,0.8576432437191588,R2_roe_shrinkage,2
20120629,-0.098336901142513,0.8563524995572152,R2_roe_shrinkage,3
20120629,-0.1061007818471081,0.8759316512339865,R2_roe_shrinkage,4
20120629,-0.1016481378997908,0.8812792524640853,R2_roe_shrinkage,5
20120629,-0.0815924941081219,0.8946589409047822,R2_roe_shrinkage,6
20120629,-0.0858360193261233,0.9004555118979303,R2_roe_shrinkage,7
20120629,-0.0698678259521418,0.8953257307818712,R2_roe_shrinkage,8
20120629,-0.0913352875957833,0.8903107173220928,R2_roe_shrinkage,9
20120629,-0.0959004988443795,0.8963974244479542,R2_roe_shrinkage,10
20120731,0.0134081890977562,0.8915083126703842,R2_roe_shrinkage,1
20120731,0.0059415869596208,0.8627390056320474,R2_roe_shrinkage,2
20120731,0.0116554839282179,0.8663337023526936,R2_roe_shrinkage,3
20120731,0.0163847398065233,0.8902835634277537,R2_roe_shrinkage,4
20120731,0.0218292466186289,0.9005169146060048,R2_roe_shrinkage,5
20120731,0.0028259689931011,0.8971872193311798,R2_roe_shrinkage,6
20120731,0.0010023178609024,0.9013580545404536,R2_roe_shrinkage,7
20120731,0.0139031044527579,0.9077735379361732,R2_roe_shrinkage,8
20120731,0.0137271834415719,0.9025321758587708,R2_roe_shrinkage,9
20120731,0.0456212782218734,0.9372922207460652,R2_roe_shrinkage,10
20120831,0.000320281883491,0.8917938466319143,R2_roe_shrinkage,1
20120831,0.0114039175374851,0.8725776101086473,R2_roe_shrinkage,2
20120831,0.0019674390483683,0.8680381611076199,R2_roe_shrinkage,3
20120831,0.0112410621885974,0.9002912963297311,R2_roe_shrinkage,4
20120831,0.0145239117917563,0.9135959428407272,R2_roe_shrinkage,5
20120831,0.0163010353905335,0.9118122999454316,R2_roe_shrinkage,6
20120831,0.024775877127533,0.92368999094766,R2_roe_shrinkage,7
20120831,0.0065929609685002,0.9137584534400238,R2_roe_shrinkage,8
20120831,0.0296365710216015,0.9292801347878896,R2_roe_shrinkage,9
20120831,0.025122707555325,0.96083953910175,R2_roe_shrinkage,10
20120928,-0.0211000406691536,0.87297696019948,R2_roe_shrinkage,1
20120928,-0.0078676471262572,0.8657124773820396,R2_roe_shrinkage,2
20120928,-0.0126157536997308,0.8570872054651189,R2_roe_shrinkage,3
20120928,-0.0164922321839153,0.8854434832375031,R2_roe_shrinkage,4
20120928,-0.0202368125849354,0.8951076729671019,R2_roe_shrinkage,5
20120928,-0.0142520563276236,0.8988170996863893,R2_roe_shrinkage,6
20120928,-0.0045402536736806,0.919496204072918,R2_roe_shrinkage,7
20120928,-0.0019937573188035,0.9119366408358592,R2_roe_shrinkage,8
20120928,-0.0106238492300128,0.9194076027434572,R2_roe_shrinkage,9
20120928,-0.0133409585695081,0.9480210186186482,R2_roe_shrinkage,10
20121031,-0.1225446473687017,0.7659983064508336,R2_roe_shrinkage,1
20121031,-0.1222096202774787,0.7599140842517051,R2_roe_shrinkage,2
20121031,-0.1265170609609915,0.7486510512424025,R2_roe_shrinkage,3
20121031,-0.1138814898824998,0.784607860159666,R2_roe_shrinkage,4
20121031,-0.1219955594413779,0.7859085116432103,R2_roe_shrinkage,5
20121031,-0.1196272306225763,0.7912940992146905,R2_roe_shrinkage,6
20121031,-0.112126618709655,0.8163962037938588,R2_roe_shrinkage,7
20121031,-0.1238750076759314,0.798970482452354,R2_roe_shrinkage,8
20121031,-0.1067318577762258,0.8212775212490618,R2_roe_shrinkage,9
20121031,-0.118312483891783,0.8358582971242576,R2_roe_shrinkage,10
20121130,0.1532755774623204,0.8834071392072446,R2_roe_shrinkage,1
20121130,0.1633894878984849,0.8840760573244374,R2_roe_shrinkage,2
20121130,0.1715749891129943,0.8771008472087495,R2_roe_shrinkage,3
20121130,0.1674039008358632,0.9159542765768736,R2_roe_shrinkage,4
20121130,0.1762859866200332,0.9244531690113156,R2_roe_shrinkage,5
20121130,0.1789755941424264,0.932916430763036,R2_roe_shrinkage,6
20121130,0.1873275771953944,0.9693297266820798,R2_roe_shrinkage,7
20121130,0.1967863594994567,0.9561969750416774,R2_roe_shrinkage,8
20121130,0.1990961332494039,0.9847907000544052,R2_roe_shrinkage,9
20121130,0.199186013367085,1.002349579068239,R2_roe_shrinkage,10
20121231,0.0314530444841378,0.9111929832543352,R2_roe_shrinkage,1
20121231,0.0430354338536911,0.9221226540110552,R2_roe_shrinkage,2
20121231,0.0577862099463051,0.9277851809096364,R2_roe_shrinkage,3
20121231,0.0626299885340644,0.9733204824166104,R2_roe_shrinkage,4
20121231,0.0510425344162219,0.9716396017067612,R2_roe_shrinkage,5
20121231,0.0555563870312949,0.9847458970583614,R2_roe_shrinkage,6
20121231,0.0492228674110983,1.0170429152961882,R2_roe_shrinkage,7
20121231,0.0647872005999385,1.018146300276757,R2_roe_shrinkage,8
20121231,0.0578395850539477,1.041750585510539,R2_roe_shrinkage,9
20121231,0.0542256929140401,1.0567026795353107,R2_roe_shrinkage,10
20130131,0.0496643955464108,0.9564468319937924,R2_roe_shrinkage,1
20130131,0.0410315547612689,0.9599587801857166,R2_roe_shrinkage,2
20130131,0.0468899311729316,0.971288964185755,R2_roe_shrinkage,3
20130131,0.0445156737797387,1.0166484994950062,R2_roe_shrinkage,4
20130131,0.0456292426563285,1.0159747808675377,R2_roe_shrinkage,5
20130131,0.0302468461360989,1.0145313546898405,R2_roe_shrinkage,6
20130131,0.0481206744140771,1.0659837062883,R2_roe_shrinkage,7
20130131,0.0523398004478319,1.0714358744599408,R2_roe_shrinkage,8
20130131,0.0547653016635139,1.0988023705841656,R2_roe_shrinkage,9
20130131,0.0478392567320549,1.107254550311051,R2_roe_shrinkage,10
20130228,-0.0429435219715182,0.915373636449478,R2_roe_shrinkage,1
20130228,-0.0152006983351384,0.945366736353946,R2_roe_shrinkage,2
20130228,-0.0282515612538054,0.943848534518916,R2_roe_shrinkage,3
20130228,-0.0250919429380486,0.9911388133576248,R2_roe_shrinkage,4
20130228,-0.0344202708908386,0.9810046536918164,R2_roe_shrinkage,5
20130228,-0.0531127393115056,0.9606468153248504,R2_roe_shrinkage,6
20130228,-0.0459696406847055,1.0169808183344762,R2_roe_shrinkage,7
20130228,-0.048288273899678,1.0196980854880782,R2_roe_shrinkage,8
20130228,-0.0239869846656066,1.072445414970431,R2_roe_shrinkage,9
20130228,-0.0372853444565494,1.0659701830016215,R2_roe_shrinkage,10
20130329,-0.0338031032788274,0.8844311668778604,R2_roe_shrinkage,1
20130329,-0.0204978482940235,0.9259887524099466,R2_roe_shrinkage,2
20130329,-0.0234176828146548,0.9217457889124752,R2_roe_shrinkage,3
20130329,-0.0346400131666146,0.9568057518129738,R2_roe_shrinkage,4
20130329,-0.0359648285586657,0.9457229895065368,R2_roe_shrinkage,5
20130329,-0.0157656414563658,0.9455016020682392,R2_roe_shrinkage,6
20130329,-0.0336576141080253,0.9827516703957104,R2_roe_shrinkage,7
20130329,-0.0291221160859445,0.990002319469879,R2_roe_shrinkage,8
20130329,-0.0089148401286516,1.062884735549264,R2_roe_shrinkage,9
20130329,-0.0186229325114345,1.046118692224381,R2_roe_shrinkage,10
20130426,0.1429486655420446,1.010859421946844,R2_roe_shrinkage,1
20130426,0.158818813957053,1.0730531878052656,R2_roe_shrinkage,2
20130426,0.1284876465481306,1.040178736045489,R2_roe_shrinkage,3
20130426,0.1422962100495566,1.0929555840495766,R2_roe_shrinkage,4
20130426,0.1548361491807763,1.092155095393461,R2_roe_shrinkage,5
20130426,0.1479695000125804,1.0854070013873702,R2_roe_shrinkage,6
20130426,0.1697593542876299,1.149582959387176,R2_roe_shrinkage,7
20130426,0.1450372938962711,1.133589576836822,R2_roe_shrinkage,8
20130426,0.1598071106623437,1.2327412741045014,R2_roe_shrinkage,9
20130426,0.1831806834112934,1.2377474291953716,R2_roe_shrinkage,10
20130531,-0.1397885145464384,0.8695528849376231,R2_roe_shrinkage,1
20130531,-0.1455418955721914,0.9168789928023044,R2_roe_shrinkage,2
20130531,-0.1506019569413192,0.8835257828282904,R2_roe_shrinkage,3
20130531,-0.1388910466114825,0.9411538390810668,R2_roe_shrinkage,4
20130531,-0.1451099352162002,0.9336725402548728,R2_roe_shrinkage,5
20130531,-0.1562433552360072,0.915819369693954,R2_roe_shrinkage,6
20130531,-0.1552219941972813,0.9711423999358862,R2_roe_shrinkage,7
20130531,-0.1477873682212376,0.9660593566330816,R2_roe_shrinkage,8
20130531,-0.1550377002316568,1.041619901986697,R2_roe_shrinkage,9
20130531,-0.1479230152024849,1.054656097409668,R2_roe_shrinkage,10
20130628,0.0684599687608751,0.9290824482763816,R2_roe_shrinkage,1
20130628,0.0704105065589653,0.9814369071387884,R2_roe_shrinkage,2
20130628,0.0716011294320531,0.9467872267611348,R2_roe_shrinkage,3
20130628,0.0726963946223133,1.0095723299672092,R2_roe_shrinkage,4
20130628,0.0706534389756565,0.9996397161010168,R2_roe_shrinkage,5
20130628,0.0729537069603409,0.9826317876192108,R2_roe_shrinkage,6
20130628,0.08521359503122,1.05389693512167,R2_roe_shrinkage,7
20130628,0.0637137848014155,1.027610654586996,R2_roe_shrinkage,8
20130628,0.0725028826461036,1.1171403475022843,R2_roe_shrinkage,9
20130628,0.0762212438711364,1.135043297010511,R2_roe_shrinkage,10
20130731,0.0494166668162294,0.9749946060676622,R2_roe_shrinkage,1
20130731,0.0850565159116349,1.0649145110471048,R2_roe_shrinkage,2
20130731,0.0448209807541986,0.9892231588301168,R2_roe_shrinkage,3
20130731,0.0521455445419132,1.0622170288677977,R2_roe_shrinkage,4
20130731,0.0559257246671298,1.05554529163001,R2_roe_shrinkage,5
20130731,0.0687107545948144,1.0501491592353782,R2_roe_shrinkage,6
20130731,0.0546318804936096,1.1114733065338187,R2_roe_shrinkage,7
20130731,0.0648644446666928,1.094266049030358,R2_roe_shrinkage,8
20130731,0.0930280384903574,1.2210657227488582,R2_roe_shrinkage,9
20130731,0.0972073531049297,1.2453778515723957,R2_roe_shrinkage,10
20130830,0.0683221382409393,1.0416083223275872,R2_roe_shrinkage,1
20130830,0.0644081948937325,1.1335037324197903,R2_roe_shrinkage,2
20130830,0.0782062697118473,1.0665866119947904,R2_roe_shrinkage,3
20130830,0.0604383899189477,1.1264157158370556,R2_roe_shrinkage,4
20130830,0.0593835637273769,1.1182273327226533,R2_roe_shrinkage,5
20130830,0.0661838948964268,1.1196521208157837,R2_roe_shrinkage,6
20130830,0.0668578770761474,1.185784052235476,R2_roe_shrinkage,7
20130830,0.0563827645153405,1.1559637939899687,R2_roe_shrinkage,8
20130830,0.0606617147473131,1.2951376633099712,R2_roe_shrinkage,9
20130830,0.0652621947576481,1.326653943468575,R2_roe_shrinkage,10
20130930,-0.0600645770395559,0.9790445590060992,R2_roe_shrinkage,1
20130930,-0.0447189473974564,1.0828146386348894,R2_roe_shrinkage,2
20130930,-0.0486061766093833,1.0147439147629678,R2_roe_shrinkage,3
20130930,-0.0377106455317677,1.083937852055712,R2_roe_shrinkage,4
20130930,-0.0329811652601754,1.0813468922636822,R2_roe_shrinkage,5
20130930,-0.0290506933603045,1.0871254503837495,R2_roe_shrinkage,6
20130930,-0.0238340382326964,1.1575220297987738,R2_roe_shrinkage,7
20130930,-0.0064280834856849,1.1485331622157722,R2_roe_shrinkage,8
20130930,-0.0311856786661315,1.254747916313582,R2_roe_shrinkage,9
20130930,-0.025665145943272,1.2926051763932362,R2_roe_shrinkage,10
20131031,0.0558265590802833,1.0337012479216832,R2_roe_shrinkage,1
20131031,0.059717402117716,1.1474775158291983,R2_roe_shrinkage,2
20131031,0.0632394409143657,1.0789157526038329,R2_roe_shrinkage,3
20131031,0.0629338284251532,1.1521542108605152,R2_roe_shrinkage,4
20131031,0.0533802975151052,1.139069511089752,R2_roe_shrinkage,5
20131031,0.0666739982553259,1.159608450765956,R2_roe_shrinkage,6
20131031,0.0547488165120202,1.220894991016848,R2_roe_shrinkage,7
20131031,0.0699233584738201,1.228842458236456,R2_roe_shrinkage,8
20131031,0.0775773745825885,1.352087965424163,R2_roe_shrinkage,9
20131031,0.0951194598416815,1.4155570825603223,R2_roe_shrinkage,10
20131129,-0.0165873441452709,1.0165548895790102,R2_roe_shrinkage,1
20131129,-0.0066803496431453,1.1398119648158114,R2_roe_shrinkage,2
20131129,-0.0026328874613888,1.076075088846907,R2_roe_shrinkage,3
20131129,0.0083414817448495,1.1617648841776596,R2_roe_shrinkage,4
20131129,-0.0001021443965093,1.1389531615219597,R2_roe_shrinkage,5
20131129,0.021860727275182,1.184958334854147,R2_roe_shrinkage,6
20131129,0.0031588747927384,1.224751645428552,R2_roe_shrinkage,7
20131129,-0.0077748256883632,1.2192884223252076,R2_roe_shrinkage,8
20131129,0.0143420639443596,1.3714796974826755,R2_roe_shrinkage,9
20131129,0.0050219612877926,1.422665955429601,R2_roe_shrinkage,10
20131231,0.0520769788887176,1.069493997102839,R2_roe_shrinkage,1
20131231,0.0311767401054907,1.1753475862120026,R2_roe_shrinkage,2
20131231,0.0335152804142153,1.112140047196363,R2_roe_shrinkage,3
20131231,0.0170475961845937,1.1815701827845615,R2_roe_shrinkage,4
20131231,0.0235693293440477,1.165797523693315,R2_roe_shrinkage,5
20131231,0.0361674561019467,1.2278152634126205,R2_roe_shrinkage,6
20131231,0.0424010610126561,1.2766824146717188,R2_roe_shrinkage,7
20131231,0.0310970460254087,1.2572046905125025,R2_roe_shrinkage,8
20131231,0.0073393101767331,1.3815454123835933,R2_roe_shrinkage,9
20131231,-0.0096743799683336,1.4089025444087626,R2_roe_shrinkage,10
20140130,0.0104982660007086,1.0807218295705858,R2_roe_shrinkage,1
20140130,0.0333315056928491,1.2145236909729045,R2_roe_shrinkage,2
20140130,0.0268043284099208,1.141950214259239,R2_roe_shrinkage,3
20140130,0.033734113703471,1.2214294056792472,R2_roe_shrinkage,4
20140130,0.0161298941002474,1.184601714292819,R2_roe_shrinkage,5
20140130,0.0108788628764848,1.2411724973009413,R2_roe_shrinkage,6
20140130,0.0232787817802522,1.3064020260055471,R2_roe_shrinkage,7
20140130,0.0357656953151297,1.3021694904221246,R2_roe_shrinkage,8
20140130,0.0217012209051568,1.4115266345682356,R2_roe_shrinkage,9
20140130,0.0559652883198038,1.4877521815211043,R2_roe_shrinkage,10
20140228,-0.0710148814754415,1.0039744969357085,R2_roe_shrinkage,1
20140228,-0.0394644535017049,1.1665931772437852,R2_roe_shrinkage,2
20140228,-0.0639089584529088,1.068969365460855,R2_roe_shrinkage,3
20140228,-0.0420126861676697,1.1701138753824816,R2_roe_shrinkage,4
20140228,-0.0488389065284762,1.1267470618949993,R2_roe_shrinkage,5
20140228,-0.0403246212443909,1.191122686448326,R2_roe_shrinkage,6
20140228,-0.0307069188548329,1.2662864450012057,R2_roe_shrinkage,7
20140228,-0.0330913741949319,1.2590789125493422,R2_roe_shrinkage,8
20140228,-0.0412361152671523,1.3533207595625243,R2_roe_shrinkage,9
20140228,-0.0459544684553603,1.4193833208259992,R2_roe_shrinkage,10
20140331,-0.0341159420071416,0.9697229612216004,R2_roe_shrinkage,1
20140331,-0.0190982119281321,1.1443133335108704,R2_roe_shrinkage,2
20140331,-0.0254763290835478,1.041735950126143,R2_roe_shrinkage,3
20140331,-0.0313301521933993,1.13345402958314,R2_roe_shrinkage,4
20140331,-0.0131951336220935,1.1118794838549937,R2_roe_shrinkage,5
20140331,-0.0091643614782461,1.1802068075847738,R2_roe_shrinkage,6
20140331,-0.0095054868957272,1.2542497757920097,R2_roe_shrinkage,7
20140331,-0.016215698247431,1.2386620688337384,R2_roe_shrinkage,8
20140331,-0.0223893168653266,1.3230208322562544,R2_roe_shrinkage,9
20140331,-0.0009553097893455,1.4180273700447803,R2_roe_shrinkage,10
20140430,0.0427459613768419,1.0111747014682158,R2_roe_shrinkage,1
20140430,0.0392628958478773,1.189242388741845,R2_roe_shrinkage,2
20140430,0.0238295187046977,1.06656001643503,R2_roe_shrinkage,3
20140430,0.0289884550797929,1.1663111108047213,R2_roe_shrinkage,4
20140430,0.0427723833880941,1.1594372194197955,R2_roe_shrinkage,5
20140430,0.0230590322818156,1.2074212344600896,R2_roe_shrinkage,6
20140430,0.0192943247101096,1.278449678233723,R2_roe_shrinkage,7
20140430,0.020114131776457,1.263576680912759,R2_roe_shrinkage,8
20140430,0.0302294765020498,1.3630150594166672,R2_roe_shrinkage,9
20140430,0.0397055427903245,1.4743309164639449,R2_roe_shrinkage,10
20140530,0.0324910959118274,1.044028875677233,R2_roe_shrinkage,1
20140530,0.0584767188047274,1.2587853814989645,R2_roe_shrinkage,2
20140530,0.0354463010707715,1.1043656238876332,R2_roe_shrinkage,3
20140530,0.0667184924152999,1.2441256298048262,R2_roe_shrinkage,4
20140530,0.0463959152434161,1.2132303703820584,R2_roe_shrinkage,5
20140530,0.0417342406368685,1.257812042809112,R2_roe_shrinkage,6
20140530,0.0487006666604104,1.3407110298554925,R2_roe_shrinkage,7
20140530,0.044073667248573,1.3192671390903643,R2_roe_shrinkage,8
20140530,0.0359703346512729,1.4120431672386091,R2_roe_shrinkage,9
20140530,0.045103900727675,1.5408289917598768,R2_roe_shrinkage,10
20140630,0.0459278809462682,1.091978909583803,R2_roe_shrinkage,1
20140630,0.0578354999599051,1.331587863380177,R2_roe_shrinkage,2
20140630,0.0287569915559595,1.1361238568084615,R2_roe_shrinkage,3
20140630,0.0544235137278432,1.311835318097671,R2_roe_shrinkage,4
20140630,0.0684693799234179,1.2962995015463763,R2_roe_shrinkage,5
20140630,0.0544204355659752,1.326262722038913,R2_roe_shrinkage,6
20140630,0.0565477847592879,1.416525268596164,R2_roe_shrinkage,7
20140630,0.0510096229738146,1.386562458457107,R2_roe_shrinkage,8
20140630,0.0782494760797321,1.522534805276996,R2_roe_shrinkage,9
20140630,0.0547346010864233,1.6251656519662494,R2_roe_shrinkage,10
20140731,0.0678293533493834,1.1660471328920372,R2_roe_shrinkage,1
20140731,0.050943894587454,1.39942413512615,R2_roe_shrinkage,2
20140731,0.0574232927977385,1.20136382969247,R2_roe_shrinkage,3
20140731,0.0525828332441062,1.3808153358729298,R2_roe_shrinkage,4
20140731,0.0486245214658733,1.3593314444855191,R2_roe_shrinkage,5
20140731,0.0598392043748512,1.405625228117746,R2_roe_shrinkage,6
20140731,0.0455515177062797,1.4810501444500148,R2_roe_shrinkage,7
20140731,0.0668532177869178,1.4792586204675042,R2_roe_shrinkage,8
20140731,0.0489148596077542,1.5970093815250397,R2_roe_shrinkage,9
20140731,0.0447446970905396,1.6978831967854286,R2_roe_shrinkage,10
20140829,0.1179110083423893,1.3035369261060894,R2_roe_shrinkage,1
20140829,0.1326040732157001,1.584993475600236,R2_roe_shrinkage,2
20140829,0.1190571089910488,1.3443947341020703,R2_roe_shrinkage,3
20140829,0.1100513355933276,1.532775907793495,R2_roe_shrinkage,4
20140829,0.1142686237108694,1.5146603778137877,R2_roe_shrinkage,5
20140829,0.1098880052060564,1.5600865805029132,R2_roe_shrinkage,6
20140829,0.1163435729551718,1.6533608099811028,R2_roe_shrinkage,7
20140829,0.114477353240459,1.648600232096757,R2_roe_shrinkage,8
20140829,0.1255495970867741,1.7975132659193067,R2_roe_shrinkage,9
20140829,0.1187994132446779,1.899590724321536,R2_roe_shrinkage,10
20140930,0.0066516312081064,1.3122075730046958,R2_roe_shrinkage,1
20140930,0.0190773360998564,1.6152309288503413,R2_roe_shrinkage,2
20140930,0.0017578662667117,1.3467580002542932,R2_roe_shrinkage,3
20140930,0.0151606888312714,1.5560138463796218,R2_roe_shrinkage,4
20140930,0.0077952287645439,1.5264675019594365,R2_roe_shrinkage,5
20140930,0.0091972125333101,1.5744350283541635,R2_roe_shrinkage,6
20140930,0.0276226860190575,1.6990310765114256,R2_roe_shrinkage,7
20140930,0.016090476145159,1.6751269948042131,R2_roe_shrinkage,8
20140930,0.0227024369539559,1.8383211975127391,R2_roe_shrinkage,9
20140930,-0.0003190576942011,1.898984645285108,R2_roe_shrinkage,10
20141031,0.0600765240150629,1.39104044277706,R2_roe_shrinkage,1
20141031,0.0394091658611723,1.6788858324295,R2_roe_shrinkage,2
20141031,0.0231332216166333,1.3779128515381496,R2_roe_shrinkage,3
20141031,0.0470928982197558,1.629291048075708,R2_roe_shrinkage,4
20141031,0.0489342632516647,1.6011640645454306,R2_roe_shrinkage,5
20141031,0.0332710365521289,1.6268181137314872,R2_roe_shrinkage,6
20141031,0.0459184888404622,1.777048016037814,R2_roe_shrinkage,7
20141031,0.0351673492941149,1.734036770942494,R2_roe_shrinkage,8
20141031,0.0359723949801606,1.9044500137300695,R2_roe_shrinkage,9
20141031,0.0439559769349613,1.9824563705531055,R2_roe_shrinkage,10
20141128,-0.0279289167926133,1.3521901899955795,R2_roe_shrinkage,1
20141128,-0.0165996793055771,1.6510168660204934,R2_roe_shrinkage,2
20141128,-0.053531676393667,1.3041508666709345,R2_roe_shrinkage,3
20141128,-0.0483893346563315,1.5504507382978074,R2_roe_shrinkage,4
20141128,-0.060776499880054,1.5038509169686385,R2_roe_shrinkage,5
20141128,-0.0024494641649972,1.6228332810589334,R2_roe_shrinkage,6
20141128,-0.0390243043771025,1.707699953367228,R2_roe_shrinkage,7
20141128,0.0005122785402271,1.7349250807682126,R2_roe_shrinkage,8
20141128,-0.0095141217928638,1.8863308443510205,R2_roe_shrinkage,9
20141128,-0.011640479277568,1.9593796282529996,R2_roe_shrinkage,10
20141231,0.0421210577682389,1.4091458711020293,R2_roe_shrinkage,1
20141231,0.0476387180838502,1.7296691930525254,R2_roe_shrinkage,2
20141231,0.0575726479267568,1.3792342853611548,R2_roe_shrinkage,3
20141231,0.0445155101800949,1.6194698439222392,R2_roe_shrinkage,4
20141231,0.0762436774960546,1.618510041284141,R2_roe_shrinkage,5
20141231,0.0853945181187862,1.7614143470820898,R2_roe_shrinkage,6
20141231,0.0856254743832549,1.8539225719785597,R2_roe_shrinkage,7
20141231,0.0845718529234744,1.881650909532189,R2_roe_shrinkage,8
20141231,0.1026158842045674,2.079898351846449,R2_roe_shrinkage,9
20141231,0.0988853453875104,2.153133559538049,R2_roe_shrinkage,10
20150130,0.0949646492744911,1.5429649145278308,R2_roe_shrinkage,1
20150130,0.096773199328515,1.897054814644189,R2_roe_shrinkage,2
20150130,0.099509163156624,1.516480734894368,R2_roe_shrinkage,3
20150130,0.1110977518358649,1.799389302747979,R2_roe_shrinkage,4
20150130,0.0933616304227611,1.7696167775940388,R2_roe_shrinkage,5
20150130,0.0940842311081875,1.9271356615902384,R2_roe_shrinkage,6
20150130,0.0815398159558244,2.00509107729404,R2_roe_shrinkage,7
20150130,0.1031258024162202,2.0756976694449065,R2_roe_shrinkage,8
20150130,0.0928173298024164,2.272948963125283,R2_roe_shrinkage,9
20150130,0.1003242396973995,2.3691450468656594,R2_roe_shrinkage,10
20150227,0.1812201001075142,1.8225811708009465,R2_roe_shrinkage,1
20150227,0.1953144434870657,2.2675770200308776,R2_roe_shrinkage,2
20150227,0.1922635356395003,1.808044682714347,R2_roe_shrinkage,3
20150227,0.1769196485191151,2.117736625739207,R2_roe_shrinkage,4
20150227,0.2075023256367647,2.136816374430639,R2_roe_shrinkage,5
20150227,0.1898421238881495,2.2929871886071234,R2_roe_shrinkage,6
20150227,0.2195301926029096,2.445269107678776,R2_roe_shrinkage,7
20150227,0.192704204234023,2.4756933370657035,R2_roe_shrinkage,8
20150227,0.1966975267872763,2.7200324026857303,R2_roe_shrinkage,9
20150227,0.2329492952752443,2.9210357159378506,R2_roe_shrinkage,10
20150331,0.1524564804438315,2.1004454814244564,R2_roe_shrinkage,1
20150331,0.1423896309857075,2.5904564751447445,R2_roe_shrinkage,2
20150331,0.1491645030518333,2.0777407693069425,R2_roe_shrinkage,3
20150331,0.1484319745384335,2.432076454650037,R2_roe_shrinkage,4
20150331,0.1729788554128228,2.5064404251070296,R2_roe_shrinkage,5
20150331,0.163202603131469,2.667208666734915,R2_roe_shrinkage,6
20150331,0.1341394988350062,2.7732762802995294,R2_roe_shrinkage,7
20150331,0.1553359512975556,2.8602575166998245,R2_roe_shrinkage,8
20150331,0.1603662271826975,3.1562337369191287,R2_roe_shrinkage,9
20150331,0.1293389232746289,3.298839330283987,R2_roe_shrinkage,10
20150430,0.2389327891553934,2.602310778770045,R2_roe_shrinkage,1
20150430,0.2476143050346919,3.2318905549603283,R2_roe_shrinkage,2
20150430,0.2745953834253478,2.6482787925132594,R2_roe_shrinkage,3
20150430,0.238360202002879,3.0117866896668657,R2_roe_shrinkage,4
20150430,0.2064290735673752,3.023842600013692,R2_roe_shrinkage,5
20150430,0.2062672094805471,3.217366355524657,R2_roe_shrinkage,6
20150430,0.1982130071149803,3.3229757113783465,R2_roe_shrinkage,7
20150430,0.2892468655030296,3.687578037936728,R2_roe_shrinkage,8
20150430,0.2323320847796539,3.8895281010694274,R2_roe_shrinkage,9
20150430,0.2535763121429772,4.135346842009609,R2_roe_shrinkage,10
20150529,-0.1584857484840884,2.1898816072084633,R2_roe_shrinkage,1
20150529,-0.1496459394156258,2.7482512567748016,R2_roe_shrinkage,2
20150529,-0.1256974688520723,2.3153968514797203,R2_roe_shrinkage,3
20150529,-0.1286246470713944,2.6243966896541417,R2_roe_shrinkage,4
20150529,-0.1187699017321614,2.6647011115565427,R2_roe_shrinkage,5
20150529,-0.1133339866786816,2.8527293998471865,R2_roe_shrinkage,6
20150529,-0.1032653979497842,2.979827302165394,R2_roe_shrinkage,7
20150529,-0.0958966703577748,3.3339515824141395,R2_roe_shrinkage,8
20150529,-0.0821059801898516,3.5701745838551497,R2_roe_shrinkage,9
20150529,-0.0846042182919941,3.785479055075119,R2_roe_shrinkage,10
20150630,-0.1820081410527155,1.7913053267549175,R2_roe_shrinkage,1
20150630,-0.1831721267597795,2.244848229201124,R2_roe_shrinkage,2
20150630,-0.1655354708903502,1.9321165433719905,R2_roe_shrinkage,3
20150630,-0.1829235119179537,2.144332830516754,R2_roe_shrinkage,4
20150630,-0.1614269982024344,2.2345464100112795,R2_roe_shrinkage,5
20150630,-0.1401455509263067,2.4529320664619303,R2_roe_shrinkage,6
20150630,-0.1280147437271626,2.5983654737274886,R2_roe_shrinkage,7
20150630,-0.1187851454331271,2.9379276588300716,R2_roe_shrinkage,8
20150630,-0.1254840080529803,3.1221747676241245,R2_roe_shrinkage,9
20150630,-0.1176637133872404,3.3400655325053585,R2_roe_shrinkage,10
20150731,-0.1658818526186782,1.494160280547105,R2_roe_shrinkage,1
20150731,-0.156706434972433,1.8930660661488363,R2_roe_shrinkage,2
20150731,-0.1488492149842404,1.6445225126330056,R2_roe_shrinkage,3
20150731,-0.1508100895422245,1.8209458043381903,R2_roe_shrinkage,4
20150731,-0.1584763343154032,1.880423686095048,R2_roe_shrinkage,5
20150731,-0.158850591875182,2.063282355874839,R2_roe_shrinkage,6
20150731,-0.1321408891191071,2.255015149772748,R2_roe_shrinkage,7
20150731,-0.1512239981140553,2.493642492091922,R2_roe_shrinkage,8
20150731,-0.1233160403497012,2.737160538000969,R2_roe_shrinkage,9
20150731,-0.1268333273185753,2.9164339075556147,R2_roe_shrinkage,10
20150831,0.0060768959619339,1.5032401371224438,R2_roe_shrinkage,1
20150831,0.0450683001071166,1.978383335740631,R2_roe_shrinkage,2
20150831,-0.0106847814443665,1.6269511490051811,R2_roe_shrinkage,3
20150831,0.0398296216006734,1.8934733866803148,R2_roe_shrinkage,4
20150831,0.0359246151296566,1.947977183298703,R2_roe_shrinkage,5
20150831,0.0403372808675779,2.1465095557728806,R2_roe_shrinkage,6
20150831,-0.0059429878565679,2.241613622121272,R2_roe_shrinkage,7
20150831,0.0555864482103098,2.6322552213336174,R2_roe_shrinkage,8
20150831,0.0154251281972035,2.7793815901959604,R2_roe_shrinkage,9
20150831,0.0402453224184018,3.0338067304771497,R2_roe_shrinkage,10
20150930,0.07284548831949,1.6127443989725854,R2_roe_shrinkage,1
20150930,0.1333437041908207,2.242188298037679,R2_roe_shrinkage,2
20150930,0.0862982208087113,1.767354138507017,R2_roe_shrinkage,3
20150930,0.0898362524730074,2.063575939897048,R2_roe_shrinkage,4
20150930,0.1301134686878107,2.2014352515424083,R2_roe_shrinkage,5
20150930,0.129898686972993,2.42533832864276,R2_roe_shrinkage,6
20150930,0.1148719877671085,2.49911223470017,R2_roe_shrinkage,7
20150930,0.1173124793632665,2.941051607665168,R2_roe_shrinkage,8
20150930,0.1132720160252043,3.094207746220795,R2_roe_shrinkage,9
20150930,0.1119964372607424,3.373582275628252,R2_roe_shrinkage,10
20151030,0.0911418190964952,1.7597328572326305,R2_roe_shrinkage,1
20151030,0.1067491782327494,2.4815400562962884,R2_roe_shrinkage,2
20151030,0.0862494492841152,1.9197874596432492,R2_roe_shrinkage,3
20151030,0.0888091949001066,2.246840457734536,R2_roe_shrinkage,4
20151030,0.1169773238969988,2.4589532560003557,R2_roe_shrinkage,5
20151030,0.0938870533388751,2.653046197668861,R2_roe_shrinkage,6
20151030,0.1044354250718844,2.7601080832334293,R2_roe_shrinkage,7
20151030,0.1022170271859961,3.241677159801296,R2_roe_shrinkage,8
20151030,0.1102840533691236,3.4354495184401648,R2_roe_shrinkage,9
20151030,0.1167847165360211,3.767565125398443,R2_roe_shrinkage,10
20151130,0.0364725473110949,1.823914797122936,R2_roe_shrinkage,1
20151130,0.0302398732260669,2.556581513004095,R2_roe_shrinkage,2
20151130,0.0300865125528617,1.977547169146632,R2_roe_shrinkage,3
20151130,0.088313721536174,2.4452673002551135,R2_roe_shrinkage,4
20151130,0.0410759863002163,2.5599571862566988,R2_roe_shrinkage,5
20151130,0.0691565022090234,2.836521592898589,R2_roe_shrinkage,6
20151130,0.0418104459654831,2.875509433106354,R2_roe_shrinkage,7
20151130,0.0738549477936294,3.4810910572022213,R2_roe_shrinkage,8
20151130,0.076795096259159,3.6992751949022584,R2_roe_shrinkage,9
20151130,0.0822192753251618,4.077331599749056,R2_roe_shrinkage,10
20151231,-0.3090534611781211,1.260227616178102,R2_roe_shrinkage,1
20151231,-0.2845085081287579,1.8292123208297373,R2_roe_shrinkage,2
20151231,-0.2854856352561986,1.4129858593137086,R2_roe_shrinkage,3
20151231,-0.2915193796631096,1.732424493774256,R2_roe_shrinkage,4
20151231,-0.2945752732436942,1.805857098622973,R2_roe_shrinkage,5
20151231,-0.2908546331081377,2.011506145692759,R2_roe_shrinkage,6
20151231,-0.2888707173042447,2.0448589605497993,R2_roe_shrinkage,7
20151231,-0.2848333641464143,2.4895601804793146,R2_roe_shrinkage,8
20151231,-0.2897093040745192,2.6275607526069935,R2_roe_shrinkage,9
20151231,-0.2755096814423686,2.95398726956729,R2_roe_shrinkage,10
20160129,-0.0308736143745836,1.2213198347320182,R2_roe_shrinkage,1
20160129,-0.0448149497869605,1.747236262522063,R2_roe_shrinkage,2
20160129,-0.0441662198732895,1.3505796151734104,R2_roe_shrinkage,3
20160129,-0.0425169942891744,1.6587670114660302,R2_roe_shrinkage,4
20160129,-0.0292308610584132,1.7530703406817756,R2_roe_shrinkage,5
20160129,-0.0388088383246707,1.9334419288954876,R2_roe_shrinkage,6
20160129,-0.0259917825797848,1.991709431040864,R2_roe_shrinkage,7
20160129,-0.0458166739847993,2.3754968133247556,R2_roe_shrinkage,8
20160129,-0.0293260706724901,2.5505047202797795,R2_roe_shrinkage,9
20160129,-0.0273098900759427,2.873314201949673,R2_roe_shrinkage,10
20160229,0.1399736348620668,1.3922724113285976,R2_roe_shrinkage,1
20160229,0.1740360546537089,2.051318368199295,R2_roe_shrinkage,2
20160229,0.1732518738220971,1.5845700642481306,R2_roe_shrinkage,3
20160229,0.1658894102351527,1.9339388927156569,R2_roe_shrinkage,4
20160229,0.210017598616877,2.121245963838233,R2_roe_shrinkage,5
20160229,0.1847614088600599,2.29066738362733,R2_roe_shrinkage,6
20160229,0.1813140378116291,2.3528343101303855,R2_roe_shrinkage,7
20160229,0.1774940938516518,2.7971334676533197,R2_roe_shrinkage,8
20160229,0.1761602431542075,2.999802251970219,R2_roe_shrinkage,9
20160229,0.1940307188967076,3.430825422170088,R2_roe_shrinkage,10
20160331,-0.022410309851389,1.3610711551931831,R2_roe_shrinkage,1
20160331,-0.0243812476031923,2.0013046671512513,R2_roe_shrinkage,2
20160331,-0.0196217961854393,1.553477953405905,R2_roe_shrinkage,3
20160331,0.0062697014274497,1.9460641121519169,R2_roe_shrinkage,4
20160331,-0.0146594165463707,2.0901497356570204,R2_roe_shrinkage,5
20160331,-0.0054557925844204,2.2781699775023623,R2_roe_shrinkage,6
20160331,0.0015907962713748,2.3565771901781036,R2_roe_shrinkage,7
20160331,-0.0026815210912793,2.789632895264684,R2_roe_shrinkage,8
20160331,0.003115069508822,3.0091468444978275,R2_roe_shrinkage,9
20160331,0.0009048152402433,3.433929685298682,R2_roe_shrinkage,10
20160429,-0.0149170515436488,1.340767986616593,R2_roe_shrinkage,1
20160429,0.0064265631621258,2.014166178001356,R2_roe_shrinkage,2
20160429,0.0016166664290597,1.555989409061461,R2_roe_shrinkage,3
20160429,0.0003976207754736,1.946837907673312,R2_roe_shrinkage,4
20160429,0.0187804536220879,2.1294036958307463,R2_roe_shrinkage,5
20160429,-0.0073615141084466,2.261399197071539,R2_roe_shrinkage,6
20160429,0.0136371902109837,2.3887142815674283,R2_roe_shrinkage,7
20160429,0.0061181092086941,2.806700173970079,R2_roe_shrinkage,8
20160429,0.0108618667679836,3.041831796608061,R2_roe_shrinkage,9
20160429,0.0005397408752103,3.4357831175124356,R2_roe_shrinkage,10
20160531,0.0556837466711743,1.4154269715281715,R2_roe_shrinkage,1
20160531,0.0406928549713356,2.0961283501709347,R2_roe_shrinkage,2
20160531,0.0545536776893691,1.6408743537714718,R2_roe_shrinkage,3
20160531,0.0422284930498522,2.029049938726683,R2_roe_shrinkage,4
20160531,0.0601622192021313,2.2575133477491445,R2_roe_shrinkage,5
20160531,0.0648925731682439,2.408147209930112,R2_roe_shrinkage,6
20160531,0.0514307646746587,2.511567683657719,R2_roe_shrinkage,7
20160531,0.0743033184463859,3.0152473107801048,R2_roe_shrinkage,8
20160531,0.0762350034976639,3.273725854261782,R2_roe_shrinkage,9
20160531,0.065915479573164,3.662254409412648,R2_roe_shrinkage,10
20160630,-0.025867700748255,1.3788131301976718,R2_roe_shrinkage,1
20160630,-0.0372375029396873,2.0180737645694826,R2_roe_shrinkage,2
20160630,-0.0132786121598958,1.6190858196246207,R2_roe_shrinkage,3
20160630,-0.0214788628478244,1.985468253381386,R2_roe_shrinkage,4
20160630,-0.0100771583871164,2.234764028182847,R2_roe_shrinkage,5
20160630,-0.0183109165196209,2.3640518274021236,R2_roe_shrinkage,6
20160630,-0.0113311444042304,2.483108747553195,R2_roe_shrinkage,7
20160630,-0.0066091287244308,2.995319153167165,R2_roe_shrinkage,8
20160630,0.0227651251428386,3.348252633017398,R2_roe_shrinkage,9
20160630,-0.0162804116597378,3.60263140002472,R2_roe_shrinkage,10
20160729,0.0436333136659372,1.4389753159942995,R2_roe_shrinkage,1
20160729,0.0472942735616621,2.113517097258645,R2_roe_shrinkage,2
20160729,0.0323078970565795,1.6713950776108206,R2_roe_shrinkage,3
20160729,0.0444222769982569,2.0736672741043396,R2_roe_shrinkage,4
20160729,0.0367049673400123,2.316790968849933,R2_roe_shrinkage,5
20160729,0.0384219226230742,2.454883243791505,R2_roe_shrinkage,6
20160729,0.0412534975771468,2.5855456682541726,R2_roe_shrinkage,7
20160729,0.0460176422557359,3.133156678399365,R2_roe_shrinkage,8
20160729,0.055367879246158,3.533638280487936,R2_roe_shrinkage,9
20160729,0.051105554268007,3.78674587454631,R2_roe_shrinkage,10
20160831,-0.0178338304768058,1.413312874148549,R2_roe_shrinkage,1
20160831,-0.0141540312218561,2.0836023102761194,R2_roe_shrinkage,2
20160831,-0.0081704155236633,1.6577390853225349,R2_roe_shrinkage,3
20160831,-0.0098502272616406,2.053241180189385,R2_roe_shrinkage,4
20160831,-0.010546836745012,2.2923561527291545,R2_roe_shrinkage,5
20160831,-0.003459752310749,2.446389955816178,R2_roe_shrinkage,6
20160831,-0.0066892793239101,2.5682502310744946,R2_roe_shrinkage,7
20160831,-0.0036773124055555,3.121635082477338,R2_roe_shrinkage,8
20160831,-0.0050190689476274,3.515902706322191,R2_roe_shrinkage,9
20160831,-0.0019497101912295,3.7793628175231104,R2_roe_shrinkage,10
20160930,0.0060773635251603,1.421902090259539,R2_roe_shrinkage,1
20160930,0.0268644896724621,2.1395772230220507,R2_roe_shrinkage,2
20160930,0.0232449756269763,1.6962731899567431,R2_roe_shrinkage,3
20160930,0.0175066041752156,2.0891864608072135,R2_roe_shrinkage,4
20160930,0.0191955510767056,2.336359192344867,R2_roe_shrinkage,5
20160930,0.0226025848303901,2.501684692320727,R2_roe_shrinkage,6
20160930,0.0222132529885363,2.6252994231952194,R2_roe_shrinkage,7
20160930,0.033067639166473,3.224860184994102,R2_roe_shrinkage,8
20160930,0.0320884222608643,3.6287224769907738,R2_roe_shrinkage,9
20160930,0.0325082869632356,3.902223428533334,R2_roe_shrinkage,10
20161031,0.0421589063033374,1.4818479272553104,R2_roe_shrinkage,1
20161031,0.0332976970072631,2.210820217117881,R2_roe_shrinkage,2
20161031,0.0046872031975717,1.7042239670766637,R2_roe_shrinkage,3
20161031,0.0327466177539643,2.157600251256025,R2_roe_shrinkage,4
20161031,0.0207445796814766,2.384825981775016,R2_roe_shrinkage,5
20161031,0.0192042160321774,2.549727585596446,R2_roe_shrinkage,6
20161031,0.0117281622308618,2.656089360735041,R2_roe_shrinkage,7
20161031,0.0280941382947303,3.315459853012496,R2_roe_shrinkage,8
20161031,0.0248772108535126,3.718994971179754,R2_roe_shrinkage,9
20161031,0.020362372960887,3.981681957361841,R2_roe_shrinkage,10
20161130,-0.0636827383409404,1.3874797934428456,R2_roe_shrinkage,1
20161130,-0.0511913501994247,2.097645345155431,R2_roe_shrinkage,2
20161130,-0.0659949688237605,1.5917537595007338,R2_roe_shrinkage,3
20161130,-0.0581903320589112,2.0320487761850465,R2_roe_shrinkage,4
20161130,-0.0637206869526216,2.2328632319538517,R2_roe_shrinkage,5
20161130,-0.062566937296399,2.390198939625534,R2_roe_shrinkage,6
20161130,-0.0616801705110116,2.49226131607242,R2_roe_shrinkage,7
20161130,-0.0554352669474287,3.131666451007266,R2_roe_shrinkage,8
20161130,-0.0567150339019485,3.508072045308118,R2_roe_shrinkage,9
20161130,-0.0640697990798154,3.7265763943539416,R2_roe_shrinkage,10
20161230,-0.0362839522819198,1.3371365428254374,R2_roe_shrinkage,1
20161230,-0.0299431022966495,2.034835336003351,R2_roe_shrinkage,2
20161230,-0.0172320802329941,1.5643245310058471,R2_roe_shrinkage,3
20161230,-0.0310212223234418,1.969012139326932,R2_roe_shrinkage,4
20161230,-0.0246711784618054,2.1777758646775145,R2_roe_shrinkage,5
20161230,-0.0336296493164728,2.309817387489322,R2_roe_shrinkage,6
20161230,-0.0234654880310787,2.433779187989802,R2_roe_shrinkage,7
20161230,-0.0159108797469119,3.0818388826978502,R2_roe_shrinkage,8
20161230,-0.0197346781034577,3.4388413727302236,R2_roe_shrinkage,9
20161230,-0.0247838599293158,3.6342174469803785,R2_roe_shrinkage,10
20170126,0.0367074691346962,1.3862194412000766,R2_roe_shrinkage,1
20170126,0.0295331072182354,2.094930346152992,R2_roe_shrinkage,2
20170126,0.0155201778167408,1.5886031258901476,R2_roe_shrinkage,3
20170126,0.0414366341608101,2.050601375002417,R2_roe_shrinkage,4
20170126,0.035800185865771,2.2557406454069597,R2_roe_shrinkage,5
20170126,0.0340976214098223,2.388576666293758,R2_roe_shrinkage,6
20170126,0.0481667186921883,2.551006345496609,R2_roe_shrinkage,7
20170126,0.0386075242170538,3.200821051994666,R2_roe_shrinkage,8
20170126,0.0390888278248142,3.5732616510657236,R2_roe_shrinkage,9
20170126,0.0344224339153929,3.759316056883229,R2_roe_shrinkage,10
20170228,-0.0102003805400717,1.37207947538779,R2_roe_shrinkage,1
20170228,-0.0074286731487851,2.0793677933419503,R2_roe_shrinkage,2
20170228,-0.0189380893394589,1.5585180179670963,R2_roe_shrinkage,3
20170228,-0.0011021080306163,2.0483413907594334,R2_roe_shrinkage,4
20170228,-0.0158750637708706,2.2199306188105794,R2_roe_shrinkage,5
20170228,-0.0072638736424259,2.371226347204553,R2_roe_shrinkage,6
20170228,-0.0039969235443282,2.540810168172563,R2_roe_shrinkage,7
20170228,-0.0054159204782042,3.1834856597121006,R2_roe_shrinkage,8
20170228,-0.0015718655042654,3.5676449643386987,R2_roe_shrinkage,9
20170228,-0.0060806220857821,3.736457076640309,R2_roe_shrinkage,10
20170331,-0.0481658201569651,1.3059921421351988,R2_roe_shrinkage,1
20170331,-0.0428180794251289,1.9903332580125797,R2_roe_shrinkage,2
20170331,-0.0599982751742128,1.4650096250611375,R2_roe_shrinkage,3
20170331,-0.0540709089735019,1.9375857098730236,R2_roe_shrinkage,4
20170331,-0.0529461324184652,2.102393878307229,R2_roe_shrinkage,5
20170331,-0.0459860079789189,2.2621831134821817,R2_roe_shrinkage,6
20170331,-0.0509709891846957,2.4113025605702743,R2_roe_shrinkage,7
20170331,-0.036897398711481,3.066023320033421,R2_roe_shrinkage,8
20170331,-0.0510838442984158,3.385395944468393,R2_roe_shrinkage,9
20170331,-0.0442437029105658,3.5711423798033537,R2_roe_shrinkage,10
20170428,-0.083059768265896,1.197516737452368,R2_roe_shrinkage,1
20170428,-0.0708674404795319,1.84928343431594,R2_roe_shrinkage,2
20170428,-0.079752900754065,1.3481708578298868,R2_roe_shrinkage,3
20170428,-0.0703246525763371,1.8013256679893277,R2_roe_shrinkage,4
20170428,-0.0651894030754053,1.9653400763509945,R2_roe_shrinkage,5
20170428,-0.0375324494853397,2.177277840048823,R2_roe_shrinkage,6
20170428,-0.0682572491877742,2.246713680826311,R2_roe_shrinkage,7
20170428,-0.0535262393803788,2.9019106218594883,R2_roe_shrinkage,8
20170428,-0.0757705068558544,3.1288827778482693,R2_roe_shrinkage,9
20170428,-0.0698455788617942,3.321713873088103,R2_roe_shrinkage,10
20170531,0.0171770733675988,1.218086570310515,R2_roe_shrinkage,1
20170531,0.0450292016617628,1.9325551910095096,R2_roe_shrinkage,2
20170531,0.0426204697348933,1.4056305330734906,R2_roe_shrinkage,3
20170531,0.0276808687839908,1.8511879274421752,R2_roe_shrinkage,4
20170531,0.0531698931919026,2.0698369982963425,R2_roe_shrinkage,5
20170531,0.0424136693114003,2.269624182355694,R2_roe_shrinkage,6
20170531,0.0391015133301444,2.334563585766159,R2_roe_shrinkage,7
20170531,0.0519556624067929,3.0526813104635067,R2_roe_shrinkage,8
20170531,0.0570891851467496,3.3075081460553255,R2_roe_shrinkage,9
20170531,0.0535127074700081,3.4994677758777346,R2_roe_shrinkage,10
20170630,-0.0203339030702779,1.1933181160586137,R2_roe_shrinkage,1
20170630,-0.013348373885651,1.906758721765259,R2_roe_shrinkage,2
20170630,-0.0009301076862527,1.4043231453106473,R2_roe_shrinkage,3
20170630,-0.0191193937933903,1.815794336471838,R2_roe_shrinkage,4
20170630,-0.0278658526489008,2.0121592254945733,R2_roe_shrinkage,5
20170630,-0.0153900160248967,2.2346946298187467,R2_roe_shrinkage,6
20170630,-0.0047953339624845,2.323368573715755,R2_roe_shrinkage,7
20170630,-0.0031269800541332,3.043135636894062,R2_roe_shrinkage,8
20170630,-0.0030406056287806,3.297451318169192,R2_roe_shrinkage,9
20170630,-0.0265915489656746,3.4064115071616814,R2_roe_shrinkage,10
20170731,0.017570663649171,1.214285507302342,R2_roe_shrinkage,1
20170731,0.0362488731407328,1.9758765767805135,R2_roe_shrinkage,2
20170731,0.0335851264891258,1.4514875157775124,R2_roe_shrinkage,3
20170731,0.0417023106103731,1.8915171558959432,R2_roe_shrinkage,4
20170731,0.0334945840811691,2.079555661857601,R2_roe_shrinkage,5
20170731,0.0516590977475681,2.350136938136519,R2_roe_shrinkage,6
20170731,0.0340304205788042,2.4024337834388785,R2_roe_shrinkage,7
20170731,0.0359163381001361,3.1524339253133222,R2_roe_shrinkage,8
20170731,0.0434284436412908,3.440654496900203,R2_roe_shrinkage,9
20170731,0.0376615126547099,3.534702117245801,R2_roe_shrinkage,10
20170831,0.0443173156497658,1.2680993814183958,R2_roe_shrinkage,1
20170831,0.011142761474111,1.997893298177862,R2_roe_shrinkage,2
20170831,0.0268484029435025,1.4904576374685703,R2_roe_shrinkage,3
20170831,0.0358934589352082,1.959410249256336,R2_roe_shrinkage,4
20170831,0.0411254906597686,2.165078408805795,R2_roe_shrinkage,5
20170831,0.0321144893627987,2.4256103858374245,R2_roe_shrinkage,6
20170831,0.0230973348807081,2.457923601063693,R2_roe_shrinkage,7
20170831,0.0403445758776774,3.27961753501249,R2_roe_shrinkage,8
20170831,0.0259434245307019,3.5299168571767536,R2_roe_shrinkage,9
20170831,0.0333805158100268,3.65269229715426,R2_roe_shrinkage,10
20170929,-0.0519736172010519,1.2021916695956654,R2_roe_shrinkage,1
20170929,-0.033119943632852,1.9317231847577585,R2_roe_shrinkage,2
20170929,-0.0383232317494907,1.433338484015064,R2_roe_shrinkage,3
20170929,-0.0297391794768119,1.901138996184997,R2_roe_shrinkage,4
20170929,-0.0426617049875527,2.072712472454402,R2_roe_shrinkage,5
20170929,-0.0374710720530705,2.334720164297034,R2_roe_shrinkage,6
20170929,-0.0212208967868805,2.4057642580154828,R2_roe_shrinkage,7
20170929,-0.0172774927340068,3.2229539668809903,R2_roe_shrinkage,8
20170929,-0.0040527250820789,3.51561107459202,R2_roe_shrinkage,9
20170929,-0.0109202282354979,3.61280406359529,R2_roe_shrinkage,10
20171031,-0.0780879281087967,1.1083150129272847,R2_roe_shrinkage,1
20171031,-0.0651990187160589,1.805776728680492,R2_roe_shrinkage,2
20171031,-0.067958155990435,1.3359314437312746,R2_roe_shrinkage,3
20171031,-0.0631971684366065,1.7809923948216926,R2_roe_shrinkage,4
20171031,-0.0652568092037489,1.9374538701052144,R2_roe_shrinkage,5
20171031,-0.0822264736365827,2.142744358258666,R2_roe_shrinkage,6
20171031,-0.072176106010215,2.232125561893371,R2_roe_shrinkage,7
20171031,-0.0716472383788382,2.9920382157318457,R2_roe_shrinkage,8
20171031,-0.0661736455963698,3.2829702732872947,R2_roe_shrinkage,9
20171031,-0.0461216557493678,3.4461755582842306,R2_roe_shrinkage,10
20171130,-0.0071082773766644,1.1004368023946762,R2_roe_shrinkage,1
20171130,-0.0110109508376504,1.785893409897218,R2_roe_shrinkage,2
20171130,-0.0134907479488716,1.3179087293469238,R2_roe_shrinkage,3
20171130,-0.0122501177384731,1.7591750282938017,R2_roe_shrinkage,4
20171130,-0.010311231117702,1.917476335470673,R2_roe_shrinkage,5
20171130,-0.0146663290110589,2.111318164513854,R2_roe_shrinkage,6
20171130,-0.0078384681820147,2.214629116698208,R2_roe_shrinkage,7
20171130,0.0017525627243344,2.9972819503785217,R2_roe_shrinkage,8
20171130,-0.0088628892644443,3.2538736712966867,R2_roe_shrinkage,9
20171130,-0.014624437299998,3.395777179907317,R2_roe_shrinkage,10
20171229,-0.0499179751462847,1.0455052254426818,R2_roe_shrinkage,1
20171229,-0.0432372475950789,1.7086762943550722,R2_roe_shrinkage,2
20171229,-0.0419640935377764,1.2626038841543574,R2_roe_shrinkage,3
20171229,-0.0357490159319034,1.6962862521803197,R2_roe_shrinkage,4
20171229,-0.0367664040420745,1.8469776257796415,R2_roe_shrinkage,5
20171229,-0.0292655989424103,2.0495291738713655,R2_roe_shrinkage,6
20171229,-0.0388270957864842,2.1286414998526295,R2_roe_shrinkage,7
20171229,-0.0409547893549449,2.874528899463391,R2_roe_shrinkage,8
20171229,-0.0201445462410111,3.188325862662842,R2_roe_shrinkage,9
20171229,0.0011523719537249,3.399690378290541,R2_roe_shrinkage,10
20180131,-0.0486597233002613,0.9946312304636636,R2_roe_shrinkage,1
20180131,-0.0462486356390491,1.6296523469923638,R2_roe_shrinkage,2
20180131,-0.0368876562916262,1.2160293860431992,R2_roe_shrinkage,3
20180131,-0.0357900454275149,1.635576090156717,R2_roe_shrinkage,4
20180131,-0.0281469355292826,1.7949908656227946,R2_roe_shrinkage,5
20180131,-0.0270345257761022,1.9941211245914665,R2_roe_shrinkage,6
20180131,-0.0101018185270497,2.1071383497119713,R2_roe_shrinkage,7
20180131,-0.0317095518447719,2.7833788762965614,R2_roe_shrinkage,8
20180131,-0.0315434677124862,3.0877550087570516,R2_roe_shrinkage,9
20180131,-0.0239590050784069,3.318237179252067,R2_roe_shrinkage,10
20180228,0.065882017957193,1.0601595430498556,R2_roe_shrinkage,1
20180228,0.0418983155835739,1.697932035318162,R2_roe_shrinkage,2
20180228,0.0609250839645851,1.290116078491284,R2_roe_shrinkage,3
20180228,0.0428695403011318,1.705692485269258,R2_roe_shrinkage,4
20180228,0.0525360675366797,1.889292626966877,R2_roe_shrinkage,5
20180228,0.0742743618971923,2.1422331986662093,R2_roe_shrinkage,6
20180228,0.0825953082389179,2.2811780912084765,R2_roe_shrinkage,7
20180228,0.0519274494297945,2.9279126421394093,R2_roe_shrinkage,8
20180228,0.0658220920532681,3.290997503181398,R2_roe_shrinkage,9
20180228,0.0484963515220366,3.4791595759305665,R2_roe_shrinkage,10
20180330,-0.0328106258678497,1.0253750449226162,R2_roe_shrinkage,1
20180330,-0.0337053631303501,1.6407026194971088,R2_roe_shrinkage,2
20180330,-0.0192558052029887,1.265273854594612,R2_roe_shrinkage,3
20180330,-0.038085325130894,1.6407306323944555,R2_roe_shrinkage,4
20180330,-0.0375750587382581,1.8183023455348384,R2_roe_shrinkage,5
20180330,-0.046719122009412,2.0421499444851094,R2_roe_shrinkage,6
20180330,-0.0342532697091197,2.2030402827957776,R2_roe_shrinkage,7
20180330,-0.0398721135193849,2.8111705768971844,R2_roe_shrinkage,8
20180330,-0.0723943492506271,3.0527478805531416,R2_roe_shrinkage,9
20180330,-0.0459655911355436,3.31923794936803,R2_roe_shrinkage,10
20180427,-0.0464019853279252,0.9777956071324962,R2_roe_shrinkage,1
20180427,-0.0086047121453125,1.6265848457402758,R2_roe_shrinkage,2
20180427,-0.0032231296965663,1.2611957128595792,R2_roe_shrinkage,3
20180427,-0.0076650702611021,1.6281543168176094,R2_roe_shrinkage,4
20180427,0.0130332482913535,1.8420007314729443,R2_roe_shrinkage,5
20180427,0.0230923621862504,2.089308010641791,R2_roe_shrinkage,6
20180427,-0.0106310465401702,2.179619659019506,R2_roe_shrinkage,7
20180427,-0.0020454508212747,2.8054204657319266,R2_roe_shrinkage,8
20180427,-0.0102658715612876,3.02140876290239,R2_roe_shrinkage,9
20180427,-0.0292630406280403,3.2221069544015406,R2_roe_shrinkage,10
20180531,-0.0819957852185749,0.897620488542394,R2_roe_shrinkage,1
20180531,-0.0852157589861255,1.4879741835551883,R2_roe_shrinkage,2
20180531,-0.0907621132059735,1.1467269247941296,R2_roe_shrinkage,3
20180531,-0.0843855148611328,1.4907616765195792,R2_roe_shrinkage,4
20180531,-0.0961534822631391,1.6648859468105714,R2_roe_shrinkage,5
20180531,-0.08493349962143,1.911855769510896,R2_roe_shrinkage,6
20180531,-0.0934295231127638,1.9759788337101083,R2_roe_shrinkage,7
20180531,-0.0850495544624323,2.566820705041637,R2_roe_shrinkage,8
20180531,-0.0952952463750395,2.7334828704419034,R2_roe_shrinkage,9
20180531,-0.0925950426547841,2.9237558235204535,R2_roe_shrinkage,10
20180629,-0.0121116595065354,0.8867488148190784,R2_roe_shrinkage,1
20180629,-0.0081820999198745,1.475799430107146,R2_roe_shrinkage,2
20180629,-0.0035631689327628,1.1426409430413405,R2_roe_shrinkage,3
20180629,-0.0008291860508249,1.4895255577323048,R2_roe_shrinkage,4
20180629,-0.0129249107578152,1.6433674445261042,R2_roe_shrinkage,5
20180629,0.0013501450492761,1.914437052113031,R2_roe_shrinkage,6
20180629,0.0147971755873177,2.0052177394693405,R2_roe_shrinkage,7
20180629,-0.01292340722781,2.5336486357896093,R2_roe_shrinkage,8
20180629,-0.0079807536669359,2.7116676170001175,R2_roe_shrinkage,9
20180629,-0.0054413995534601,2.9078464998879228,R2_roe_shrinkage,10
20180731,-0.0895250594271975,0.8073625744754034,R2_roe_shrinkage,1
20180731,-0.0718115511625283,1.3698199838263765,R2_roe_shrinkage,2
20180731,-0.0786297754724045,1.0527953422444232,R2_roe_shrinkage,3
20180731,-0.0597266661519834,1.4005611620207803,R2_roe_shrinkage,4
20180731,-0.0772045287653722,1.5164920353831124,R2_roe_shrinkage,5
20180731,-0.084121637115249,1.7533914731351916,R2_roe_shrinkage,6
20180731,-0.0770711395169998,1.850673323308736,R2_roe_shrinkage,7
20180731,-0.0987117852536407,2.2835476557453656,R2_roe_shrinkage,8
20180731,-0.0991913186722927,2.4426937302689224,R2_roe_shrinkage,9
20180731,-0.1232234528373974,2.549531613850592,R2_roe_shrinkage,10
20180831,-0.0238394753572362,0.7881154742768421,R2_roe_shrinkage,1
20180831,-0.0366953702677269,1.3195539323197358,R2_roe_shrinkage,2
20180831,-0.0304712364806419,1.020715366405175,R2_roe_shrinkage,3
20180831,-0.0209480850780741,1.371222087641723,R2_roe_shrinkage,4
20180831,-0.0274945066452754,1.474796835038764,R2_roe_shrinkage,5
20180831,-0.0182280099805851,1.7214306358630105,R2_roe_shrinkage,6
20180831,-0.0212691976014375,1.8113109866995731,R2_roe_shrinkage,7
20180831,-0.0284681906949189,2.2185391856206715,R2_roe_shrinkage,8
20180831,-0.0280733956238752,2.3741190227911235,R2_roe_shrinkage,9
20180831,-0.0267661377622998,2.4812904994449285,R2_roe_shrinkage,10
20180928,-0.0859008973399872,0.7204156478289317,R2_roe_shrinkage,1
20180928,-0.0902870992256623,1.200415235498771,R2_roe_shrinkage,2
20180928,-0.0813724479677165,0.937657258362521,R2_roe_shrinkage,3
20180928,-0.0856506379055951,1.2537760411249674,R2_roe_shrinkage,4
20180928,-0.0753779093647238,1.3636297328758304,R2_roe_shrinkage,5
20180928,-0.1008123724753328,1.5478891294099395,R2_roe_shrinkage,6
20180928,-0.0828593264478699,1.6612269783540197,R2_roe_shrinkage,7
20180928,-0.0868606034269098,2.025835533231415,R2_roe_shrinkage,8
20180928,-0.090206011770173,2.1599592142774355,R2_roe_shrinkage,9
20180928,-0.0731663916536153,2.299743426956146,R2_roe_shrinkage,10
20181031,0.0474111392028471,0.7545713743920585,R2_roe_shrinkage,1
20181031,0.0534872546522375,1.2646221508883195,R2_roe_shrinkage,2
20181031,0.0532288091639672,0.9875676376291084,R2_roe_shrinkage,3
20181031,0.0587280224425312,1.3274078286060629,R2_roe_shrinkage,4
20181031,0.0445858417561089,1.4244283123597574,R2_roe_shrinkage,5
20181031,0.0653604903156794,1.6490599218624835,R2_roe_shrinkage,6
20181031,0.0656047179238419,1.7702113056764115,R2_roe_shrinkage,7
20181031,0.058129752906747,2.1435968522078652,R2_roe_shrinkage,8
20181031,0.0720295742374375,2.3155401568520695,R2_roe_shrinkage,9
20181031,0.0803417037990328,2.4845087321784294,R2_roe_shrinkage,10
20181130,-0.0782942710098326,0.6954927587091447,R2_roe_shrinkage,1
20181130,-0.0753086643499179,1.1693851457976,R2_roe_shrinkage,2
20181130,-0.0657643735219088,0.9226208706299184,R2_roe_shrinkage,3
20181130,-0.0448509869284174,1.2678722774365732,R2_roe_shrinkage,4
20181130,-0.0498917056287829,1.3533611543102002,R2_roe_shrinkage,5
20181130,-0.0551345572657236,1.5581397331659468,R2_roe_shrinkage,6
20181130,-0.0623074170529821,1.6599140115817272,R2_roe_shrinkage,7
20181130,-0.0527340162152507,2.0305563810445753,R2_roe_shrinkage,8
20181130,-0.0560723687723125,2.1857023352699616,R2_roe_shrinkage,9
20181130,-0.0691068057422853,2.312812269858763,R2_roe_shrinkage,10
20181228,-0.0216499878102924,0.680435348960945,R2_roe_shrinkage,1
20181228,0.0054070556118472,1.1757080763125956,R2_roe_shrinkage,2
20181228,-0.005961172611017,0.9171209683655668,R2_roe_shrinkage,3
20181228,-0.0030184159354232,1.2640453115502772,R2_roe_shrinkage,4
20181228,-0.0073998206203964,1.343346524533692,R2_roe_shrinkage,5
20181228,0.00545429896323,1.5666382930971212,R2_roe_shrinkage,6
20181228,0.0023711053598789,1.663849842591527,R2_roe_shrinkage,7
20181228,0.0161971021644495,2.0634455101990294,R2_roe_shrinkage,8
20181228,0.0229184293187025,2.2357951997525696,R2_roe_shrinkage,9
20181228,-0.0108117806155701,2.287806650992051,R2_roe_shrinkage,10
20190131,0.1938482269568071,0.8123365349157606,R2_roe_shrinkage,1
20190131,0.1786352798938555,1.3857310175981623,R2_roe_shrinkage,2
20190131,0.1964437030696719,1.097283607554142,R2_roe_shrinkage,3
20190131,0.1794267136567582,1.4908488077149764,R2_roe_shrinkage,4
20190131,0.1971548930949986,1.60819386496767,R2_roe_shrinkage,5
20190131,0.1910820935195094,1.86599481792995,R2_roe_shrinkage,6
20190131,0.2055247002099089,2.0058120826844545,R2_roe_shrinkage,7
20190131,0.1947299628351328,2.465260177712408,R2_roe_shrinkage,8
20190131,0.2150563181747304,2.7166170836040933,R2_roe_shrinkage,9
20190131,0.2313980756422344,2.8172007074731167,R2_roe_shrinkage,10
20190228,0.1023082308018736,0.8954452486187165,R2_roe_shrinkage,1
20190228,0.0926239192863691,1.514082855524793,R2_roe_shrinkage,2
20190228,0.0941680309658106,1.200612644288577,R2_roe_shrinkage,3
20190228,0.1104120491004077,1.6554564794736868,R2_roe_shrinkage,4
20190228,0.0989067481275878,1.7672550905103592,R2_roe_shrinkage,5
20190228,0.0973499537477002,2.0476493271488794,R2_roe_shrinkage,6
20190228,0.0950678118749555,2.196500248417613,R2_roe_shrinkage,7
20190228,0.1147270353985241,2.748092169387391,R2_roe_shrinkage,8
20190228,0.1071267343481874,3.007639400245097,R2_roe_shrinkage,9
20190228,0.1030486942855972,3.107509561918682,R2_roe_shrinkage,10
20190329,-0.0717047844467334,0.8312375400826598,R2_roe_shrinkage,1
20190329,-0.07498819920228,1.4005445087459427,R2_roe_shrinkage,2
20190329,-0.0844699573443439,1.099196945438441,R2_roe_shrinkage,3
20190329,-0.07294843663656,1.5346935173762175,R2_roe_shrinkage,4
20190329,-0.0711260477901235,1.6415572204853803,R2_roe_shrinkage,5
20190329,-0.0645360771059244,1.915502072286105,R2_roe_shrinkage,6
20190329,-0.0748584883713483,2.0320735601137794,R2_roe_shrinkage,7
20190329,-0.0784968194669245,2.53237567448852,R2_roe_shrinkage,8
20190329,-0.0687588602429574,2.800837543062432,R2_roe_shrinkage,9
20190329,-0.0702015334920242,2.889357625330862,R2_roe_shrinkage,10
20190430,-0.0192015439129774,0.8152764959546472,R2_roe_shrinkage,1
20190430,0.0070480659178917,1.4104156387645257,R2_roe_shrinkage,2
20190430,-0.0229308999042749,1.0739913703075072,R2_roe_shrinkage,3
20190430,-0.0467079253872567,1.463011167074303,R2_roe_shrinkage,4
20190430,-0.0294822526533784,1.5931604157660526,R2_roe_shrinkage,5
20190430,-0.015116830160444,1.8865457527873772,R2_roe_shrinkage,6
20190430,-0.0331439295325692,1.964722657232371,R2_roe_shrinkage,7
20190430,-0.0470320291166241,2.4132729080317454,R2_roe_shrinkage,8
20190430,-0.0585678654850437,2.636798466594891,R2_roe_shrinkage,9
20190430,-0.0406703857805451,2.771846336050696,R2_roe_shrinkage,10
20190531,0.0085118221369744,0.8222159844806689,R2_roe_shrinkage,1
20190531,0.0165795165482078,1.4337996481872732,R2_roe_shrinkage,2
20190531,0.0144741151560947,1.08953644507799,R2_roe_shrinkage,3
20190531,0.0415612180050937,1.5238156931329645,R2_roe_shrinkage,4
20190531,0.043426858994823,1.6623463684976585,R2_roe_shrinkage,5
20190531,0.0320183612665732,1.9469498562460428,R2_roe_shrinkage,6
20190531,0.0496516683007881,2.062274414912316,R2_roe_shrinkage,7
20190531,0.0288554987448064,2.482909101400331,R2_roe_shrinkage,8
20190531,0.0424841680884753,2.748820655865142,R2_roe_shrinkage,9
20190531,0.0499713313004852,2.9103591876235217,R2_roe_shrinkage,10
20190628,-0.028108045659788,0.7991051000466787,R2_roe_shrinkage,1
20190628,-0.0210441442538193,1.4036265615597447,R2_roe_shrinkage,2
20190628,-0.0331196202234803,1.053451411797366,R2_roe_shrinkage,3
20190628,-0.0061458900720713,1.514450489392872,R2_roe_shrinkage,4
20190628,-0.0242358373526325,1.62205801228701,R2_roe_shrinkage,5
20190628,-0.0179473981812574,1.912007171937053,R2_roe_shrinkage,6
20190628,-0.0238320243551376,2.0131262408291484,R2_roe_shrinkage,7
20190628,-0.0331092607797522,2.400701816469647,R2_roe_shrinkage,8
20190628,-0.0252961623702351,2.679286042227721,R2_roe_shrinkage,9
20190628,-0.0128661250990346,2.8729141422324327,R2_roe_shrinkage,10
20190731,0.0072678084696706,0.804912842860955,R2_roe_shrinkage,1
20190731,0.0140073097570705,1.4232875935907638,R2_roe_shrinkage,2
20190731,0.0164395131105308,1.070769640092916,R2_roe_shrinkage,3
20190731,0.0143721178873894,1.536216350361041,R2_roe_shrinkage,4
20190731,0.0123499431627127,1.6420903365453772,R2_roe_shrinkage,5
20190731,0.0093051585965333,1.9297987019096363,R2_roe_shrinkage,6
20190731,-0.0016878019750795,2.0097284823837924,R2_roe_shrinkage,7
20190731,-0.0040516634347111,2.3909749807022123,R2_roe_shrinkage,8
20190731,-0.0132782601634942,2.6437097851066027,R2_roe_shrinkage,9
20190731,-0.0042443291201473,2.8607205490788723,R2_roe_shrinkage,10
20190830,0.0140795105021902,0.8162456216853636,R2_roe_shrinkage,1
20190830,0.0211753209240799,1.4534261651523095,R2_roe_shrinkage,2
20190830,0.0147347415278513,1.0865471539755556,R2_roe_shrinkage,3
20190830,0.0373296892033281,1.5935628292690898,R2_roe_shrinkage,4
20190830,0.0188975429719682,1.6731218092440971,R2_roe_shrinkage,5
20190830,0.0184500819454638,1.9654036460981192,R2_roe_shrinkage,6
20190830,0.0165935018510601,2.043076915676356,R2_roe_shrinkage,7
20190830,0.0231359470577916,2.4462924512722433,R2_roe_shrinkage,8
20190830,0.0118577785292681,2.675058310234056,R2_roe_shrinkage,9
20190830,0.0118995996797144,2.894761978408444,R2_roe_shrinkage,10
20190930,0.0043346457563027,0.8197837573055027,R2_roe_shrinkage,1
20190930,0.0126215323012726,1.4717706304432945,R2_roe_shrinkage,2
20190930,-0.0062372135117788,1.0797701273855944,R2_roe_shrinkage,3
20190930,-0.0023587491407522,1.5898040143148164,R2_roe_shrinkage,4
20190930,-0.0045944108253432,1.6654348002915882,R2_roe_shrinkage,5
20190930,-0.005362653160903,1.954863868022921,R2_roe_shrinkage,6
20190930,-0.0047239491267657,2.0334255242646315,R2_roe_shrinkage,7
20190930,-0.0102147148692335,2.421304271395739,R2_roe_shrinkage,8
20190930,0.0001010036016753,2.675328500758081,R2_roe_shrinkage,9
20190930,-0.0159491028572161,2.848593121867649,R2_roe_shrinkage,10
20191031,-0.0124524716529346,0.8095754233061196,R2_roe_shrinkage,1
20191031,-0.0231081522822477,1.437760730590471,R2_roe_shrinkage,2
20191031,-0.0124931743888173,1.0662803708843307,R2_roe_shrinkage,3
20191031,-0.0060406359393623,1.5802005870494038,R2_roe_shrinkage,4
20191031,-0.0115300115472699,1.646232317813001,R2_roe_shrinkage,5
20191031,0.0034275907342433,1.9615643413036632,R2_roe_shrinkage,6
20191031,-0.0006547907417611,2.032094056057282,R2_roe_shrinkage,7
20191031,-0.0127429494816354,2.390449713385675,R2_roe_shrinkage,8
20191031,-0.0157244177091745,2.6332605179029014,R2_roe_shrinkage,9
20191031,-0.0097586103202514,2.820794811630394,R2_roe_shrinkage,10
20191129,0.0870879039969367,0.8800796500492825,R2_roe_shrinkage,1
20191129,0.0906185240073862,1.568048485872361,R2_roe_shrinkage,2
20191129,0.102652690908505,1.175736920218526,R2_roe_shrinkage,3
20191129,0.0778043865055972,1.7031471242805674,R2_roe_shrinkage,4
20191129,0.0880181817781751,1.7911306932113722,R2_roe_shrinkage,5
20191129,0.0865337826329462,2.131305923634573,R2_roe_shrinkage,6
20191129,0.0887493606681517,2.2124411043499173,R2_roe_shrinkage,7
20191129,0.096614089826116,2.621400836719532,R2_roe_shrinkage,8
20191129,0.0904390863376465,2.871410193231038,R2_roe_shrinkage,9
20191129,0.101490706204482,3.1070792691207014,R2_roe_shrinkage,10
20191231,-0.0677325568555644,0.8204696051148942,R2_roe_shrinkage,1
20191231,-0.0710369591881845,1.4566590895763512,R2_roe_shrinkage,2
20191231,-0.0708763088328974,1.092405027154878,R2_roe_shrinkage,3
20191231,-0.0750850708561937,1.5752662017754384,R2_roe_shrinkage,4
20191231,-0.0760039865846274,1.6549976200332206,R2_roe_shrinkage,5
20191231,-0.074599909270032,1.972310695104752,R2_roe_shrinkage,6
20191231,-0.0769694647297081,2.0421506968021,R2_roe_shrinkage,7
20191231,-0.0760189917302518,2.4221245881912745,R2_roe_shrinkage,8
20191231,-0.079609937904747,2.642817406048857,R2_roe_shrinkage,9
20191231,-0.0917255243768641,2.8220807938801213,R2_roe_shrinkage,10
20200123,0.1515464240694042,0.9448088398276926,R2_roe_shrinkage,1
20200123,0.1485568042812168,1.6730557088510007,R2_roe_shrinkage,2
20200123,0.1496487801549213,1.2558821069037092,R2_roe_shrinkage,3
20200123,0.1338890544325388,1.7861771040106889,R2_roe_shrinkage,4
20200123,0.1456110760323488,1.8959836043172344,R2_roe_shrinkage,5
20200123,0.1405274369429852,2.2494744619430604,R2_roe_shrinkage,6
20200123,0.1204171999840548,2.2880607656564953,R2_roe_shrinkage,7
20200123,0.1220175220901873,2.717666228636089,R2_roe_shrinkage,8
20200123,0.1197937993237656,2.959410544038429,R2_roe_shrinkage,9
20200123,0.1251470354858328,3.1752558391357244,R2_roe_shrinkage,10
20200228,-0.077267412303677,0.8718059056525674,R2_roe_shrinkage,1
20200228,-0.0808490333137306,1.537790772110379,R2_roe_shrinkage,2
20200228,-0.0842307015439776,1.150098275982681,R2_roe_shrinkage,3
20200228,-0.1015229425153646,1.6048391485579512,R2_roe_shrinkage,4
20200228,-0.0749342909491934,1.753909417276426,R2_roe_shrinkage,5
20200228,-0.0832003866836864,2.0623173168743203,R2_roe_shrinkage,6
20200228,-0.0738613556532379,2.119061495688121,R2_roe_shrinkage,7
20200228,-0.0574775823428651,2.5614613441992344,R2_roe_shrinkage,8
20200228,-0.0579663887375906,2.787864202008573,R2_roe_shrinkage,9
20200228,-0.0524420399927355,3.0087389454326017,R2_roe_shrinkage,10
20200331,0.0308479421466287,0.8986993237932271,R2_roe_shrinkage,1
20200331,0.0364366038597805,1.593822645292991,R2_roe_shrinkage,2
20200331,0.078059930745528,1.2398748677564404,R2_roe_shrinkage,3
20200331,0.0669807472529504,1.7123324739491517,R2_roe_shrinkage,4
20200331,0.0605106946621796,1.8600396944903612,R2_roe_shrinkage,5
20200331,0.0662801235967296,2.1990079635324262,R2_roe_shrinkage,6
20200331,0.065946245063891,2.258805644388225,R2_roe_shrinkage,7
20200331,0.031068012664738,2.641040857681053,R2_roe_shrinkage,8
20200331,0.0447969922841708,2.912752133155267,R2_roe_shrinkage,9
20200331,0.047014500213824,3.1501933032259832,R2_roe_shrinkage,10
20200430,0.0285235725812473,0.9243334391841612,R2_roe_shrinkage,1
20200430,0.0836788873360905,1.727191950862173,R2_roe_shrinkage,2
20200430,0.0379902061514854,1.2869779695845531,R2_roe_shrinkage,3
20200430,0.057786992275824,1.8112830173948944,R2_roe_shrinkage,4
20200430,0.068045628587068,1.986607264698856,R2_roe_shrinkage,5
20200430,0.053664457756416,2.3170165334974344,R2_roe_shrinkage,6
20200430,0.0477737753049323,2.3667173177007412,R2_roe_shrinkage,7
20200430,0.0181089689641908,2.688867384605959,R2_roe_shrinkage,8
20200430,0.0073594036871014,2.934188251943622,R2_roe_shrinkage,9
20200430,0.0341289030567908,3.2577059450819346,R2_roe_shrinkage,10
20200529,0.0538361652211472,0.9740960069355108,R2_roe_shrinkage,1
20200529,0.0827123296312652,1.870052020838353,R2_roe_shrinkage,2
20200529,0.0798980462801319,1.3898049949599305,R2_roe_shrinkage,3
20200529,0.1010460894994504,1.9943060832794135,R2_roe_shrinkage,4
20200529,0.0802519695284458,2.1460364103704577,R2_roe_shrinkage,5
20200529,0.0779143573495417,2.49754538767315,R2_roe_shrinkage,6
20200529,0.0730323322022916,2.539564203075978,R2_roe_shrinkage,7
20200529,0.0739257555154515,2.887643937493811,R2_roe_shrinkage,8
20200529,0.0710378546048595,3.14262669036848,R2_roe_shrinkage,9
20200529,0.0748520385581366,3.5015518760942785,R2_roe_shrinkage,10
20200630,0.1110311620048167,1.0822510184898126,R2_roe_shrinkage,1
20200630,0.116536442834954,2.0879812312631723,R2_roe_shrinkage,2
20200630,0.1194175431297457,1.5557720928874936,R2_roe_shrinkage,3
20200630,0.1311766541437138,2.2559124826224615,R2_roe_shrinkage,4
20200630,0.1421250306538015,2.451041900978533,R2_roe_shrinkage,5
20200630,0.1237910239853263,2.8067190886630384,R2_roe_shrinkage,6
20200630,0.1406975226415625,2.8968745950379624,R2_roe_shrinkage,7
20200630,0.1347602068495244,3.2767834318182523,R2_roe_shrinkage,8
20200630,0.126084123832975,3.538862023157712,R2_roe_shrinkage,9
20200630,0.167742964849141,4.088912569363405,R2_roe_shrinkage,10
20200731,0.0223608129089958,1.1064510310348334,R2_roe_shrinkage,1
20200731,0.0046855072300346,2.0977644824184325,R2_roe_shrinkage,2
20200731,-0.0036194900984837,1.55014099120179,R2_roe_shrinkage,3
20200731,0.0339934000158637,2.332598618045027,R2_roe_shrinkage,4
20200731,0.0202522692318418,2.500681061455676,R2_roe_shrinkage,5
20200731,0.0171630878598185,2.8548910549795923,R2_roe_shrinkage,6
20200731,0.0269447420312221,2.974930133698061,R2_roe_shrinkage,7
20200731,0.0282535563604076,3.3693642171899794,R2_roe_shrinkage,8
20200731,0.0358672042987175,3.665791110327283,R2_roe_shrinkage,9
20200731,0.0410542021889572,4.256779612719019,R2_roe_shrinkage,10
20200831,-0.0735256994705036,1.0250984450481373,R2_roe_shrinkage,1
20200831,-0.0680146597820074,1.955085744843964,R2_roe_shrinkage,2
20200831,-0.0408559332493783,1.4868085343381243,R2_roe_shrinkage,3
20200831,-0.0617815715872446,2.1884870095399704,R2_roe_shrinkage,4
20200831,-0.063046364290127,2.3430222122817197,R2_roe_shrinkage,5
20200831,-0.0535878448376666,2.7019035960969036,R2_roe_shrinkage,6
20200831,-0.06197177248727,2.790568440287001,R2_roe_shrinkage,7
20200831,-0.0426290240948993,3.225731508790896,R2_roe_shrinkage,8
20200831,-0.0661714319956829,3.4232204631598817,R2_roe_shrinkage,9
20200831,-0.05042995257672,4.042110418720051,R2_roe_shrinkage,10
20200930,-0.0150923304227498,1.0096273205996238,R2_roe_shrinkage,1
20200930,-0.0168498422834946,1.9221428583926343,R2_roe_shrinkage,2
20200930,-0.0128523853104853,1.467699498171893,R2_roe_shrinkage,3
20200930,-0.0113862282033307,2.1635683970293234,R2_roe_shrinkage,4
20200930,-0.017870530480087,2.3011511624216183,R2_roe_shrinkage,5
20200930,-0.0198833592158756,2.6481806763290425,R2_roe_shrinkage,6
20200930,-0.0335911139794186,2.696830137741952,R2_roe_shrinkage,7
20200930,-0.0242400675266724,3.14753955919489,R2_roe_shrinkage,8
20200930,-0.0159987287866364,3.368453287392923,R2_roe_shrinkage,9
20200930,-0.0087909955969688,4.006576243826621,R2_roe_shrinkage,10
20201030,0.0193597340602615,1.029173437026407,R2_roe_shrinkage,1
20201030,0.02172410017287,1.9638996823949229,R2_roe_shrinkage,2
20201030,0.016857753712977,1.4924416148367348,R2_roe_shrinkage,3
20201030,0.0110155889046295,2.1874013770580465,R2_roe_shrinkage,4
20201030,0.025348612557104,2.3594821516731734,R2_roe_shrinkage,5
20201030,0.0200020041548683,2.701149597219818,R2_roe_shrinkage,6
20201030,0.0456850566547757,2.8200349753729994,R2_roe_shrinkage,7
20201030,0.0263343837159328,3.2304280737078064,R2_roe_shrinkage,8
20201030,0.0263717923327444,3.4572854379705995,R2_roe_shrinkage,9
20201030,0.0392488496061782,4.163829752256259,R2_roe_shrinkage,10
20201130,-0.0040842189208498,1.0249700674020676,R2_roe_shrinkage,1
20201130,-0.0152541734733983,1.933942015955319,R2_roe_shrinkage,2
20201130,0.0031336616145505,1.4971184218371063,R2_roe_shrinkage,3
20201130,0.0035851326606299,2.1952435011768445,R2_roe_shrinkage,4
20201130,0.0436603904900236,2.4624980637694653,R2_roe_shrinkage,5
20201130,0.0160131168042056,2.744403421225732,R2_roe_shrinkage,6
20201130,0.0209315742582205,2.8790627468707983,R2_roe_shrinkage,7
20201130,0.0019087152279597,3.2365940409649214,R2_roe_shrinkage,8
20201130,-0.0080972344764375,3.4292909871273785,R2_roe_shrinkage,9
20201130,-0.0154633762105496,4.099442886320441,R2_roe_shrinkage,10
20201231,-0.022619166791834,1.0017860984908629,R2_roe_shrinkage,1
20201231,-0.024425536773264,1.8867044441272416,R2_roe_shrinkage,2
20201231,-0.0264853883930523,1.457466658964357,R2_roe_shrinkage,3
20201231,-0.0350371628554382,2.118328397118769,R2_roe_shrinkage,4
20201231,-0.0103092850676652,2.437111469251492,R2_roe_shrinkage,5
20201231,-0.0264159510727219,2.6719073947268224,R2_roe_shrinkage,6
20201231,-0.024332660850955,2.809007489482572,R2_roe_shrinkage,7
20201231,-0.0491741241292558,3.077437363838502,R2_roe_shrinkage,8
20201231,-0.0179639702240388,3.3676873059450574,R2_roe_shrinkage,9
20201231,-0.029157553177594,3.979913162364043,R2_roe_shrinkage,10
20210129,-0.0060704372849044,0.995704818807085,R2_roe_shrinkage,1
20210129,9.063036432244154e-05,1.886875436838382,R2_roe_shrinkage,2
20210129,0.0056963901505764,1.4657689576852753,R2_roe_shrinkage,3
20210129,0.0241038241633793,2.169388212323213,R2_roe_shrinkage,4
20210129,-0.006994500663539,2.420065091462694,R2_roe_shrinkage,5
20210129,0.0263649411925142,2.742352076060639,R2_roe_shrinkage,6
20210129,0.0451272875782615,2.9357703782699427,R2_roe_shrinkage,7
20210129,0.0486984599216884,3.2273038239628984,R2_roe_shrinkage,8
20210129,0.056627893744263,3.5583923448700174,R2_roe_shrinkage,9
20210129,0.0591349177093047,4.2152649997106195,R2_roe_shrinkage,10
20210226,-0.0067426890197074,0.9889910908584446,R2_roe_shrinkage,1
20210226,-0.0156937916555436,1.8572632068526775,R2_roe_shrinkage,2
20210226,-0.0256860219258396,1.428119184099956,R2_roe_shrinkage,3
20210226,-0.0146721479470623,2.1375586275173935,R2_roe_shrinkage,4
20210226,-0.0096876666040235,2.396620307696568,R2_roe_shrinkage,5
20210226,-0.0167451133608996,2.696431079671505,R2_roe_shrinkage,6
20210226,-0.0136602609112231,2.895666988927335,R2_roe_shrinkage,7
20210226,-0.0030728162337149,3.217386912381495,R2_roe_shrinkage,8
20210226,-0.0045203734982921,3.542307082417741,R2_roe_shrinkage,9
20210226,0.0106829899058533,4.260296633153025,R2_roe_shrinkage,10
20210331,0.0451247575174611,1.0336190740203612,R2_roe_shrinkage,1
20210331,0.0112589706812051,1.878174078845913,R2_roe_shrinkage,2
20210331,0.0146903271344565,1.4490987221013776,R2_roe_shrinkage,3
20210331,0.0196945687458574,2.1796569228553353,R2_roe_shrinkage,4
20210331,0.0323901234571046,2.474247135342664,R2_roe_shrinkage,5
20210331,0.02155958540619,2.754565015825588,R2_roe_shrinkage,6
20210331,0.0084034425829044,2.9200005602079977,R2_roe_shrinkage,7
20210331,-0.006174405507634,3.1975214609094973,R2_roe_shrinkage,8
20210331,0.0139526060854082,3.5917314977722676,R2_roe_shrinkage,9
20210331,0.0027651363336906,4.272076934165657,R2_roe_shrinkage,10
20210430,0.0606904010954822,1.096349830202598,R2_roe_shrinkage,1
20210430,0.0573351898377334,1.9858595462048536,R2_roe_shrinkage,2
20210430,0.0598671210949512,1.53585209077596,R2_roe_shrinkage,3
20210430,0.0625634553749872,2.316023791481177,R2_roe_shrinkage,4
20210430,0.0664967697037484,2.638776577291704,R2_roe_shrinkage,5
20210430,0.0412492301708695,2.8681887021840025,R2_roe_shrinkage,6
20210430,0.0401937609046989,3.037366364566585,R2_roe_shrinkage,7
20210430,0.0435665086477299,3.3368263072875126,R2_roe_shrinkage,8
20210430,0.0410953439122852,3.739334938913806,R2_roe_shrinkage,9
20210430,0.0336645150896175,4.415894332579884,R2_roe_shrinkage,10
20210531,0.0696578544623196,1.1727192071146395,R2_roe_shrinkage,1
20210531,0.051021596395355,2.087181270469181,R2_roe_shrinkage,2
20210531,0.0554737367912103,1.6210515454098955,R2_roe_shrinkage,3
20210531,0.0335817536169915,2.3937999318177887,R2_roe_shrinkage,4
20210531,0.057926232420614,2.7916309626139757,R2_roe_shrinkage,5
20210531,0.0324077855557487,2.9611403465778032,R2_roe_shrinkage,6
20210531,0.0273288116881571,3.1203739779717674,R2_roe_shrinkage,7
20210531,-0.0009940391297877,3.3335093713687636,R2_roe_shrinkage,8
20210531,0.015220062417949,3.796247850085692,R2_roe_shrinkage,9
20210531,-0.0012995365767893,4.41015571637546,R2_roe_shrinkage,10
20210630,0.0113568343065832,1.1860375848379885,R2_roe_shrinkage,1
20210630,0.0095756895547836,2.107167470359752,R2_roe_shrinkage,2
20210630,0.0446349781241091,1.6934071456773194,R2_roe_shrinkage,3
20210630,-0.0207466719653349,2.344136549881724,R2_roe_shrinkage,4
20210630,0.0133002917359874,2.828760468835957,R2_roe_shrinkage,5
20210630,0.0085058296940043,2.986327302065839,R2_roe_shrinkage,6
20210630,-0.0315160577533483,3.022032091469964,R2_roe_shrinkage,7
20210630,-0.0094032080841857,3.3021636890992,R2_roe_shrinkage,8
20210630,-0.0356535177936898,3.660898259813405,R2_roe_shrinkage,9
20210630,0.0001916871866129,4.411001086717257,R2_roe_shrinkage,10
20210730,0.0661091913557023,1.264445570489098,R2_roe_shrinkage,1
20210730,0.0361353501930044,2.183310704816509,R2_roe_shrinkage,2
20210730,0.0511403866863049,1.7800086419246095,R2_roe_shrinkage,3
20210730,0.0503958592507698,2.4622713255141484,R2_roe_shrinkage,4
20210730,0.0109331143823465,2.859687630602001,R2_roe_shrinkage,5
20210730,0.0561207369251826,3.1539221909575668,R2_roe_shrinkage,6
20210730,0.0691313029755225,3.230949107587126,R2_roe_shrinkage,7
20210730,0.0358342808891241,3.4204943502762473,R2_roe_shrinkage,8
20210730,0.0557151825603874,3.8648658746939137,R2_roe_shrinkage,9
20210730,0.0638395816252073,4.692597550641621,R2_roe_shrinkage,10
20210831,-0.0272082930517603,1.2300421648592303,R2_roe_shrinkage,1
20210831,-0.030059560685493,2.11768134418979,R2_roe_shrinkage,2
20210831,-0.0452141006519267,1.6995271520273307,R2_roe_shrinkage,3
20210831,-0.0353673776099788,2.3751872457664662,R2_roe_shrinkage,4
20210831,-0.0346193312110292,2.760687157358107,R2_roe_shrinkage,5
20210831,-0.0230414766307565,3.081251166499394,R2_roe_shrinkage,6
20210831,-0.0154525002535215,3.181022865683021,R2_roe_shrinkage,7
20210831,0.0188791542789112,3.485070390825257,R2_roe_shrinkage,8
20210831,0.0073202468271562,3.893157646850526,R2_roe_shrinkage,9
20210831,0.0289908008717441,4.828639711803507,R2_roe_shrinkage,10
20210930,-0.018113687100651,1.2077615659643628,R2_roe_shrinkage,1
20210930,-0.0288547671451697,2.0565761421155235,R2_roe_shrinkage,2
20210930,-0.00453890851931,1.691813153758195,R2_roe_shrinkage,3
20210930,0.0127631059986386,2.405502012350798,R2_roe_shrinkage,4
20210930,-0.0315273114323236,2.6736501135808615,R2_roe_shrinkage,5
20210930,0.0010447435983753,3.084470283930581,R2_roe_shrinkage,6
20210930,-0.0208254574408058,3.1147766093755087,R2_roe_shrinkage,7
20210930,-0.0115496309771351,3.444819113881885,R2_roe_shrinkage,8
20210930,-0.0396965310897058,3.7386127932851982,R2_roe_shrinkage,9
20210930,-0.026965165391942,4.6984346433566255,R2_roe_shrinkage,10
20211029,0.0748101333233777,1.2981143697370083,R2_roe_shrinkage,1
20211029,0.0894489272835949,2.240534671904791,R2_roe_shrinkage,2
20211029,0.1039638952978867,1.8677006393391,R2_roe_shrinkage,3
20211029,0.1065395833015707,2.6617831943777417,R2_roe_shrinkage,4
20211029,0.0978302759585805,2.9352140420091675,R2_roe_shrinkage,5
20211029,0.0930261279832711,3.3714066113241037,R2_roe_shrinkage,6
20211029,0.0699390423225658,3.332621102483961,R2_roe_shrinkage,7
20211029,0.1327723855016502,3.902195965253664,R2_roe_shrinkage,8
20211029,0.0801165836764654,4.038137677972336,R2_roe_shrinkage,9
20211029,0.0728654248362947,5.040788079710371,R2_roe_shrinkage,10
20211130,0.0047596184943232,1.3042928988989555,R2_roe_shrinkage,1
20211130,-0.004994519151296,2.22934427857682,R2_roe_shrinkage,2
20211130,-0.0051663510580959,1.8580514421648435,R2_roe_shrinkage,3
20211130,0.01757072987416,2.708552667869732,R2_roe_shrinkage,4
20211130,0.0141289779793971,2.976685616573532,R2_roe_shrinkage,5
20211130,0.0069438714220597,3.3948172253446205,R2_roe_shrinkage,6
20211130,0.0085758840181606,3.361201274535338,R2_roe_shrinkage,7
20211130,0.0222243683593674,3.988919805795899,R2_roe_shrinkage,8
20211130,0.0329082045417639,4.171025538646853,R2_roe_shrinkage,9
20211130,0.0570419869306892,5.328324647473584,R2_roe_shrinkage,10
20211231,-0.1078887239346447,1.1635744023997283,R2_roe_shrinkage,1
20211231,-0.1207811795119184,1.9600814470721648,R2_roe_shrinkage,2
20211231,-0.1021324251645141,1.6682841422961252,R2_roe_shrinkage,3
20211231,-0.1055511614799715,2.422661787846406,R2_roe_shrinkage,4
20211231,-0.0941461514173713,2.6964421217936887,R2_roe_shrinkage,5
20211231,-0.1107105784531287,3.0189750465840723,R2_roe_shrinkage,6
20211231,-0.0962237210548814,3.0377739806851376,R2_roe_shrinkage,7
20211231,-0.0859884881880382,3.645918622192186,R2_roe_shrinkage,8
20211231,-0.077683257964456,3.847006685751815,R2_roe_shrinkage,9
20211231,-0.0805773403129838,4.898982419056046,R2_roe_shrinkage,10
20220128,0.0062565266854364,1.170854336698833,R2_roe_shrinkage,1
20220128,0.0173708245628954,1.9941296780182416,R2_roe_shrinkage,2
20220128,0.018919563085731,1.6998473493712216,R2_roe_shrinkage,3
20220128,0.0274409345070947,2.4891418912995404,R2_roe_shrinkage,4
20220128,0.0220641709736506,2.755936881789498,R2_roe_shrinkage,5
20220128,0.0129787363170901,3.0581575276615616,R2_roe_shrinkage,6
20220128,0.0279275520778523,3.122611571731466,R2_roe_shrinkage,7
20220128,0.0267868773062751,3.743581396993513,R2_roe_shrinkage,8
20220128,0.0227967247623896,3.934705838325972,R2_roe_shrinkage,9
20220128,0.041145596081463,5.100553970880715,R2_roe_shrinkage,10
20220228,-0.0991272547526774,1.0547907605866107,R2_roe_shrinkage,1
20220228,-0.1197027263523357,1.7554269188593528,R2_roe_shrinkage,2
20220228,-0.1163888770173736,1.502004025276946,R2_roe_shrinkage,3
20220228,-0.1108393828146724,2.213246940329753,R2_roe_shrinkage,4
20220228,-0.1254503710497151,2.4102035773794106,R2_roe_shrinkage,5
20220228,-0.1082710901518614,2.727047478285523,R2_roe_shrinkage,6
20220228,-0.1147288410832202,2.7643579649536627,R2_roe_shrinkage,7
20220228,-0.0988069634678703,3.3736894866617755,R2_roe_shrinkage,8
20220228,-0.0961000258547869,3.556580505531865,R2_roe_shrinkage,9
20220228,-0.0774028784898309,4.7057564116418105,R2_roe_shrinkage,10
20220331,-0.1452664831354577,0.9015650163524191,R2_roe_shrinkage,1
20220331,-0.1437237960788266,1.503130298341928,R2_roe_shrinkage,2
20220331,-0.1364046691882541,1.297123663089618,R2_roe_shrinkage,3
20220331,-0.1400310005613763,1.9033237567859729,R2_roe_shrinkage,4
20220331,-0.1244271843102964,2.110308732631487,R2_roe_shrinkage,5
20220331,-0.120388750474596,2.3987416398898307,R2_roe_shrinkage,6
20220331,-0.1264782972402878,2.414726676583696,R2_roe_shrinkage,7
20220331,-0.1202743666009762,2.967921120545158,R2_roe_shrinkage,8
20220331,-0.1339423674328621,3.0802036926553615,R2_roe_shrinkage,9
20220331,-0.1304448537195213,4.091914704885495,R2_roe_shrinkage,10
20220429,0.1072057710344958,0.998217989068208,R2_roe_shrinkage,1
20220429,0.1086716075942277,1.6664778842863368,R2_roe_shrinkage,2
20220429,0.1064106152408232,1.4351513901224149,R2_roe_shrinkage,3
20220429,0.1156216981445801,2.123389281664489,R2_roe_shrinkage,4
20220429,0.1022799613256038,2.326151028190119,R2_roe_shrinkage,5
20220429,0.1032619050907706,2.646440271445414,R2_roe_shrinkage,6
20220429,0.1197558984076669,2.7039044391469367,R2_roe_shrinkage,7
20220429,0.1192644103192535,3.321888482861034,R2_roe_shrinkage,8
20220429,0.099278870591025,3.3860028364524903,R2_roe_shrinkage,9
20220429,0.1154918476180235,4.56449749444808,R2_roe_shrinkage,10
20220531,0.1099003125391955,1.1079224580490514,R2_roe_shrinkage,1
20220531,0.1362756871541666,1.8935783030946791,R2_roe_shrinkage,2
20220531,0.1173595686636128,1.603580138234166,R2_roe_shrinkage,3
20220531,0.1147201292603634,2.3669847745271095,R2_roe_shrinkage,4
20220531,0.1255231852393756,2.618136914596392,R2_roe_shrinkage,5
20220531,0.1000235886189375,2.911146724461059,R2_roe_shrinkage,6
20220531,0.1048739422245974,2.987473557078865,R2_roe_shrinkage,7
20220531,0.0977608885524372,3.646639252617637,R2_roe_shrinkage,8
20220531,0.1081370234762209,3.752155104668504,R2_roe_shrinkage,9
20220531,0.0941139895574436,4.994080563975545,R2_roe_shrinkage,10
20220630,-0.0018690045216094,1.1058517459653652,R2_roe_shrinkage,1
20220630,0.0018299071883198,1.8970433756431584,R2_roe_shrinkage,2
20220630,-0.0116216997281228,1.5849438113776266,R2_roe_shrinkage,3
20220630,0.0129692315823002,2.3976827482197303,R2_roe_shrinkage,4
20220630,0.0032579796634224,2.6266667514202027,R2_roe_shrinkage,5
20220630,0.004791569998229,2.92509568776643,R2_roe_shrinkage,6
20220630,0.0107499880296557,3.019588862056376,R2_roe_shrinkage,7
20220630,0.0245611913043812,3.736205056919245,R2_roe_shrinkage,8
20220630,0.0320729902077534,3.8724979385985088,R2_roe_shrinkage,9
20220630,0.0049655326704869,5.018878834175009,R2_roe_shrinkage,10
20220729,-0.0449374251849815,1.0561576158653654,R2_roe_shrinkage,1
20220729,-0.047117901116735,1.807658673455447,R2_roe_shrinkage,2
20220729,-0.0451047729204194,1.5134552806738146,R2_roe_shrinkage,3
20220729,-0.0425915700089134,2.2955616755897656,R2_roe_shrinkage,4
20220729,-0.0319604531505169,2.5427172917694167,R2_roe_shrinkage,5
20220729,-0.0196601666126623,2.8675878191869613,R2_roe_shrinkage,6
20220729,-0.0268521844710531,2.9385063049057005,R2_roe_shrinkage,7
20220729,-0.017877909166404,3.669409522284583,R2_roe_shrinkage,8
20220729,-0.0401536378860041,3.7170030586577263,R2_roe_shrinkage,9
20220729,-0.0282852508708573,4.876918587259933,R2_roe_shrinkage,10
20220831,-0.0752024872379063,0.9767319362370328,R2_roe_shrinkage,1
20220831,-0.0635919689400308,1.692706099238891,R2_roe_shrinkage,2
20220831,-0.0601637670559167,1.422400109717808,R2_roe_shrinkage,3
20220831,-0.0869153149403478,2.0960422095908884,R2_roe_shrinkage,4
20220831,-0.0900977642319691,2.313624148707025,R2_roe_shrinkage,5
20220831,-0.0800103191036594,2.638151202716046,R2_roe_shrinkage,6
20220831,-0.1008617306582377,2.6421234734427683,R2_roe_shrinkage,7
20220831,-0.0724950607424704,3.4033954560775626,R2_roe_shrinkage,8
20220831,-0.0923709796229191,3.3736598448681256,R2_roe_shrinkage,9
20220831,-0.0864246448180524,4.455432630549435,R2_roe_shrinkage,10
20220930,0.037079591043815,1.0129487569921356,R2_roe_shrinkage,1
20220930,0.04358686170732,1.7664858458975536,R2_roe_shrinkage,2
20220930,0.047696982458067,1.490244302799371,R2_roe_shrinkage,3
20220930,0.0341856613278028,2.167696798696742,R2_roe_shrinkage,4
20220930,0.0314488249728786,2.386384909612737,R2_roe_shrinkage,5
20220930,0.0061450881665656,2.6543628744534673,R2_roe_shrinkage,6
20220930,0.0210192108930031,2.697658823936416,R2_roe_shrinkage,7
20220930,0.0348759170502621,3.5220919936929627,R2_roe_shrinkage,8
20220930,0.0159452862966706,3.42745381696213,R2_roe_shrinkage,9
20220930,0.011479318003567,4.506577958558982,R2_roe_shrinkage,10
20221031,0.0436474383592393,1.057161375424018,R2_roe_shrinkage,1
20221031,0.0457546466068872,1.8473107815126644,R2_roe_shrinkage,2
20221031,0.0458071250025844,1.558508109862091,R2_roe_shrinkage,3
20221031,0.0436792084316648,2.2623800789836697,R2_roe_shrinkage,4
20221031,0.0589458133435467,2.5270523090606263,R2_roe_shrinkage,5
20221031,0.0666905070957777,2.831383680566975,R2_roe_shrinkage,6
20221031,0.0642353523925149,2.870943889126749,R2_roe_shrinkage,7
20221031,0.0801846785886626,3.804509808166934,R2_roe_shrinkage,8
20221031,0.0908463348307335,3.738825434034747,R2_roe_shrinkage,9
20221031,0.0991098563886108,4.953224252835841,R2_roe_shrinkage,10
20221130,-0.0525658727763033,1.001590765059457,R2_roe_shrinkage,1
20221130,-0.0459152721931811,1.7624910041541122,R2_roe_shrinkage,2
20221130,-0.0352389409622038,1.5035879345895449,R2_roe_shrinkage,3
20221130,-0.0419022446523127,2.1675812754175774,R2_roe_shrinkage,4
20221130,-0.024739527518473,2.46453422892,R2_roe_shrinkage,5
20221130,-0.0506498489873898,2.687974524720898,R2_roe_shrinkage,6
20221130,-0.0320501194352879,2.778929794588227,R2_roe_shrinkage,7
20221130,-0.04117975034647,3.647841044075923,R2_roe_shrinkage,8
20221130,-0.0442489061661125,3.5733864982326686,R2_roe_shrinkage,9
20221130,-0.0417740340384825,4.746308094297639,R2_roe_shrinkage,10
20221230,0.0518726284912391,1.0535459107156424,R2_roe_shrinkage,1
20221230,0.0788688491514284,1.9014966412914924,R2_roe_shrinkage,2
20221230,0.0848126916824143,1.631111274503286,R2_roe_shrinkage,3
20221230,0.0890312807529984,2.360563812504222,R2_roe_shrinkage,4
20221230,0.0810422440282785,2.66426561331618,R2_roe_shrinkage,5
20221230,0.1014822195170765,2.960756145494934,R2_roe_shrinkage,6
20221230,0.0956184466911007,3.044646745010373,R2_roe_shrinkage,7
20221230,0.0985431457674297,4.00731077581871,R2_roe_shrinkage,8
20221230,0.1059451077609476,3.951969315859445,R2_roe_shrinkage,9
20221230,0.1058690755061555,5.248795344308313,R2_roe_shrinkage,10
20230131,0.0186401741616786,1.0731841899787062,R2_roe_shrinkage,1
20230131,0.0169344417480441,1.933697425397545,R2_roe_shrinkage,2
20230131,0.0270823134960507,1.6752855413863268,R2_roe_shrinkage,3
20230131,0.0138468135152554,2.393250099406828,R2_roe_shrinkage,4
20230131,0.01869038033688,2.7140617509475304,R2_roe_shrinkage,5
20230131,0.0198202434093976,3.0194390529745134,R2_roe_shrinkage,6
20230131,0.0253216759077901,3.121742303141234,R2_roe_shrinkage,7
20230131,0.0302053802242743,4.128353121479146,R2_roe_shrinkage,8
20230131,0.0388062072652548,4.105330256236614,R2_roe_shrinkage,9
20230131,0.0376285149953528,5.446299718629156,R2_roe_shrinkage,10
20230228,-0.0181364329725799,1.053720456849925,R2_roe_shrinkage,1
20230228,-0.0021512472775953,1.9295375640754655,R2_roe_shrinkage,2
20230228,-0.0103429181165135,1.6579582002099889,R2_roe_shrinkage,3
20230228,-0.0122280558830047,2.3639853034492746,R2_roe_shrinkage,4
20230228,-0.0222557784178223,2.653658194006155,R2_roe_shrinkage,5
20230228,-0.0039643066418889,3.0074690706820277,R2_roe_shrinkage,6
20230228,-0.0139453741113986,3.0782084388445505,R2_roe_shrinkage,7
20230228,-0.0199631819831198,4.045938056824476,R2_roe_shrinkage,8
20230228,-0.0031565508799351,4.092371572403866,R2_roe_shrinkage,9
20230228,-0.0399835770158788,5.228537174377788,R2_roe_shrinkage,10
20230331,-0.0154527243695988,1.0374376050676153,R2_roe_shrinkage,1
20230331,-0.0236689526057573,1.883867430920335,R2_roe_shrinkage,2
20230331,-0.0292040007310738,1.6095391877189664,R2_roe_shrinkage,3
20230331,-0.0210884774838998,2.3141324526052145,R2_roe_shrinkage,4
20230331,-0.0437838075145937,2.537470934430265,R2_roe_shrinkage,5
20230331,-0.0376694306427859,2.894179423113647,R2_roe_shrinkage,6
20230331,-0.0434751867336647,2.944382752160641,R2_roe_shrinkage,7
20230331,-0.04046879416216,3.8822038224099966,R2_roe_shrinkage,8
20230331,-0.0466677058461071,3.901389979649951,R2_roe_shrinkage,9
20230331,-0.046106207158751,4.987469156278695,R2_roe_shrinkage,10
20230428,-0.011993208122052,1.024995399956396,R2_roe_shrinkage,1
20230428,-0.0109084483950788,1.8633173602669704,R2_roe_shrinkage,2
20230428,-0.0213551172772846,1.5751672896028424,R2_roe_shrinkage,3
20230428,-0.0202656587271734,2.2672350340712404,R2_roe_shrinkage,4
20230428,-0.0224081317393883,2.4806109514466828,R2_roe_shrinkage,5
20230428,-0.0158040509969308,2.848439663916491,R2_roe_shrinkage,6
20230428,-0.0183978515409658,2.890212435406609,R2_roe_shrinkage,7
20230428,-0.008435800390904,3.8494543258873417,R2_roe_shrinkage,8
20230428,-0.021621408524457,3.817036433086716,R2_roe_shrinkage,9
20230428,-0.0073169851519415,4.950975918516437,R2_roe_shrinkage,10
20230531,0.0199734875579042,1.0454681328243345,R2_roe_shrinkage,1
20230531,0.0206431004513552,1.9017820077077157,R2_roe_shrinkage,2
20230531,0.032113692614955,1.6257517277582798,R2_roe_shrinkage,3
20230531,0.0327933500956971,2.3415852662927685,R2_roe_shrinkage,4
20230531,0.0168720441000498,2.522463928814558,R2_roe_shrinkage,5
20230531,0.0356099750223266,2.9498725292011616,R2_roe_shrinkage,6
20230531,0.0474307962281068,3.0272975124863204,R2_roe_shrinkage,7
20230531,0.0363936079955755,3.9895498576205575,R2_roe_shrinkage,8
20230531,0.040974639943184,3.97343812658246,R2_roe_shrinkage,9
20230531,0.0388147152164919,5.1431466388373615,R2_roe_shrinkage,10
20230630,-0.0429070416828645,1.000610188071134,R2_roe_shrinkage,1
20230630,-0.0197432903757117,1.8642345732982384,R2_roe_shrinkage,2
20230630,-0.0173175421879251,1.5975977036257336,R2_roe_shrinkage,3
20230630,-0.0077456617502142,2.3234481388607793,R2_roe_shrinkage,4
20230630,-0.0167312071245354,2.480260062357392,R2_roe_shrinkage,5
20230630,-0.0161516062643993,2.9022273495793365,R2_roe_shrinkage,6
20230630,-0.0222008172876968,2.9600890335361125,R2_roe_shrinkage,7
20230630,-0.0235855676220305,3.8954540596721854,R2_roe_shrinkage,8
20230630,0.0082211482770617,4.0061043505908245,R2_roe_shrinkage,9
20230630,0.0032840776664211,5.160037131849096,R2_roe_shrinkage,10
20230731,-0.0617952095672114,0.9387772718041916,R2_roe_shrinkage,1
20230731,-0.0567700680777508,1.7584018496592004,R2_roe_shrinkage,2
20230731,-0.0551018749381638,1.5095670747590506,R2_roe_shrinkage,3
20230731,-0.0545221537910112,2.196768742108373,R2_roe_shrinkage,4
20230731,-0.0425003317536817,2.374848186871795,R2_roe_shrinkage,5
20230731,-0.0537087194710182,2.746352435019663,R2_roe_shrinkage,6
20230731,-0.0516884283622465,2.8070866835803097,R2_roe_shrinkage,7
20230731,-0.0500418250792777,3.700518429013707,R2_roe_shrinkage,8
20230731,-0.0507544082110236,3.80277689504498,R2_roe_shrinkage,9
20230731,-0.0544332988908193,4.879159288363428,R2_roe_shrinkage,10
20230831,-0.0194474348525034,0.9205204619697686,R2_roe_shrinkage,1
20230831,-0.0164910071830741,1.7294040321257396,R2_roe_shrinkage,2
20230831,-0.0089875472205726,1.495999769392032,R2_roe_shrinkage,3
20230831,-0.0121128847267498,2.170159535563887,R2_roe_shrinkage,4
20230831,-0.0086716971045011,2.3542542227260697,R2_roe_shrinkage,5
20230831,-0.005698460312343,2.7307024546649967,R2_roe_shrinkage,6
20230831,-0.0078630587132987,2.785014396173999,R2_roe_shrinkage,7
20230831,0.0015956540911543,3.706423176384355,R2_roe_shrinkage,8
20230831,0.0002987284975179,3.8039128928732326,R2_roe_shrinkage,9
20230831,-0.0036281669531837,4.861456883874068,R2_roe_shrinkage,10
20230928,-0.0156985522848965,0.906069623368219,R2_roe_shrinkage,1
20230928,-0.001557810730527,1.726709947967077,R2_roe_shrinkage,2
20230928,-0.016430569491618,1.4714196412215916,R2_roe_shrinkage,3
20230928,-0.0191741574152496,2.12854855501278,R2_roe_shrinkage,4
20230928,-0.0316054481468478,2.279846962965203,R2_roe_shrinkage,5
20230928,-0.0064193653361958,2.7131730779840555,R2_roe_shrinkage,6
20230928,-0.0309390986183438,2.698848561117264,R2_roe_shrinkage,7
20230928,-0.0208801595033369,3.629032469274585,R2_roe_shrinkage,8
20230928,-0.0418322341849828,3.644786717919284,R2_roe_shrinkage,9
20230928,-0.0260721131766349,4.734708429794372,R2_roe_shrinkage,10
20231031,0.0285317153911888,0.9319213439867626,R2_roe_shrinkage,1
20231031,0.0244113042804108,1.768861189910914,R2_roe_shrinkage,2
20231031,0.0181601840666512,1.4981408927454616,R2_roe_shrinkage,3
20231031,0.0220300401560948,2.1754405651539095,R2_roe_shrinkage,4
20231031,0.020230328207121,2.3259690152879973,R2_roe_shrinkage,5
20231031,0.0185914522793968,2.7636149057891406,R2_roe_shrinkage,6
20231031,0.0244928954421366,2.76495117673887,R2_roe_shrinkage,7
20231031,0.0276003114470113,3.72919489567788,R2_roe_shrinkage,8
20231031,0.0239481205743588,3.732072509707837,R2_roe_shrinkage,9
20231031,0.0308383655213275,4.880719098989282,R2_roe_shrinkage,10
20231130,-0.0315347571404613,0.9025334307301276,R2_roe_shrinkage,1
20231130,-0.025910423568617,1.723029247246234,R2_roe_shrinkage,2
20231130,-0.0286896244005814,1.4551597932334426,R2_roe_shrinkage,3
20231130,-0.0306756404229399,2.108707532615771,R2_roe_shrinkage,4
20231130,-0.0161374334767797,2.2884338450347363,R2_roe_shrinkage,5
20231130,-0.0225955299836351,2.701169562322161,R2_roe_shrinkage,6
20231130,-0.0188099297624586,2.7129426393077845,R2_roe_shrinkage,7
20231130,-0.0171769869521295,3.6651385636128735,R2_roe_shrinkage,8
20231130,-0.0060667914603318,3.7094308040766015,R2_roe_shrinkage,9
20231130,-0.0182341061739124,4.791723548733269,R2_roe_shrinkage,10
20231229,-0.2205072012008059,0.7035183099296658,R2_roe_shrinkage,1
20231229,-0.2081065625240936,1.3644555534733436,R2_roe_shrinkage,2
20231229,-0.1924375731682585,1.175132374051574,R2_roe_shrinkage,3
20231229,-0.208407216652614,1.669237665008917,R2_roe_shrinkage,4
20231229,-0.1951944027726027,1.8417443673685705,R2_roe_shrinkage,5
20231229,-0.208143375778843,2.1389390110693665,R2_roe_shrinkage,6
20231229,-0.1902826262503463,2.1967167890337533,R2_roe_shrinkage,7
20231229,-0.2052453604276696,2.912885878106798,R2_roe_shrinkage,8
20231229,-0.1918563749882262,2.9977528567368035,R2_roe_shrinkage,9
20231229,-0.1918582605302117,3.872391803731651,R2_roe_shrinkage,10
20240131,0.0980762775431576,0.7725167669510209,R2_roe_shrinkage,1
20240131,0.1192036524372943,1.5271036390357162,R2_roe_shrinkage,2
20240131,0.1166045200109975,1.312158120477242,R2_roe_shrinkage,3
20240131,0.1138259847739022,1.859240286050246,R2_roe_shrinkage,4
20240131,0.0987237298577166,2.0235682407596363,R2_roe_shrinkage,5
20240131,0.1197470534743072,2.3950706552061716,R2_roe_shrinkage,6
20240131,0.1086048696067811,2.435290929469791,R2_roe_shrinkage,7
20240131,0.1129393335225934,3.2418652678075546,R2_roe_shrinkage,8
20240131,0.1205850949362654,3.359237169561872,R2_roe_shrinkage,9
20240131,0.1228475314409895,4.348105577592405,R2_roe_shrinkage,10
20240229,0.017981191604584,0.7864075389553209,R2_roe_shrinkage,1
20240229,0.0182105694497509,1.5549130659113437,R2_roe_shrinkage,2
20240229,0.0211127510939848,1.3398613882708288,R2_roe_shrinkage,3
20240229,0.03344251819156,1.9214179631389623,R2_roe_shrinkage,4
20240229,0.032544189968326,2.0894236300007893,R2_roe_shrinkage,5
20240229,0.0297022973102452,2.4662097558861493,R2_roe_shrinkage,6
20240229,0.0345218605447061,2.519361703322735,R2_roe_shrinkage,7
20240229,0.0374917544420059,3.363408484362263,R2_roe_shrinkage,8
20240229,0.04087830244095,3.4965570825501033,R2_roe_shrinkage,9
20240229,0.0287206930070742,4.472986183048784,R2_roe_shrinkage,10
20240329,0.0034269683744097,0.7891025327207181,R2_roe_shrinkage,1
20240329,-0.0008313547745137,1.5536203815100442,R2_roe_shrinkage,2
20240329,0.0184122599412903,1.3645312644369694,R2_roe_shrinkage,3
20240329,0.0019144598352998,1.9250964406562157,R2_roe_shrinkage,4
20240329,-0.0032602700249796,2.0826115447704137,R2_roe_shrinkage,5
20240329,0.0203628350834719,2.5164287784265085,R2_roe_shrinkage,6
20240329,0.0015695877542178,2.523316062600716,R2_roe_shrinkage,7
20240329,0.015127237704416,3.4142875640022603,R2_roe_shrinkage,8
20240329,0.0278228181281523,3.593841154332598,R2_roe_shrinkage,9
20240329,0.0320396349696887,4.616299027578128,R2_roe_shrinkage,10
20240430,-0.0300195803105328,0.7654140058664636,R2_roe_shrinkage,1
20240430,-0.0195667118538855,1.5232211391747137,R2_roe_shrinkage,2
20240430,-0.029581925307858,1.324165802492158,R2_roe_shrinkage,3
20240430,-0.0131675088177771,1.8997477162988037,R2_roe_shrinkage,4
20240430,-0.0296218445629178,2.020920749306286,R2_roe_shrinkage,5
20240430,-0.0136898012801174,2.481979368514281,R2_roe_shrinkage,6
20240430,-0.0129548843102499,2.4906267949315284,R2_roe_shrinkage,7
20240430,-0.0296164928639395,3.31316834072755,R2_roe_shrinkage,8
20240430,-0.0239179647380389,3.5078837883291576,R2_roe_shrinkage,9
20240430,-0.0036784399850369,4.599318248652198,R2_roe_shrinkage,10
20240531,-0.078302552785653,0.7054801352692267,R2_roe_shrinkage,1
20240531,-0.0762482969902141,1.4070781213731476,R2_roe_shrinkage,2
20240531,-0.0975983962976921,1.1949293437366766,R2_roe_shrinkage,3
20240531,-0.0910141901249996,1.72684371645805,R2_roe_shrinkage,4
20240531,-0.0810596287759721,1.857105663581859,R2_roe_shrinkage,5
20240531,-0.0688839808218164,2.311010749293399,R2_roe_shrinkage,6
20240531,-0.0766247323967936,2.299783183269616,R2_roe_shrinkage,7
20240531,-0.084419216686172,3.0334732646539058,R2_roe_shrinkage,8
20240531,-0.0827037191474285,3.2177687526973653,R2_roe_shrinkage,9
20240531,-0.0895643616858336,4.187383245521658,R2_roe_shrinkage,10
20240628,-0.0372464636815531,0.6792034950328643,R2_roe_shrinkage,1
20240628,-0.0238275624981555,1.3735508794963416,R2_roe_shrinkage,2
20240628,-0.0253140696749447,1.1646808190726905,R2_roe_shrinkage,3
20240628,-0.0193952635109188,1.6933511275351718,R2_roe_shrinkage,4
20240628,-0.0161304843786812,1.8271496496858912,R2_roe_shrinkage,5
20240628,-0.0121695400871726,2.282886811337986,R2_roe_shrinkage,6
20240628,-0.0195909886377497,2.254728157056893,R2_roe_shrinkage,7
20240628,-0.0096577111995211,3.0041768559324096,R2_roe_shrinkage,8
20240628,-0.013118948459213,3.1755550102770624,R2_roe_shrinkage,9
20240628,-0.0204667567458597,4.1016810912338775,R2_roe_shrinkage,10
20240731,-0.0493961812819961,0.6456534360648555,R2_roe_shrinkage,1
20240731,-0.0637025822965525,1.2860521415567236,R2_roe_shrinkage,2
20240731,-0.0436397780991573,1.1138544065720133,R2_roe_shrinkage,3
20240731,-0.0532623815141706,1.6031592137429425,R2_roe_shrinkage,4
20240731,-0.0651147521410313,1.7081752531220225,R2_roe_shrinkage,5
20240731,-0.0543914368795724,2.1587173174358876,R2_roe_shrinkage,6
20240731,-0.0555761712051513,2.1294189989792236,R2_roe_shrinkage,7
20240731,-0.0604560069463678,2.822556319062042,R2_roe_shrinkage,8
20240731,-0.0442966280525403,3.0348886311264387,R2_roe_shrinkage,9
20240731,-0.0588730784877276,3.860202498418037,R2_roe_shrinkage,10
20240830,0.401198443218967,0.9046885894730524,R2_roe_shrinkage,1
20240830,0.3605711626498005,1.7497654574660972,R2_roe_shrinkage,2
20240830,0.3842794934711768,1.5418858137301448,R2_roe_shrinkage,3
20240830,0.4014518100605149,2.2467503819152386,R2_roe_shrinkage,4
20240830,0.4114921192043492,2.4110759080016293,R2_roe_shrinkage,5
20240830,0.3928024337162226,3.00666673343006,R2_roe_shrinkage,6
20240830,0.3997246260398868,2.9806002120284236,R2_roe_shrinkage,7
20240830,0.4032584286782559,3.960775945142883,R2_roe_shrinkage,8
20240830,0.4185094963133133,4.305018343506165,R2_roe_shrinkage,9
20240830,0.4067066156756218,5.430172392372217,R2_roe_shrinkage,10
20240930,-0.0591334417190638,0.8511912394935456,R2_roe_shrinkage,1
20240930,-0.0901901900597261,1.591953778297286,R2_roe_shrinkage,2
20240930,-0.0954160502208412,1.3947651594924666,R2_roe_shrinkage,3
20240930,-0.0851540439673101,2.0554305011100573,R2_roe_shrinkage,4
20240930,-0.0865678550202055,2.2023542383550336,R2_roe_shrinkage,5
20240930,-0.0954278079744321,2.7197471177491828,R2_roe_shrinkage,6
20240930,-0.090694194448068,2.710277076826765,R2_roe_shrinkage,7
20240930,-0.0957245382645025,3.581632496624932,R2_roe_shrinkage,8
20240930,-0.0892893035978598,3.920626253638488,R2_roe_shrinkage,9
20240930,-0.0891511706978402,4.946066166501142,R2_roe_shrinkage,10
20241031,0.0298089285705174,0.8765643383514589,R2_roe_shrinkage,1
20241031,0.0204030559594827,1.6244345003207958,R2_roe_shrinkage,2
20241031,0.0404706635616487,1.4512122310097957,R2_roe_shrinkage,3
20241031,0.0651050119017973,2.189249328348145,R2_roe_shrinkage,4
20241031,0.0714211675589526,2.359648949436758,R2_roe_shrinkage,5
20241031,0.0575006905314949,2.8761344550908037,R2_roe_shrinkage,6
20241031,0.0456631635422022,2.8340369022305874,R2_roe_shrinkage,7
20241031,0.0503484633277999,3.7619621890349095,R2_roe_shrinkage,8
20241031,0.0508561906727815,4.1200143699502405,R2_roe_shrinkage,9
20241031,0.04654476494211,5.176279653609061,R2_roe_shrinkage,10
20241129,-0.044015053548928,0.8379823120598386,R2_roe_shrinkage,1
20241129,-0.0413234846467517,1.5573072061871356,R2_roe_shrinkage,2
20241129,-0.0354982362249778,1.399696756420833,R2_roe_shrinkage,3
20241129,-0.0324722794065009,2.11815941246753,R2_roe_shrinkage,4
20241129,-0.0397280467352911,2.2659047056946537,R2_roe_shrinkage,5
20241129,-0.0317221604949579,2.784897256301335,R2_roe_shrinkage,6
20241129,-0.0365234360018605,2.730528136805057,R2_roe_shrinkage,7
20241129,-0.0226385547864896,3.67679680191374,R2_roe_shrinkage,8
20241129,-0.0173937167069277,4.0483520071708545,R2_roe_shrinkage,9
20241129,-0.0108303997117243,5.120218475940809,R2_roe_shrinkage,10
20241231,0.0273147637238548,0.8608716009185228,R2_roe_shrinkage,1
20241231,0.0076963547894037,1.569292794962047,R2_roe_shrinkage,2
20241231,-0.0035385165098026,1.3947439063395206,R2_roe_shrinkage,3
20241231,0.0012412978791127,2.120788679253848,R2_roe_shrinkage,4
20241231,0.0075721449914047,2.2830624646628803,R2_roe_shrinkage,5
20241231,0.0103847097567362,2.813817606010355,R2_roe_shrinkage,6
20241231,0.0098665631468475,2.757469065091088,R2_roe_shrinkage,7
20241231,-0.0008580660966396,3.673641867233785,R2_roe_shrinkage,8
20241231,-0.0010030538377594,4.044291292153461,R2_roe_shrinkage,9
20241231,-0.0021840850012312,5.10903548356448,R2_roe_shrinkage,10
20250127,0.0593302836751787,0.911947357208924,R2_roe_shrinkage,1
20250127,0.0785125522714471,1.6925019775557102,R2_roe_shrinkage,2
20250127,0.0642338719212061,1.484333707782216,R2_roe_shrinkage,3
20250127,0.0764600817030465,2.2829443549444934,R2_roe_shrinkage,4
20250127,0.0750755450383873,2.45446462355413,R2_roe_shrinkage,5
20250127,0.0608824332552158,2.985129668600632,R2_roe_shrinkage,6
20250127,0.0559565721471577,2.911767581775413,R2_roe_shrinkage,7
20250127,0.0529806216893746,3.8682736972239464,R2_roe_shrinkage,8
20250127,0.0588973268291586,4.2824892381797435,R2_roe_shrinkage,9
20250127,0.0537509573100041,5.38365103173685,R2_roe_shrinkage,10
20250228,-0.0109251316865598,0.9019842122402062,R2_roe_shrinkage,1
20250228,0.0009290756507276,1.6940744399318657,R2_roe_shrinkage,2
20250228,0.0223157438318983,1.5174577185661358,R2_roe_shrinkage,3
20250228,-0.0085283184830281,2.2634746784064954,R2_roe_shrinkage,4
20250228,-0.0044177339319531,2.443621451901876,R2_roe_shrinkage,5
20250228,0.0063257583607376,3.0040128775596684,R2_roe_shrinkage,6
20250228,0.0030250724669624,2.920575889717236,R2_roe_shrinkage,7
20250228,0.013893899574058,3.922019103498146,R2_roe_shrinkage,8
20250228,0.010925349789127,4.32927693107503,R2_roe_shrinkage,9
20250228,0.0241531444558913,5.513683132806499,R2_roe_shrinkage,10
20250331,-0.0397143970297021,0.8661624531207756,R2_roe_shrinkage,1
20250331,-0.0056870649260359,1.6844401286024349,R2_roe_shrinkage,2
20250331,-0.010523955010155,1.5014880618061333,R2_roe_shrinkage,3
20250331,-0.0220345991876886,2.2135999210963258,R2_roe_shrinkage,4
20250331,-0.0140092827941766,2.409388067940266,R2_roe_shrinkage,5
20250331,-0.034713611014258,2.89973274304624,R2_roe_shrinkage,6
20250331,-0.0539394268735026,2.763041700085318,R2_roe_shrinkage,7
20250331,-0.0311740512899407,3.7997538788055674,R2_roe_shrinkage,8
20250331,-0.0529356524753225,4.100103831982211,R2_roe_shrinkage,9
20250331,-0.0476037053023302,5.251211385821949,R2_roe_shrinkage,10
20250430,-0.0093999788094176,0.858020544415927,R2_roe_shrinkage,1
20250430,-0.00256626610925,1.6801174069873417,R2_roe_shrinkage,2
20250430,0.0125926422860453,1.5203957638652257,R2_roe_shrinkage,3
20250430,0.0139704855023949,2.2445249867021047,R2_roe_shrinkage,4
20250430,0.009702667204821,2.4327655585307575,R2_roe_shrinkage,5
20250430,0.0051198499082441,2.9145789394646577,R2_roe_shrinkage,6
20250430,0.009381735012633,2.7889638251443736,R2_roe_shrinkage,7
20250430,0.0179072000574453,3.867796831682393,R2_roe_shrinkage,8
20250430,0.0272097094088668,4.211666465796628,R2_roe_shrinkage,9
20250430,0.0221526026450431,5.3675393850571895,R2_roe_shrinkage,10
20250530,0.0513798276651529,0.902105492121178,R2_roe_shrinkage,1
20250530,0.0491425774707208,1.7626827068201236,R2_roe_shrinkage,2
20250530,0.0614433741340461,1.6138140096162157,R2_roe_shrinkage,3
20250530,0.0543648954851612,2.366548353017998,R2_roe_shrinkage,4
20250530,0.060754222675821,2.5805663389918037,R2_roe_shrinkage,5
20250530,0.0529834765751748,3.0690034644302813,R2_roe_shrinkage,6
20250530,0.0461017496933093,2.9175399373148743,R2_roe_shrinkage,7
20250530,0.0712409248245755,4.14334225500501,R2_roe_shrinkage,8
20250530,0.0502542218586086,4.423320486763234,R2_roe_shrinkage,9
20250530,0.057861544256162,5.678113502732369,R2_roe_shrinkage,10
20250630,0.0669015508905925,0.962457748611006,R2_roe_shrinkage,1
20250630,0.0391183537650374,1.831635952521027,R2_roe_shrinkage,2
20250630,0.0561428962270249,1.7044182020878176,R2_roe_shrinkage,3
20250630,0.0637333902429935,2.5173765027298067,R2_roe_shrinkage,4
20250630,0.0750505356934467,2.774239225125615,R2_roe_shrinkage,5
20250630,0.0588083569059261,3.2494865155120207,R2_roe_shrinkage,6
20250630,0.0539755727392645,3.0750158264211227,R2_roe_shrinkage,7
20250630,0.0521119961114222,4.3592600904861225,R2_roe_shrinkage,8
20250630,0.0574301196520055,4.677352311577214,R2_roe_shrinkage,9
20250630,0.0693962773268646,6.072153442061399,R2_roe_shrinkage,10
20250731,0.1393353726845885,1.0965621577068907,R2_roe_shrinkage,1
20250731,0.1122084587650127,2.0371609997719977,R2_roe_shrinkage,2
20250731,0.1194146958981867,1.9079507833734688,R2_roe_shrinkage,3
20250731,0.1308555348139515,2.8467891513225907,R2_roe_shrinkage,4
20250731,0.1355633832618605,3.150324480461406,R2_roe_shrinkage,5
20250731,0.1137043801444293,3.6189673655459966,R2_roe_shrinkage,6
20250731,0.1131833120589758,3.423056302289234,R2_roe_shrinkage,7
20250731,0.1023674781777177,4.805506552669956,R2_roe_shrinkage,8
20250731,0.0935423514748841,5.114882845478631,R2_roe_shrinkage,9
20250731,0.0937354145205979,6.6413292619857005,R2_roe_shrinkage,10
20250829,0.0241432900489337,1.1230367759370927,R2_roe_shrinkage,1
20250829,0.0118959448790614,2.061394954735059,R2_roe_shrinkage,2
20250829,0.0324645135641041,1.96989147745994,R2_roe_shrinkage,3
20250829,0.0424682640889169,2.967687344806422,R2_roe_shrinkage,4
20250829,0.035231883702895,3.261316346183406,R2_roe_shrinkage,5
20250829,0.0382020343301039,3.7572192810841103,R2_roe_shrinkage,6
20250829,0.0656358724773793,3.64773158922918,R2_roe_shrinkage,7
20250829,0.047486544993522,5.033703455799983,R2_roe_shrinkage,8
20250829,0.017727009671125,5.2055544231471025,R2_roe_shrinkage,9
20250829,0.0212121696924973,6.78220626527469,R2_roe_shrinkage,10
20250930,-0.0230034149986971,1.0972030949214129,R2_roe_shrinkage,1
20250930,-0.0227326565478058,2.014533971219687,R2_roe_shrinkage,2
20250930,-0.0203306702275103,1.9298422634477188,R2_roe_shrinkage,3
20250930,-0.0165157986560039,2.918673618145628,R2_roe_shrinkage,4
20250930,-0.0006687186756793,3.2591354430354147,R2_roe_shrinkage,5
20250930,-0.0125176742251071,3.710187634131208,R2_roe_shrinkage,6
20250930,-0.0023099652020328,3.6393054561917046,R2_roe_shrinkage,7
20250930,0.0041917316400479,5.054803389842278,R2_roe_shrinkage,8
20250930,0.0147362405978046,5.282264725571564,R2_roe_shrinkage,9
20250930,0.0123103504212878,6.865697601029675,R2_roe_shrinkage,10
20251031,-0.0244702218596297,1.0703542917636135,R2_roe_shrinkage,1
20251031,-0.0304649553670059,1.9531612837011616,R2_roe_shrinkage,2
20251031,-0.0310778128391441,1.86986698677522,R2_roe_shrinkage,3
20251031,-0.0165253809044434,2.8704414248700214,R2_roe_shrinkage,4
20251031,-0.0266923809346137,3.172141358272412,R2_roe_shrinkage,5
20251031,-0.0279336850879466,3.6065484211421928,R2_roe_shrinkage,6
20251031,-0.0294840130351202,3.532004126682564,R2_roe_shrinkage,7
20251031,-0.0275322448821984,4.915633305081774,R2_roe_shrinkage,8
20251031,-0.0293302742070671,5.127334452736232,R2_roe_shrinkage,9
20251031,-0.0391059479673456,6.597207987884278,R2_roe_shrinkage,10
20251128,0.0329968292431623,1.1056725895586237,R2_roe_shrinkage,1
20251128,0.0416489681539924,2.0345084358056424,R2_roe_shrinkage,2
20251128,0.0600128734487468,1.9820830776185512,R2_roe_shrinkage,3
20251128,0.0628308139926592,3.0507935961128534,R2_roe_shrinkage,4
20251128,0.042649585239497,3.307431871523785,R2_roe_shrinkage,5
20251128,0.0427526364740749,3.760737874717434,R2_roe_shrinkage,6
20251128,0.0320740709450124,3.6452898776198577,R2_roe_shrinkage,7
20251128,0.0507402559686926,5.165053797229854,R2_roe_shrinkage,8
20251128,0.0429947376026165,5.3477828521324815,R2_roe_shrinkage,9
20251128,0.0391726533474889,6.855638129454954,R2_roe_shrinkage,10
20251231,0.0791600268205674,1.1931976614028503,R2_roe_shrinkage,1
20251231,0.0727705376011873,2.18256070843337,R2_roe_shrinkage,2
20251231,0.0765133194869884,2.1337388333861327,R2_roe_shrinkage,3
20251231,0.0727960465950958,3.272879308887505,R2_roe_shrinkage,4
20251231,0.0926499234422897,3.613865181211053,R2_roe_shrinkage,5
20251231,0.0885792059884817,4.093861049590714,R2_roe_shrinkage,6
20251231,0.0554230104723925,3.8473228166820896,R2_roe_shrinkage,7
20251231,0.066307598977398,5.507536113113258,R2_roe_shrinkage,8
20251231,0.0550009855255542,5.641916179376428,R2_roe_shrinkage,9
20251231,0.0646912891629241,7.2991381980838925,R2_roe_shrinkage,10
20260130,0.0507607760299506,1.2537653006527814,R2_roe_shrinkage,1
20260130,0.0407015458042059,2.271394303078131,R2_roe_shrinkage,2
20260130,0.0227279103109923,2.182234258218414,R2_roe_shrinkage,3
20260130,0.0443678825728686,3.4180900337393965,R2_roe_shrinkage,4
20260130,0.037951535473514,3.7510169138322818,R2_roe_shrinkage,5
20260130,0.0434004799645029,4.271536584050935,R2_roe_shrinkage,6
20260130,0.036843841767429,3.989072969768144,R2_roe_shrinkage,7
20260130,0.0377191598735708,5.715275748273243,R2_roe_shrinkage,8
20260130,0.0299270154940622,5.810761892292827,R2_roe_shrinkage,9
20260130,0.0200298164535259,7.445338596460433,R2_roe_shrinkage,10
20260227,-0.0975071987358234,1.1315141583139512,R2_roe_shrinkage,1
20260227,-0.0891182588509265,2.0689715976238943,R2_roe_shrinkage,2
20260227,-0.0709657041749887,2.02737046740916,R2_roe_shrinkage,3
20260227,-0.0761548826540803,3.157785788318891,R2_roe_shrinkage,4
20260227,-0.0902112293627753,3.412633066674908,R2_roe_shrinkage,5
20260227,-0.077251712917686,3.941553066142439,R2_roe_shrinkage,6
20260227,-0.088579337135716,3.635723530320079,R2_roe_shrinkage,7
20260227,-0.0676169041870857,5.3288264955994755,R2_roe_shrinkage,8
20260227,-0.0915246066633674,5.278934195686241,R2_roe_shrinkage,9
20260227,-0.0844811955495878,6.816347490559965,R2_roe_shrinkage,10
20260331,0.0698511516797419,1.2105517254141145,R2_roe_shrinkage,1
20260331,0.0849035333765191,2.2446345967178245,R2_roe_shrinkage,2
20260331,0.075680416529589,2.180802708842473,R2_roe_shrinkage,3
20260331,0.0549664515759438,3.331358067939725,R2_roe_shrinkage,4
20260331,0.0647925055481113,3.6337461135811098,R2_roe_shrinkage,5
20260331,0.1017145089157989,4.342466200630678,R2_roe_shrinkage,6
20260331,0.0584102449455563,3.848087032280398,R2_roe_shrinkage,7
20260331,0.0702601409843985,5.703230596461694,R2_roe_shrinkage,8
20260331,0.074942279751982,5.674549558971664,R2_roe_shrinkage,9
20260331,0.0912281068926295,7.438189968046077,R2_roe_shrinkage,10
20260430,0.0434419306237017,1.2631404294859567,R2_roe_shrinkage,1
20260430,0.0057267289364981,2.257489010614713,R2_roe_shrinkage,2
20260430,-0.0110259272450031,2.1567573368390702,R2_roe_shrinkage,3
20260430,-0.0445314382621759,3.1830079018080655,R2_roe_shrinkage,4
20260430,-0.0260060136994128,3.5392468623711313,R2_roe_shrinkage,5
20260430,-0.0059446400760649,4.316651802025452,R2_roe_shrinkage,6
20260430,-0.0154441136850507,3.78865673868389,R2_roe_shrinkage,7
20260430,-0.0207340476952342,5.584979541257738,R2_roe_shrinkage,8
20260430,-0.0003435536659129,5.672600046668275,R2_roe_shrinkage,9
20260430,0.0064081598451226,7.485855078319704,R2_roe_shrinkage,10
20260529,0.057957559344252,1.3363489658880132,R2_roe_shrinkage,1
20260529,0.0109945716508421,2.2823091352929055,R2_roe_shrinkage,2
20260529,0.0260362864543832,2.212911288673605,R2_roe_shrinkage,3
20260529,-0.0098161741303192,3.1517629419857354,R2_roe_shrinkage,4
20260529,0.0259424826064513,3.631063712538132,R2_roe_shrinkage,5
20260529,0.0306223059232164,4.4488376340710785,R2_roe_shrinkage,6
20260529,-0.0370120518816003,3.648430778910147,R2_roe_shrinkage,7
20260529,-0.0292705640587216,5.4215040398287035,R2_roe_shrinkage,8
20260529,-0.0281145534142095,5.513117429658772,R2_roe_shrinkage,9
20260529,-0.0425893168670991,7.167037624367962,R2_roe_shrinkage,10
20260630,-0.3121445270919104,0.9192149499011356,R2_roe_shrinkage,1
20260630,-0.1412643094074459,1.959900311441448,R2_roe_shrinkage,2
20260630,-0.1336559635221055,1.9171424981969905,R2_roe_shrinkage,3
20260630,-0.0947263779292265,2.8532078543998636,R2_roe_shrinkage,4
20260630,-0.0936179022390549,3.2911311448739573,R2_roe_shrinkage,5
20260630,-0.034032486009921,4.297432629529144,R2_roe_shrinkage,6
20260630,-0.0313956738561346,3.5338858360888006,R2_roe_shrinkage,7
20260630,0.0016300673157236,5.430341456366092,R2_roe_shrinkage,8
20260630,-0.0065950560838593,5.47675811101327,R2_roe_shrinkage,9
20260630,-0.0158973335660083,7.053100836573253,R2_roe_shrinkage,10
20120427,0.0254590930725195,1.0254590930725196,R3_confidence,1
20120427,0.0177290918862895,1.0177290918862896,R3_confidence,2
20120427,0.0107012204019005,1.0107012204019006,R3_confidence,3
20120427,0.0132108361053677,1.0132108361053678,R3_confidence,4
20120427,0.0177379247414672,1.0177379247414673,R3_confidence,5
20120427,0.0169504469823025,1.0169504469823023,R3_confidence,6
20120427,0.0272536773966114,1.0272536773966114,R3_confidence,7
20120427,0.0202839397904277,1.0202839397904278,R3_confidence,8
20120427,0.0173443961049828,1.0173443961049828,R3_confidence,9
20120427,0.0319239248513221,1.031923924851322,R3_confidence,10
20120531,-0.044320423185875,0.980010312107742,R3_confidence,1
20120531,-0.0466759501493485,0.9702256195278632,R3_confidence,2
20120531,-0.0574152636036776,0.9526715434079668,R3_confidence,3
20120531,-0.040811571290773,0.9718601098350698,R3_confidence,4
20120531,-0.0396080804131957,0.9774272791787484,R3_confidence,5
20120531,-0.0382958099314723,0.9780055059549424,R3_confidence,6
20120531,-0.0420652621224725,0.9840419821906492,R3_confidence,7
20120531,-0.0504731628990809,0.9687869822940692,R3_confidence,8
20120531,-0.0416173851489095,0.975005182543197,R3_confidence,9
20120531,-0.0415046100368595,0.9890943247626623,R3_confidence,10
20120629,-0.0968555866792941,0.8850908383767884,R3_confidence,1
20120629,-0.1054244414253418,0.8679401255325822,R3_confidence,2
20120629,-0.1047085991266582,0.8529186406698872,R3_confidence,3
20120629,-0.1120032301538224,0.8630086382758934,R3_confidence,4
20120629,-0.1011535296028134,0.8785570599597434,R3_confidence,5
20120629,-0.0842525203627314,0.8956060771496103,R3_confidence,6
20120629,-0.0831271795097259,0.9022413476919806,R3_confidence,7
20120629,-0.0698241755052615,0.9011422300151556,R3_confidence,8
20120629,-0.0883624265522099,0.8888513587126997,R3_confidence,9
20120629,-0.0978286177782985,0.8923325941187716,R3_confidence,10
20120731,0.0046808934669264,0.8892338542997827,R3_confidence,1
20120731,0.014447513303428,0.8804797020427932,R3_confidence,2
20120731,0.0142062886923757,0.8650354491103524,R3_confidence,3
20120731,0.0122741546560185,0.8736013397715717,R3_confidence,4
20120731,0.02532088784402,0.9008029047395562,R3_confidence,5
20120731,0.0032373083196293,0.8985054301542772,R3_confidence,6
20120731,-0.0042846967581526,0.8983755171144535,R3_confidence,7
20120731,0.0162856552887629,0.9158179217393296,R3_confidence,8
20120731,0.0265298285944193,0.9124324329052644,R3_confidence,9
20120731,0.0336011774094144,0.9223160199219596,R3_confidence,10
20120831,0.0008557982832857,0.8899948591057321,R3_confidence,1
20120831,0.001353707303243,0.8816716138458057,R3_confidence,2
20120831,0.0117659772119329,0.8752134364920989,R3_confidence,3
20120831,0.0135065687188584,0.8854006963000832,R3_confidence,4
20120831,0.0113676698775373,0.9110429347853622,R3_confidence,5
20120831,0.0183555653234341,0.9149980052709344,R3_confidence,6
20120831,0.0176550003373383,0.9142363371721658,R3_confidence,7
20120831,0.0085365246276718,0.9236358239827204,R3_confidence,8
20120831,0.0385226641479228,0.947581761075746,R3_confidence,9
20120831,0.0200742246277243,0.9408307988836216,R3_confidence,10
20120928,-0.0244905629245684,0.8681983840062607,R3_confidence,1
20120928,-0.0077537775513899,0.8748353282786704,R3_confidence,2
20120928,-0.0085996916662198,0.8676868707961342,R3_confidence,3
20120928,-0.0158539191698064,0.8713636252280513,R3_confidence,4
20120928,-0.0212296407593109,0.8917018205635606,R3_confidence,5
20120928,-0.0165512056444735,0.8998536851214121,R3_confidence,6
20120928,-0.0048067665117157,0.909841816562853,R3_confidence,7
20120928,-0.0081187693354616,0.9161370377778356,R3_confidence,8
20120928,0.0001096411271257,0.947685655008074,R3_confidence,9
20120928,-0.0158933473884407,0.92587784816322,R3_confidence,10
20121031,-0.1305990504154357,0.7548124994828272,R3_confidence,1
20121031,-0.1136401445400409,0.7754189151243481,R3_confidence,2
20121031,-0.1281975949074278,0.7564515008273176,R3_confidence,3
20121031,-0.1122538368945198,0.7735497149658841,R3_confidence,4
20121031,-0.1222754894850293,0.7826685439794595,R3_confidence,5
20121031,-0.117823728009166,0.793829569277621,R3_confidence,6
20121031,-0.1143547419562925,0.8057970904087635,R3_confidence,7
20121031,-0.1141747510649272,0.8115373195481915,R3_confidence,8
20121031,-0.1179884264703047,0.8358697157851914,R3_confidence,9
20121031,-0.1162595384974978,0.8182357168307077,R3_confidence,10
20121130,0.14892610215759,0.8672237828906327,R3_confidence,1
20121130,0.1525935713910582,0.8937428567073523,R3_confidence,2
20121130,0.1809087652437937,0.8933002078088023,R3_confidence,3
20121130,0.1725422356556598,0.907019712176896,R3_confidence,4
20121130,0.1763871862917989,0.9207212462510956,R3_confidence,5
20121130,0.179362744186446,0.9362130192395997,R3_confidence,6
20121130,0.1926085730935369,0.9610005181953192,R3_confidence,7
20121130,0.1901312293318251,0.9658359077625436,R3_confidence,8
20121130,0.2009835246228726,1.003865757389218,R3_confidence,9
20121130,0.1981964210396742,0.9804071074733864,R3_confidence,10
20121231,0.0343918899752737,0.8970492478157481,R3_confidence,1
20121231,0.0411157022686492,0.9304897219084638,R3_confidence,2
20121231,0.0658589147900878,0.95213199007685,R3_confidence,3
20121231,0.0566192628016883,0.9583744996269516,R3_confidence,4
20121231,0.0450735404186541,0.9622214125583078,R3_confidence,5
20121231,0.0556899858559296,0.9883507090391902,R3_confidence,6
20121231,0.0546228266766635,1.013493082936886,R3_confidence,7
20121231,0.0643647374838511,1.0280016824181566,R3_confidence,8
20121231,0.0556028485648922,1.0596835530768116,R3_confidence,9
20121231,0.0550833037812843,1.034411170003673,R3_confidence,10
20130131,0.0475526350652142,0.9397063033326554,R3_confidence,1
20130131,0.0489202098717642,0.9760094743877452,R3_confidence,2
20130131,0.0421120381020327,0.9922282087211304,R3_confidence,3
20130131,0.0389703587554879,0.995722697699525,R3_confidence,4
20130131,0.0508230456064571,1.0111244352922684,R3_confidence,5
20130131,0.0277514404613865,1.0157788648960604,R3_confidence,6
20130131,0.0517094159743554,1.0659002183496014,R3_confidence,7
20130131,0.0498891423538883,1.0792878046923526,R3_confidence,8
20130131,0.0503155495589542,1.113002113408457,R3_confidence,9
20130131,0.0531379243215002,1.089377632472643,R3_confidence,10
20130228,-0.041892918786571,0.9003392634839115,R3_confidence,1
20130228,-0.0201273047916803,0.9563650342171754,R3_confidence,2
20130228,-0.0283758758164297,0.9640728642889012,R3_confidence,3
20130228,-0.0211197661933613,0.974693267130688,R3_confidence,4
20130228,-0.0339982394061152,0.9767479846718288,R3_confidence,5
20130228,-0.0470278124176815,0.968009006979883,R3_confidence,6
20130228,-0.0474442964166259,1.0153293324396766,R3_confidence,7
20130228,-0.0466450326357625,1.0289443898190973,R3_confidence,8
20130228,-0.0343153994118201,1.0748090013406455,R3_confidence,9
20130228,-0.0341740863214459,1.0521491472238704,R3_confidence,10
20130329,-0.0332075920622948,0.8704411645044707,R3_confidence,1
20130329,-0.0224233059937271,0.9349201684132225,R3_confidence,2
20130329,-0.0213959920210402,0.9434455689768744,R3_confidence,3
20130329,-0.0346905659637349,0.9408806060528826,R3_confidence,4
20130329,-0.0367852815405372,0.9408180350615232,R3_confidence,5
20130329,-0.0182466534932326,0.9503460820511928,R3_confidence,6
20130329,-0.0312203786027008,0.9836303662744824,R3_confidence,7
20130329,-0.0295074784344208,0.998582835426292,R3_confidence,8
20130329,-0.0137799408543479,1.0599981968724506,R3_confidence,9
20130329,-0.012749966256739,1.0387342810997091,R3_confidence,10
20130426,0.1563312581408285,1.0065183268890223,R3_confidence,1
20130426,0.1450115946165735,1.0704944328740194,R3_confidence,2
20130426,0.1390527041476759,1.0746342265592514,R3_confidence,3
20130426,0.1401377343315006,1.0727334824615828,R3_confidence,4
20130426,0.1462661200138115,1.0784278386889905,R3_confidence,5
20130426,0.1491200325529722,1.0920617207432564,R3_confidence,6
20130426,0.1622102939759413,1.143185337151529,R3_confidence,7
20130426,0.1499831260163802,1.148353410669828,R3_confidence,8
20130426,0.1634047408836665,1.233206927569547,R3_confidence,9
20130426,0.1812207917378905,1.2269745299258872,R3_confidence,10
20130531,-0.1471668332880905,0.8583922120743379,R3_confidence,1
20130531,-0.142087752086735,0.9183902852855856,R3_confidence,2
20130531,-0.1518219249491857,0.9114811896667464,R3_confidence,3
20130531,-0.1367838280467677,0.9260008902565474,R3_confidence,4
20130531,-0.1395243833361052,0.92796085952342,R3_confidence,5
20130531,-0.1602266371224963,0.9170843436983578,R3_confidence,6
20130531,-0.1506363593535542,0.9709800598966573,R3_confidence,7
20130531,-0.1555106828540966,0.969772187618732,R3_confidence,8
20130531,-0.1439781435275827,1.0556520835527294,R3_confidence,9
20130531,-0.154610862648901,1.037270939405816,R3_confidence,10
20130628,0.0646752128722123,0.913908911118095,R3_confidence,1
20130628,0.0629187594272233,0.9761742627057683,R3_confidence,2
20130628,0.0725095384567433,0.9775722700414856,R3_confidence,3
20130628,0.0777922176348075,0.9980365530414104,R3_confidence,4
20130628,0.0728051587053739,0.995521197173398,R3_confidence,5
20130628,0.0713631905853644,0.9825304085005576,R3_confidence,6
20130628,0.0888333648244243,1.0572354857946984,R3_confidence,7
20130628,0.0672435548238288,1.0349831168834966,R3_confidence,8
20130628,0.061903086205642,1.1210002054840595,R3_confidence,9
20130628,0.0808994945488816,1.12118563411399,R3_confidence,10
20130731,0.0533457975923605,0.9626621109084555,R3_confidence,1
20130731,0.0762239272177891,1.050582098658132,R3_confidence,2
20130731,0.0568901023095249,1.0331864564991002,R3_confidence,3
20130731,0.0444286987139637,1.04237801836201,R3_confidence,4
20130731,0.0551730623981356,1.0504471503037127,R3_confidence,5
20130731,0.0654441741110196,1.0468312996238394,R3_confidence,6
20130731,0.0564664805599672,1.1169338528006325,R3_confidence,7
20130731,0.0607530728971572,1.0978615216308467,R3_confidence,8
20130731,0.0932757120200893,1.2255622978252516,R3_confidence,9
20130731,0.1026768481837747,1.2363054412537415,R3_confidence,10
20130830,0.0625711597976552,1.0228969956812566,R3_confidence,1
20130830,0.0693690807657509,1.1234600131110002,R3_confidence,2
20130830,0.0783224487973972,1.1141081498364154,R3_confidence,3
20130830,0.0641631483522042,1.1092602737932482,R3_confidence,4
20130830,0.0568698206486788,1.1101858913424008,R3_confidence,5
20130830,0.0730895502823871,1.1233437285348726,R3_confidence,6
20130830,0.0585831778081791,1.1823673872992262,R3_confidence,7
20130830,0.0481022422963943,1.150671122552222,R3_confidence,8
20130830,0.0767393359319323,1.3196111347035746,R3_confidence,9
20130830,0.0607466233753943,1.3114068222705333,R3_confidence,10
20130930,-0.0473879688993247,0.9744239846627004,R3_confidence,1
20130930,-0.0590092209068012,1.0571655130173754,R3_confidence,2
20130930,-0.0486645385402019,1.059890590840748,R3_confidence,3
20130930,-0.0360694699393637,1.0692498436927322,R3_confidence,4
20130930,-0.0330588190944723,1.0734844567992767,R3_confidence,5
20130930,-0.0316822145499671,1.0877537115140707,R3_confidence,6
20130930,-0.02273339828876,1.1554881585601122,R3_confidence,7
20130930,-0.0074851792341048,1.14205814296041,R3_confidence,8
20130930,-0.0315734548803313,1.2779464520824284,R3_confidence,9
20130930,-0.0225477937796405,1.2818374916807636,R3_confidence,10
20131031,0.0596609141008117,1.0325590103094326,R3_confidence,1
20131031,0.0632318141262182,1.1240120062371382,R3_confidence,2
20131031,0.0505359410081063,1.1134531592145231,R3_confidence,3
20131031,0.0748677021176071,1.1493021224796178,R3_confidence,4
20131031,0.0475151487659597,1.1244912304620398,R3_confidence,5
20131031,0.0674840379399834,1.161159724251244,R3_confidence,6
20131031,0.0567154676804961,1.2210222098721244,R3_confidence,7
20131031,0.0663445869795533,1.217827518761754,R3_confidence,8
20131031,0.0832883690574524,1.3843845278191316,R3_confidence,9
20131031,0.0903682805568542,1.3976749417572651,R3_confidence,10
20131129,-0.0105908592036715,1.021623323211763,R3_confidence,1
20131129,-0.0023191683322993,1.121405233187149,R3_confidence,2
20131129,-0.0107911134516031,1.1014377598503933,R3_confidence,3
20131129,0.0024333848180821,1.1520988168158492,R3_confidence,4
20131129,-5.152888995829663e-05,1.1244332866771662,R3_confidence,5
20131129,0.0169828913611531,1.1808795737011497,R3_confidence,6
20131129,0.0103834862800085,1.2337006772359174,R3_confidence,7
20131129,-0.0026957538856552,1.2145445554959942,R3_confidence,8
20131129,-0.0004222055270501,1.3838000330199236,R3_confidence,9
20131129,0.0113555858452174,1.413546359542099,R3_confidence,10
20131231,0.0467418041488807,1.069375840499256,R3_confidence,1
20131231,0.0550527779588261,1.1831417064916665,R3_confidence,2
20131231,0.0246718692588518,1.1286122882581848,R3_confidence,3
20131231,0.0072701363526432,1.1604747323058195,R3_confidence,4
20131231,0.0227187422624035,1.1499789967084522,R3_confidence,5
20131231,0.0375468957589018,1.2252179359587232,R3_confidence,6
20131231,0.0203617114734084,1.2588209344703438,R3_confidence,7
20131231,0.043472032746135,1.267343276184156,R3_confidence,8
20131231,0.0036763798670165,1.388887407601295,R3_confidence,9
20131231,0.0015704555487858,1.4157662712659078,R3_confidence,10
20140130,0.0163360438584523,1.086845211130821,R3_confidence,1
20140130,0.0360124786611038,1.2257495719497595,R3_confidence,2
20140130,0.0166520161235439,1.14740595827949,R3_confidence,3
20140130,0.0317804622630431,1.1973551557430795,R3_confidence,4
20140130,0.0207716164076559,1.173865919304941,R3_confidence,5
20140130,0.0089788557929844,1.2362189911206745,R3_confidence,6
20140130,0.0330410756276058,1.3004137321677918,R3_confidence,7
20140130,0.0269690559788016,1.3015223279439243,R3_confidence,8
20140130,0.0273685767580842,1.4268992792245676,R3_confidence,9
20140130,0.0511583297094444,1.48819450896284,R3_confidence,10
20140228,-0.0555443300095077,1.0264771220545177,R3_confidence,1
20140228,-0.0567536411755285,1.1561838205722652,R3_confidence,2
20140228,-0.0618656430348943,1.07642095084846,R3_confidence,3
20140228,-0.0432979925852518,1.1455120810878028,R3_confidence,4
20140228,-0.0485632412457677,1.1168591854755503,R3_confidence,5
20140228,-0.0395643591999236,1.187308778906209,R3_confidence,6
20140228,-0.0361512103612369,1.2534022017795527,R3_confidence,7
20140228,-0.0334052129665637,1.2580446973982198,R3_confidence,8
20140228,-0.0245763143007381,1.391831354062848,R3_confidence,9
20140228,-0.0572422624802635,1.403006888259102,R3_confidence,10
20140331,-0.0344228225761095,0.9911428822035996,R3_confidence,1
20140331,-0.0215171847173751,1.1313059997377712,R3_confidence,2
20140331,-0.0276005555812139,1.046711134565784,R3_confidence,3
20140331,-0.0242905396033906,1.117686974515977,R3_confidence,4
20140331,-0.0129566177956014,1.1023884678778368,R3_confidence,5
20140331,-0.007692535786951,1.1781753636343115,R3_confidence,6
20140331,-0.0051888011034814,1.246898547051853,R3_confidence,7
20140331,-0.0163411941801089,1.2374867447107791,R3_confidence,8
20140331,-0.0292454858099683,1.351126569947734,R3_confidence,9
20140331,0.0003807829095845,1.4035411293041804,R3_confidence,10
20140430,0.0387300233850353,1.0295298692092565,R3_confidence,1
20140430,0.0316238399397412,1.1670822395963474,R3_confidence,2
20140430,0.0352882259153748,1.0836477135504796,R3_confidence,3
20140430,0.0296752417617314,1.1508546056986768,R3_confidence,4
20140430,0.041804047775573,1.1484727680562428,R3_confidence,5
20140430,0.0211645875608996,1.203110959280045,R3_confidence,6
20140430,0.0159449149806998,1.2667802383741529,R3_confidence,7
20140430,0.0221657485951609,1.2649165647838825,R3_confidence,8
20140430,0.038713218800404,1.40343302847716,R3_confidence,9
20140430,0.0344759829029341,1.4519295892816364,R3_confidence,10
20140530,0.0405091964141508,1.071235296895289,R3_confidence,1
20140530,0.0555802700475094,1.2319489856407644,R3_confidence,2
20140530,0.0398710956252157,1.1268539351614972,R3_confidence,3
20140530,0.0594913291493996,1.2193204758493994,R3_confidence,4
20140530,0.0482312190295601,1.2038650096818486,R3_confidence,5
20140530,0.0347602798549784,1.244931432921211,R3_confidence,6
20140530,0.0464014768276903,1.3255607122508473,R3_confidence,7
20140530,0.0428170822106042,1.319076601327789,R3_confidence,8
20140530,0.0401009226737423,1.4597119878298983,R3_confidence,9
20140530,0.0487216944221666,1.522670059053118,R3_confidence,10
20140630,0.0494415238469307,1.1241988023724114,R3_confidence,1
20140630,0.0422961804922117,1.2840557222946234,R3_confidence,2
20140630,0.0371784229737284,1.1687485873925416,R3_confidence,3
20140630,0.0571151376770238,1.288962132699952,R3_confidence,4
20140630,0.0690550112730867,1.2869979214967031,R3_confidence,5
20140630,0.0504251874834642,1.307707333830321,R3_confidence,6
20140630,0.0627905591073407,1.4087934105038027,R3_confidence,7
20140630,0.0508014532410239,1.3860876096114714,R3_confidence,8
20140630,0.0702889313318497,1.5623135835067523,R3_confidence,9
20140630,0.0610016182232118,1.615555396675392,R3_confidence,10
20140731,0.0545538392001379,1.1855281630660237,R3_confidence,1
20140731,0.0639798451065158,1.3662094085151688,R3_confidence,2
20140731,0.0588615041226481,1.2375428871876868,R3_confidence,3
20140731,0.0519392390628192,1.355909845053176,R3_confidence,4
20140731,0.0467167027617563,1.3471222208502631,R3_confidence,5
20140731,0.0626617419670201,1.389650553351176,R3_confidence,6
20140731,0.0450410014053228,1.472246876486114,R3_confidence,7
20140731,0.0552793773713398,1.4627096696529225,R3_confidence,8
20140731,0.055909226479107,1.6496613274784169,R3_confidence,9
20140731,0.0487004922081151,1.69423373968296,R3_confidence,10
20140829,0.1236639945883955,1.3321353114078107,R3_confidence,1
20140829,0.1201429962453115,1.530349900352716,R3_confidence,2
20140829,0.1287316675111811,1.396853846671959,R3_confidence,3
20140829,0.1107488618858736,1.5060753172126666,R3_confidence,4
20140829,0.1146069688818332,1.501511815295275,R3_confidence,5
20140829,0.1124726668023317,1.5459482570099188,R3_confidence,6
20140829,0.1117577108012535,1.636781817136498,R3_confidence,7
20140829,0.113085739718898,1.628121274639608,R3_confidence,8
20140829,0.1270168035129859,1.8591960361737143,R3_confidence,9
20140829,0.1201195044410794,1.897744256901034,R3_confidence,10
20140930,0.0083767522815811,1.343294278917021,R3_confidence,1
20140930,0.0048964128775887,1.53784312531202,R3_confidence,2
20140930,0.0186212732529509,1.4228650438452732,R3_confidence,3
20140930,0.0071211161987214,1.5168002545505643,R3_confidence,4
20140930,0.0111230387544931,1.5182131894071338,R3_confidence,5
20140930,0.0051409324458844,1.5538958725640395,R3_confidence,6
20140930,0.0275488170721929,1.681873220003883,R3_confidence,7
20140930,0.0234614944517681,1.6663194328913709,R3_confidence,8
20140930,0.017128601498709,1.8910414641853135,R3_confidence,9
20140930,0.0014613699166816,1.9005175632676248,R3_confidence,10
20141031,0.0477737093515611,1.4074684293716175,R3_confidence,1
20141031,0.0418088660157498,1.602138602491432,R3_confidence,2
20141031,0.0355830453322636,1.4734949152021128,R3_confidence,3
20141031,0.0483174333058042,1.5900881496880384,R3_confidence,4
20141031,0.045515748935164,1.5873157997662437,R3_confidence,5
20141031,0.0357434869029984,1.6094375293336558,R3_confidence,6
20141031,0.0451277855934904,1.7577724340716516,R3_confidence,7
20141031,0.03181773983566,1.719337951090213,R3_confidence,8
20141031,0.034722246949681,1.9567026728968424,R3_confidence,9
20141031,0.046953805390107,1.989754095073773,R3_confidence,10
20141128,-0.0189206398614314,1.3808382261031429,R3_confidence,1
20141128,-0.0399660306433397,1.538107482009382,R3_confidence,2
20141128,-0.0395542286943704,1.4152119603462163,R3_confidence,3
20141128,-0.0530518620442408,1.5057310125326064,R3_confidence,4
20141128,-0.0603550519186146,1.4915132722601148,R3_confidence,5
20141128,0.000178106747396,1.6097241810171423,R3_confidence,6
20141128,-0.0244834338862842,1.7147361288949254,R3_confidence,7
20141128,-0.0113395202802515,1.6998414835252194,R3_confidence,8
20141128,-0.0001084801669231,1.9564904094642677,R3_confidence,9
20141128,-0.025987542488617,1.9380452759861435,R3_confidence,10
20141231,0.0424001873163466,1.4393860255434878,R3_confidence,1
20141231,0.0526460262849077,1.6190827289362617,R3_confidence,2
20141231,0.0410229372270836,1.4732681117585174,R3_confidence,3
20141231,0.0591464390208522,1.5947896400471724,R3_confidence,4
20141231,0.0724782894634292,1.59961560294553,R3_confidence,5
20141231,0.0865192011139035,1.7489962311724785,R3_confidence,6
20141231,0.0905761151386046,1.8700502659380376,R3_confidence,7
20141231,0.0756711389992188,1.8284704247016947,R3_confidence,8
20141231,0.0959692482508307,2.1442533232705134,R3_confidence,9
20141231,0.1107049686631609,2.152596517531977,R3_confidence,10
20150130,0.0898093150662238,1.5686562986134425,R3_confidence,1
20150130,0.098188512315303,1.778058053405914,R3_confidence,2
20150130,0.116981434472561,1.64561312883471,R3_confidence,3
20150130,0.1034075366104989,1.7597029081363948,R3_confidence,4
20150130,0.0895258450772455,1.7428225415979763,R3_confidence,5
20150130,0.0903616156782691,1.907038356436427,R3_confidence,6
20150130,0.0813765452067587,2.022228495943055,R3_confidence,7
20150130,0.1041825638295821,2.018965161433682,R3_confidence,8
20150130,0.0986011035421301,2.355679067218866,R3_confidence,9
20150130,0.0967944464044732,2.3609559057786815,R3_confidence,10
20150227,0.1832597767354489,1.8561279016719976,R3_confidence,1
20150227,0.1947753683766246,2.124379965753075,R3_confidence,2
20150227,0.1861061369902108,1.951871831222512,R3_confidence,3
20150227,0.1879807314382089,2.090493147921818,R3_confidence,4
20150227,0.1985789556866308,2.0889104218556223,R3_confidence,5
20150227,0.1940150383403565,2.277032476276971,R3_confidence,6
20150227,0.1950924898217165,2.416750088205011,R3_confidence,7
20150227,0.2244680771762,2.4721583891064367,R3_confidence,8
20150227,0.1862415486710211,2.794404384869614,R3_confidence,9
20150227,0.2312081745487235,2.906828210943799,R3_confidence,10
20150331,0.1435902337025871,2.1226497408549725,R3_confidence,1
20150331,0.1550020685858868,2.4536632549072173,R3_confidence,2
20150331,0.1523262239997849,2.249193097004183,R3_confidence,3
20150331,0.161214832874506,2.4275116513893336,R3_confidence,4
20150331,0.1614763086632002,2.4262199659049566,R3_confidence,5
20150331,0.16732947007425,2.658047113874254,R3_confidence,6
20150331,0.1371607078019632,2.748233240883667,R3_confidence,7
20150331,0.1297148266495651,2.7928339859996463,R3_confidence,8
20150331,0.1758161675833336,3.2857058544954527,R3_confidence,9
20150331,0.1309321860826116,3.287425583169277,R3_confidence,10
20150430,0.263707163441768,2.6824076829962413,R3_confidence,1
20150430,0.2644245942089265,3.102472165411412,R3_confidence,2
20150430,0.2438426150564046,2.7976422235444964,R3_confidence,3
20150430,0.2345269101580174,2.9968284583622604,R3_confidence,4
20150430,0.1968946056879423,2.903929589404026,R3_confidence,5
20150430,0.1928049926788673,3.170531868204864,R3_confidence,6
20150430,0.2186819049998913,3.349222121384133,R3_confidence,7
20150430,0.267614003230423,3.540235469350991,R3_confidence,8
20150430,0.2218364340226462,4.014595124504056,R3_confidence,9
20150430,0.2782638250851539,4.202197200624753,R3_confidence,10
20150529,-0.1710284380313852,2.223639686810007,R3_confidence,1
20150529,-0.1252732138892557,2.7138155062483658,R3_confidence,2
20150529,-0.132740302235516,2.426282349244359,R3_confidence,3
20150529,-0.1310033034576553,2.604234030420892,R3_confidence,4
20150529,-0.1142959731147006,2.5720221311265195,R3_confidence,5
20150529,-0.112654202395742,2.813358129421963,R3_confidence,6
20150529,-0.1027812201812092,3.0049849850903736,R3_confidence,7
20150529,-0.0908208765735434,3.218708180747784,R3_confidence,8
20150529,-0.0928259683802057,3.641936444417514,R3_confidence,9
20150529,-0.0773522485757576,3.8771477981976745,R3_confidence,10
20150630,-0.1857225703616015,1.810659608617586,R3_confidence,1
20150630,-0.1832406839616667,2.2165340967376386,R3_confidence,2
20150630,-0.1590397071410481,2.040407114979042,R3_confidence,3
20150630,-0.1844655580402822,2.123842546731809,R3_confidence,4
20150630,-0.1639718745844074,2.1502828408131216,R3_confidence,5
20150630,-0.140008316200059,2.4194645948538462,R3_confidence,6
20150630,-0.1286126699509878,2.6185058429952712,R3_confidence,7
20150630,-0.1019110244058034,2.8906863327844374,R3_confidence,8
20150630,-0.1353667048321519,3.1489395087285916,R3_confidence,9
20150630,-0.1195887421778267,3.413484569773684,R3_confidence,10
20150731,-0.1650584094828097,1.5117950135044005,R3_confidence,1
20150731,-0.1543755793126319,1.8743553614875643,R3_confidence,2
20150731,-0.1718498036486465,1.6897635529065922,R3_confidence,3
20150731,-0.1385491067509289,1.8295860590024988,R3_confidence,4
20150731,-0.1612223858314923,1.8036091110047112,R3_confidence,5
20150731,-0.1577615440664584,2.037766124555575,R3_confidence,6
20150731,-0.1419844554316388,2.246718716833023,R3_confidence,7
20150731,-0.1413389164648411,2.48211985866896,R3_confidence,8
20150731,-0.1271085408538637,2.748682402537018,R3_confidence,9
20150731,-0.1252900018355871,2.985809081760991,R3_confidence,10
20150831,0.0178272993820616,1.5387462358144512,R3_confidence,1
20150831,0.0291115313332674,1.9289207163231872,R3_confidence,2
20150831,0.0037018703262334,1.696018838461448,R3_confidence,3
20150831,0.0323635241615418,1.8887979116286464,R3_confidence,4
20150831,0.0425867169422546,1.8804189016895403,R3_confidence,5
20150831,0.0300876150318265,2.099077647236101,R3_confidence,6
20150831,0.0104825544492823,2.270270068114447,R3_confidence,7
20150831,0.0348395472532632,2.5685957907733203,R3_confidence,8
20150831,0.0289291728695988,2.828199510923636,R3_confidence,9
20150831,0.0371554673552307,3.0967482136273135,R3_confidence,10
20150930,0.0740809255676218,1.65273798117728,R3_confidence,1
20150930,0.1162367004794753,2.153132095875101,R3_confidence,2
20150930,0.1171508485892274,1.894708884610523,R3_confidence,3
20150930,0.0718994349883874,2.0246014142819924,R3_confidence,4
20150930,0.1410368514507707,2.14562726299235,R3_confidence,5
20150930,0.1279227513834666,2.367597435238076,R3_confidence,6
20150930,0.1162532604140529,2.5341963655531856,R3_confidence,7
20150930,0.1277496211982194,2.896732930055953,R3_confidence,8
20150930,0.1023365992505742,3.117627830873698,R3_confidence,9
20150930,0.1142522352282957,3.450558618973466,R3_confidence,10
20151030,0.1020964320301713,1.8214766321362288,R3_confidence,1
20151030,0.0635368087461045,2.289935238055816,R3_confidence,2
20151030,0.1152798556870586,2.1131306513974115,R3_confidence,3
20151030,0.0984358275757988,2.223894730007973,R3_confidence,4
20151030,0.1178154241501243,2.398415249049864,R3_confidence,5
20151030,0.0916125305275388,2.584499027550747,R3_confidence,6
20151030,0.1053911986126718,2.801278358038713,R3_confidence,7
20151030,0.1018180041455973,3.1916724955370785,R3_confidence,8
20151030,0.1216392104774075,3.4968536187835673,R3_confidence,9
20151030,0.1038422840300183,3.8088725071471368,R3_confidence,10
20151130,0.0264868224380894,1.8697217602667504,R3_confidence,1
20151130,0.0302926803084984,2.3593035141494063,R3_confidence,2
20151130,0.0197589780961673,2.1548839536527127,R3_confidence,3
20151130,0.0831894701722266,2.408899354316143,R3_confidence,4
20151130,0.0454719768144189,2.507475931646008,R3_confidence,5
20151130,0.0700544219414587,2.765554612934077,R3_confidence,6
20151130,0.0348151988782992,2.8988054211873058,R3_confidence,7
20151130,0.0722755917329842,3.422352513769911,R3_confidence,8
20151130,0.0813662460720729,3.7813794708075297,R3_confidence,9
20151130,0.0875327982633094,4.142273775925912,R3_confidence,10
20151231,-0.2978742200056746,1.312779849299655,R3_confidence,1
20151231,-0.3002750213901334,1.6508636009723765,R3_confidence,2
20151231,-0.2733446624018765,1.565857926826291,R3_confidence,3
20151231,-0.2911505326229834,1.7075470242718374,R3_confidence,4
20151231,-0.3046556765234337,1.743559155324166,R3_confidence,5
20151231,-0.2944689452195261,1.9511846631163845,R3_confidence,6
20151231,-0.2816982343519755,2.082217052308907,R3_confidence,7
20151231,-0.2992898991287432,2.3980769751407136,R3_confidence,8
20151231,-0.2790805004249379,2.7260701957979774,R3_confidence,9
20151231,-0.2794882801152815,2.9845568025257463,R3_confidence,10
20160129,-0.0401069521282555,1.2601282507288551,R3_confidence,1
20160129,-0.0532830643824743,1.562900529435082,R3_confidence,2
20160129,-0.0255644164176956,1.525827682733954,R3_confidence,3
20160129,-0.0407547776731388,1.6379563249312088,R3_confidence,4
20160129,-0.0290786241125594,1.692858854028483,R3_confidence,5
20160129,-0.0383007218763629,1.876452882004939,R3_confidence,6
20160129,-0.0265949398630548,2.0268406150209244,R3_confidence,7
20160129,-0.0447500935041256,2.290762806273076,R3_confidence,8
20160129,-0.0313216164733353,2.640685270645803,R3_confidence,9
20160129,-0.0269581465331584,2.9040986829067226,R3_confidence,10
20160229,0.1481518075340535,1.44681852879906,R3_confidence,1
20160229,0.1658065428054209,1.822039662969475,R3_confidence,2
20160229,0.1629543122396055,1.7744678833700165,R3_confidence,3
20160229,0.1691001274921317,1.91493494830362,R3_confidence,4
20160229,0.2079100946060588,2.044821298524249,R3_confidence,5
20160229,0.1826938790628871,2.2192693378971553,R3_confidence,6
20160229,0.1720385515004125,2.37553533855133,R3_confidence,7
20160229,0.1909827317840979,2.7282589448845145,R3_confidence,8
20160229,0.1720841562628041,3.095105367400501,R3_confidence,9
20160229,0.1976631133372792,3.4781318700087573,R3_confidence,10
20160331,-0.0221368528152289,1.4147905199766893,R3_confidence,1
20160331,-0.0121465461715354,1.7999081740768474,R3_confidence,2
20160331,-0.0277767260838461,1.7251789750290651,R3_confidence,3
20160331,0.0046564351329023,1.9238517186741233,R3_confidence,4
20160331,-0.0173704066317547,2.00930192107961,R3_confidence,5
20160331,-0.003143078279969,2.2122940006438094,R3_confidence,6
20160331,0.0067103730817039,2.3914760669417814,R3_confidence,7
20160331,-0.0120247865134712,2.6954522135188097,R3_confidence,8
20160331,-0.0005475120591762,3.093410759887428,R3_confidence,9
20160331,0.0060634525849176,3.4992213576866464,R3_confidence,10
20160429,-0.0127929189260244,1.3966912195573196,R3_confidence,1
20160429,0.0097485199083637,1.8174546147450623,R3_confidence,2
20160429,-0.0056028808825854,1.7155130027308363,R3_confidence,3
20160429,0.0044503914843496,1.932413611980062,R3_confidence,4
20160429,0.0160286948845429,2.041508408503521,R3_confidence,5
20160429,-0.0043526450742911,2.2026646700590233,R3_confidence,6
20160429,0.0156035380985015,2.4287915548639623,R3_confidence,7
20160429,0.0094245378607529,2.720855604956968,R3_confidence,8
20160429,0.0025695933332969,3.101359567553184,R3_confidence,9
20160429,0.0002022303793431,3.499929006549217,R3_confidence,10
20160531,0.052315592873199,1.4697599487692523,R3_confidence,1
20160531,0.0444542252521109,1.898248151574428,R3_confidence,2
20160531,0.0508619560044871,1.802767349600858,R3_confidence,3
20160531,0.0498708995116705,2.028784817038104,R3_confidence,4
20160531,0.0547529569091775,2.153287030424038,R3_confidence,5
20160531,0.0640870616123812,2.343826976480511,R3_confidence,6
20160531,0.0649785102878683,2.5866108118987783,R3_confidence,7
20160531,0.0726330885559713,2.9184797510598184,R3_confidence,8
20160531,0.0600208636639747,3.2875058473302574,R3_confidence,9
20160531,0.0720561429339778,3.7521203913039023,R3_confidence,10
20160630,-0.0249872682569826,1.433034662655986,R3_confidence,1
20160630,-0.0329318935171709,1.8357352455776124,R3_confidence,2
20160630,-0.0255801306708244,1.7566523252289723,R3_confidence,3
20160630,-0.0147532899473379,1.9988535663915836,R3_confidence,4
20160630,-0.0090458147200545,2.133808794907726,R3_confidence,5
20160630,-0.0185025753854773,2.300460141157665,R3_confidence,6
20160630,-0.0015460280490975,2.582611839031484,R3_confidence,7
20160630,-0.0157298358472273,2.8725725436521907,R3_confidence,8
20160630,0.0111399680692443,3.324128557496971,R3_confidence,9
20160630,-0.0049925510011974,3.733387738887685,R3_confidence,10
20160729,0.049328975093686,1.503724793838532,R3_confidence,1
20160729,0.0418085631330324,1.912484698487877,R3_confidence,2
20160729,0.0304643890017497,1.810167665005576,R3_confidence,3
20160729,0.052442363833739,2.1036781723706577,R3_confidence,4
20160729,0.0300855768897103,2.198005663474863,R3_confidence,5
20160729,0.0394373865173611,2.391184276912283,R3_confidence,6
20160729,0.034230890405692,2.6710169418538134,R3_confidence,7
20160729,0.0512523529986763,3.019798645673758,R3_confidence,8
20160729,0.0450129687293907,3.4737574523080568,R3_confidence,9
20160729,0.0618301399023877,3.964223625092969,R3_confidence,10
20160831,-0.0122968014058634,1.4852337886796263,R3_confidence,1
20160831,-0.0171443789619725,1.879696336058027,R3_confidence,2
20160831,-0.010160022606565,1.7917763206074462,R3_confidence,3
20160831,-0.0111686478245178,2.0801829317273244,R3_confidence,4
20160831,-0.0106721113306276,2.174548302328909,R3_confidence,5
20160831,-0.006571489526736,2.375470634480058,R3_confidence,6
20160831,-0.0037044791110701,2.6611222153874015,R3_confidence,7
20160831,-0.0078136254510398,2.996203070118906,R3_confidence,8
20160831,0.0044776829382928,3.489311836784024,R3_confidence,9
20160831,-0.0074505358879288,3.934688034706438,R3_confidence,10
20160930,0.0107142615784547,1.5011469719966994,R3_confidence,1
20160930,0.0192324903262763,1.9158475776576,R3_confidence,2
20160930,0.0228310033397778,1.8326843717673695,R3_confidence,3
20160930,0.0228281063154158,2.1276695688483094,R3_confidence,4
20160930,0.0166354036512947,2.210722791097389,R3_confidence,5
20160930,0.0224236904538621,2.428737452669878,R3_confidence,6
20160930,0.0221569224379265,2.7200844939115836,R3_confidence,7
20160930,0.0336387481663194,3.096991590649789,R3_confidence,8
20160930,0.0267990953705763,3.5828222374756797,R3_confidence,9
20160930,0.0384434826539479,4.085951145917371,R3_confidence,10
20161031,0.0481766071101712,1.5734671398812077,R3_confidence,1
20161031,0.0183101380648282,1.9509270113156776,R3_confidence,2
20161031,0.0158892448352165,1.8618043424560564,R3_confidence,3
20161031,0.0295895203371292,2.1906262908264376,R3_confidence,4
20161031,0.0211987399859572,2.257587328726892,R3_confidence,5
20161031,0.0169192381388827,2.469829840008423,R3_confidence,6
20161031,0.0197361515091791,2.7737684936011915,R3_confidence,7
20161031,0.0143032364325546,3.1412885936004864,R3_confidence,8
20161031,0.0245626583811824,3.6708258761352983,R3_confidence,9
20161031,0.0271761339249829,4.19699150146976,R3_confidence,10
20161130,-0.0496720924833841,1.4953097345894624,R3_confidence,1
20161130,-0.0508692821277468,1.8516847547664184,R3_confidence,2
20161130,-0.0661410396689298,1.7386626675858845,R3_confidence,3
20161130,-0.0633075182839921,2.051943176866549,R3_confidence,4
20161130,-0.0656802342799461,2.109308464068672,R3_confidence,5
20161130,-0.0611772770235412,2.318732375685219,R3_confidence,6
20161130,-0.05934890637773,2.609148366960957,R3_confidence,7
20161130,-0.0576826643261654,2.960090698104217,R3_confidence,8
20161130,-0.0606608544878711,3.448150441812743,R3_confidence,9
20161130,-0.0617966110887204,3.937631649910768,R3_confidence,10
20161230,-0.0397764069142811,1.435831686123546,R3_confidence,1
20161230,-0.025077833799406,1.805248512237492,R3_confidence,2
20161230,-0.0216701351110897,1.700985612666691,R3_confidence,3
20161230,-0.0301418102891574,1.9900938949053064,R3_confidence,4
20161230,-0.0232822361583312,2.060199046277458,R3_confidence,5
20161230,-0.0327705088463141,2.2427463358555917,R3_confidence,6
20161230,-0.0266095170967789,2.5397201888822765,R3_confidence,7
20161230,-0.0149764686127279,2.9157589926732315,R3_confidence,8
20161230,-0.0169101884697253,3.3898415679697225,R3_confidence,9
20161230,-0.0261936003444149,3.834490900169486,R3_confidence,10
20170126,0.0402631529307522,1.4936427968847583,R3_confidence,1
20170126,0.0212990329886488,1.8436985598523477,R3_confidence,2
20170126,0.0224474713572229,1.7391684384860746,R3_confidence,3
20170126,0.0392653331828716,2.068235594753962,R3_confidence,4
20170126,0.0351196217779494,2.1325524575700148,R3_confidence,5
20170126,0.0354516625187009,2.3222554220693974,R3_confidence,6
20170126,0.0510743356325227,2.669434710221944,R3_confidence,7
20170126,0.0355760643798201,3.019490222312614,R3_confidence,8
20170126,0.0359998510418566,3.5118753594721266,R3_confidence,9
20170126,0.037676327254535,3.978960434178808,R3_confidence,10
20170228,-0.0089270803105115,1.480308927681751,R3_confidence,1
20170228,-0.0107999123656739,1.8237867769772231,R3_confidence,2
20170228,-0.0121930282580871,1.7179627085700406,R3_confidence,3
20170228,-0.0087285408380525,2.0501829159024383,R3_confidence,4
20170228,-0.0128074742923723,2.1052398467925513,R3_confidence,5
20170228,-0.0086094785482619,2.302262013829506,R3_confidence,6
20170228,1.6867219411631496e-05,2.669479736162906,R3_confidence,7
20170228,-0.0077759108645792,2.9960109354874422,R3_confidence,8
20170228,-0.0005873623989302,3.509812615936243,R3_confidence,9
20170228,-0.0074028872225159,3.949504638821729,R3_confidence,10
20170331,-0.0502866720187848,1.4058691181489396,R3_confidence,1
20170331,-0.0593009062092321,1.7156345683700591,R3_confidence,2
20170331,-0.0493186270637205,1.6332351464366954,R3_confidence,3
20170331,-0.0559259387018107,1.935524511820179,R3_confidence,4
20170331,-0.0528732817062336,1.9939289073139008,R3_confidence,5
20170331,-0.0451268984310635,2.198368069769726,R3_confidence,6
20170331,-0.0482102986598451,2.5407833208160877,R3_confidence,7
20170331,-0.0375275658726056,2.8835779377508906,R3_confidence,8
20170331,-0.052161549977585,3.3267353497581262,R3_confidence,9
20170331,-0.0456288675455681,3.7692932147863254,R3_confidence,10
20170428,-0.077021020885841,1.297587643437231,R3_confidence,1
20170428,-0.0834478713466041,1.5724685156309277,R3_confidence,2
20170428,-0.0774788611654432,1.5066939472754044,R3_confidence,3
20170428,-0.0654668574652503,1.8088118044843489,R3_confidence,4
20170428,-0.0654220021672277,1.8634820860183128,R3_confidence,5
20170428,-0.0349320295456115,2.1215746114044007,R3_confidence,6
20170428,-0.0692942226005967,2.3647217158035745,R3_confidence,7
20170428,-0.0601527688231661,2.7101227406777793,R3_confidence,8
20170428,-0.0716829997184641,3.0882649806180096,R3_confidence,9
20170428,-0.0687218127107092,3.5102605524280324,R3_confidence,10
20170531,0.0153897296672387,1.3175571664892796,R3_confidence,1
20170531,0.0491526529587615,1.6497595148683135,R3_confidence,2
20170531,0.0348531121411672,1.559206920382212,R3_confidence,3
20170531,0.0371662874125171,1.876038623884968,R3_confidence,4
20170531,0.0474680825966817,1.951938007594867,R3_confidence,5
20170531,0.0444120996136356,2.2157981943838534,R3_confidence,6
20170531,0.040864865964836,2.4613557517640245,R3_confidence,7
20170531,0.0544168174078978,2.8575989950102336,R3_confidence,8
20170531,0.0576869541586693,3.2664175809847444,R3_confidence,9
20170531,0.048822097408083,3.6816388350464258,R3_confidence,10
20170630,-0.0260921004122617,1.2831793326023462,R3_confidence,1
20170630,-0.0154480307724185,1.6242739791155378,R3_confidence,2
20170630,-0.0005915511797829,1.558284569688934,R3_confidence,3
20170630,-0.0172755466284246,1.8436290311613177,R3_confidence,4
20170630,-0.0235128400704727,1.9060424013948112,R3_confidence,5
20170630,-0.0150145212814596,2.1825290452388573,R3_confidence,6
20170630,0.0024809683343709,2.467462297443773,R3_confidence,7
20170630,0.0052961313082942,2.8727332145142572,R3_confidence,8
20170630,-0.0214863504169087,3.196234188231755,R3_confidence,9
20170630,-0.0241081088381664,3.5928814853083058,R3_confidence,10
20170731,0.0310134998121605,1.3229752145929774,R3_confidence,1
20170731,0.0234167592201202,1.6623092117919929,R3_confidence,2
20170731,0.0307656915632537,1.6062262721277614,R3_confidence,3
20170731,0.0410901101737444,1.9193839511712496,R3_confidence,4
20170731,0.0380928974821697,1.9786490791878129,R3_confidence,5
20170731,0.0485644945770693,2.288522465220656,R3_confidence,6
20170731,0.0295850815326543,2.5404623706923974,R3_confidence,7
20170731,0.0366355458989366,2.9779773640499942,R3_confidence,8
20170731,0.0454215104381003,3.341411972775137,R3_confidence,9
20170731,0.0403972301963184,3.738023945738396,R3_confidence,10
20170831,0.0260693643769154,1.3574643375238296,R3_confidence,1
20170831,0.0204503809383833,1.696304068410523,R3_confidence,2
20170831,0.0390366475634731,1.668927961020004,R3_confidence,3
20170831,0.0300663927995001,1.977092902980221,R3_confidence,4
20170831,0.0449140465357424,2.067518216008358,R3_confidence,5
20170831,0.0303855033401194,2.3580603722315567,R3_confidence,6
20170831,0.0301270784825549,2.616999079916225,R3_confidence,7
20170831,0.0353475574587318,3.0832415900365544,R3_confidence,8
20170831,0.0325111147514645,3.450045000853947,R3_confidence,9
20170831,0.0265380406448425,3.837223777141797,R3_confidence,10
20170929,-0.0529922706908666,1.2855292198965689,R3_confidence,1
20170929,-0.0308702398743688,1.6439387549188225,R3_confidence,2
20170929,-0.0387967052130707,1.6041790548944597,R3_confidence,3
20170929,-0.0342537424074532,1.9093700719659323,R3_confidence,4
20170929,-0.0399911208889511,1.984835845091859,R3_confidence,5
20170929,-0.0329673535119972,2.2803213623375673,R3_confidence,6
20170929,-0.024461500252658,2.5529833562616484,R3_confidence,7
20170929,-0.0094067216898864,3.0542383944963976,R3_confidence,8
20170929,-0.0073109415601,3.4248219234729884,R3_confidence,9
20170929,-0.0152128114366414,3.7788488153799418,R3_confidence,10
20171031,-0.0863484072809996,1.174525819245314,R3_confidence,1
20171031,-0.066344672686001,1.534872176307901,R3_confidence,2
20171031,-0.0621431243268525,1.5044903564436205,R3_confidence,3
20171031,-0.0583227045277611,1.7980104454245134,R3_confidence,4
20171031,-0.067206496207245,1.851441982396689,R3_confidence,5
20171031,-0.0839458857860832,2.0888977656992123,R3_confidence,6
20171031,-0.0716940690002502,2.3699495913613355,R3_confidence,7
20171031,-0.0667444168844119,2.850385033829753,R3_confidence,8
20171031,-0.0510900785719923,3.2498475023076714,R3_confidence,9
20171031,-0.0641305723272291,3.536509078111554,R3_confidence,10
20171130,-0.0158782816130349,1.1558763675255563,R3_confidence,1
20171130,-0.0106120137787968,1.5185840916242297,R3_confidence,2
20171130,-0.0110281629745774,1.48789859159908,R3_confidence,3
20171130,-0.0084200060060286,1.7828711866751368,R3_confidence,4
20171130,-0.0094186203915244,1.8340039531875632,R3_confidence,5
20171130,-0.0140167713546917,2.05961816333408,R3_confidence,6
20171130,-0.0045448807601831,2.3591784530609536,R3_confidence,7
20171130,-0.003117849993706,2.841497960869967,R3_confidence,8
20171130,-0.0090285002587511,3.220506253292185,R3_confidence,9
20171130,-0.0136569918465322,3.488211002466597,R3_confidence,10
20171229,-0.0508406123080532,1.0971109052481487,R3_confidence,1
20171229,-0.0438078641765091,1.4520581659977478,R3_confidence,2
20171229,-0.0464149961997353,1.4188377841244173,R3_confidence,3
20171229,-0.0322425900154421,1.7253868019528256,R3_confidence,4
20171229,-0.0337802395388823,1.7720508603336302,R3_confidence,5
20171229,-0.0280032927850406,2.001942072880848,R3_confidence,6
20171229,-0.0437610812616058,2.255938253065924,R3_confidence,7
20171229,-0.0319562955977381,2.750694212092036,R3_confidence,8
20171229,-0.0181592272851445,3.162024348265423,R3_confidence,9
20171229,-0.0065083958352167,3.465508344505786,R3_confidence,10
20180131,-0.0460924366647884,1.0465423903337496,R3_confidence,1
20180131,-0.0388385451741256,1.3956623393221863,R3_confidence,2
20180131,-0.0437851680143291,1.3567137333614512,R3_confidence,3
20180131,-0.0424645343579864,1.6521190548204834,R3_confidence,4
20180131,-0.0288125235013334,1.7209936032747093,R3_confidence,5
20180131,-0.0252778570881004,1.9513372672639104,R3_confidence,6
20180131,-0.0105774002538515,2.2320762912152707,R3_confidence,7
20180131,-0.026991770505701,2.676448105187888,R3_confidence,8
20180131,-0.0262729218817011,3.0789487295754085,R3_confidence,9
20180131,-0.0333215018752812,3.3500324017055334,R3_confidence,10
20180228,0.0637549477137513,1.1132646457097022,R3_confidence,1
20180228,0.0585627725213584,1.4773961954165384,R3_confidence,2
20180228,0.0384000296910691,1.4088115810048123,R3_confidence,3
20180228,0.0547915164436609,1.7426411631795655,R3_confidence,4
20180228,0.0515019465851709,1.809628123903984,R3_confidence,5
20180228,0.0762466636606002,2.1001202235693768,R3_confidence,6
20180228,0.0625000020749995,2.3715810640477826,R3_confidence,7
20180228,0.0647211915097223,2.8496710155695864,R3_confidence,8
20180228,0.0637691464684313,3.275290662080493,R3_confidence,9
20180228,0.0553727846759417,3.5355330245426018,R3_confidence,10
20180330,-0.0284354605492764,1.0816084527957197,R3_confidence,1
20180330,-0.0429813451731331,1.4138957195838666,R3_confidence,2
20180330,-0.0185325906899818,1.382702652614744,R3_confidence,3
20180330,-0.0384259995984173,1.675678434543042,R3_confidence,4
20180330,-0.0353719586269328,1.7456180327751183,R3_confidence,5
20180330,-0.0460153282969696,2.0034825020187266,R3_confidence,6
20180330,-0.0372982005315021,2.2831253579442152,R3_confidence,7
20180330,-0.0430088454403596,2.7271099553050813,R3_confidence,8
20180330,-0.0583205183931858,3.084274012779598,R3_confidence,9
20180330,-0.0548263680026575,3.3416925898534804,R3_confidence,10
20180427,-0.0327708937450118,1.0461631771154445,R3_confidence,1
20180427,-0.0195671740311926,1.3862297759768107,R3_confidence,2
20180427,-0.0148499601996091,1.362169573255521,R3_confidence,3
20180427,0.0044270686445107,1.6830967779988903,R3_confidence,4
20180427,0.0110673413833675,1.7649373834688031,R3_confidence,5
20180427,0.023149500006554,2.04986212021234,R3_confidence,6
20180427,-0.0158665783350288,2.2468999706037027,R3_confidence,7
20180427,0.0025204694134652,2.7339835525345846,R3_confidence,8
20180427,-0.0041643394345419,3.071430048881247,R3_confidence,9
20180427,-0.0352831070836346,3.223787292365091,R3_confidence,10
20180531,-0.0816598315914227,0.9607336682550496,R3_confidence,1
20180531,-0.0855373065830634,1.267655414634511,R3_confidence,2
20180531,-0.0806779983070816,1.252272458730454,R3_confidence,3
20180531,-0.0997581767007675,1.5151941122147845,R3_confidence,4
20180531,-0.0947362964099333,1.5977337523635304,R3_confidence,5
20180531,-0.0827286165609274,1.8802798628665236,R3_confidence,6
20180531,-0.0880865344940653,2.0489783388384053,R3_confidence,7
20180531,-0.0922637945283531,2.481735855799637,R3_confidence,8
20180531,-0.0920518332688453,2.7886992821247087,R3_confidence,9
20180531,-0.0935633096097257,2.922159083813637,R3_confidence,10
20180629,-0.0076125900895029,0.9534199966534392,R3_confidence,1
20180629,-0.0162754926495625,1.2470236982514489,R3_confidence,2
20180629,-0.0063148235183977,1.2443645791566211,R3_confidence,3
20180629,-0.0010127195140234,1.513659645569811,R3_confidence,4
20180629,-0.0092099253776626,1.5830187437308894,R3_confidence,5
20180629,0.0028212924001271,1.885584682153741,R3_confidence,6
20180629,0.0154093336989116,2.0805517298034077,R3_confidence,7
20180629,-0.0103513985388353,2.4560464188881372,R3_confidence,8
20180629,-0.0157355536215721,2.7448175550363954,R3_confidence,9
20180629,-0.0018259633641879,2.9168233283822644,R3_confidence,10
20180731,-0.0894572658210677,0.8681296505736911,R3_confidence,1
20180731,-0.0776219061688159,1.1502273417554851,R3_confidence,2
20180731,-0.0696445184164266,1.1577014073067988,R3_confidence,3
20180731,-0.0589202833203557,1.4244743904022483,R3_confidence,4
20180731,-0.0822794772766327,1.4527687889776,R3_confidence,5
20180731,-0.0802020099463788,1.734357000720907,R3_confidence,6
20180731,-0.0838524437075547,1.906092382999412,R3_confidence,7
20180731,-0.0939290894015481,2.2253522152340413,R3_confidence,8
20180731,-0.1043632834769389,2.4583593824476537,R3_confidence,9
20180731,-0.118167574196173,2.5721493913085247,R3_confidence,10
20180831,-0.0257378010736623,0.8457859023210774,R3_confidence,1
20180831,-0.0391812818096083,1.1051599601330468,R3_confidence,2
20180831,-0.0231131884411286,1.130943236521157,R3_confidence,3
20180831,-0.0253302368002144,1.3883921167775186,R3_confidence,4
20180831,-0.0276817793189702,1.4125535639596345,R3_confidence,5
20180831,-0.0170389493232968,1.7048053796771183,R3_confidence,6
20180831,-0.0251437975952459,1.8581659819234344,R3_confidence,7
20180831,-0.0269069584140222,2.1654747557221867,R3_confidence,8
20180831,-0.020593998864256,2.4077319321175934,R3_confidence,9
20180831,-0.0314444305956738,2.491269618291819,R3_confidence,10
20180928,-0.0783503084474385,0.7795183159937259,R3_confidence,1
20180928,-0.0884077872319574,1.007455213520326,R3_confidence,2
20180928,-0.0954410462962335,1.023004830725929,R3_confidence,3
20180928,-0.0792245184040797,1.278397419969799,R3_confidence,4
20180928,-0.0759127879583477,1.3053226847789583,R3_confidence,5
20180928,-0.1015380864783145,1.5317027036067672,R3_confidence,6
20180928,-0.0833279455460841,1.7033288281661327,R3_confidence,7
20180928,-0.0890773693331339,1.9725799611251436,R3_confidence,8
20180928,-0.0872424633097999,2.1976754673699905,R3_confidence,9
20180928,-0.0737585873839629,2.30751709045403,R3_confidence,10
20181031,0.043250098117922,0.8132325596451718,R3_confidence,1
20181031,0.0593833791247462,1.0672813084160055,R3_confidence,2
20181031,0.0430459990467959,1.067041095694225,R3_confidence,3
20181031,0.0653290776633022,1.361913944303571,R3_confidence,4
20181031,0.0477931160091442,1.3677081232819666,R3_confidence,5
20181031,0.0614109458910892,1.6257660154591975,R3_confidence,6
20181031,0.0655598553221001,1.8149988197066669,R3_confidence,7
20181031,0.0669261092024897,2.104597063014048,R3_confidence,8
20181031,0.0704977556282426,2.3526066554188243,R3_confidence,9
20181031,0.0763989199915684,2.483808904026804,R3_confidence,10
20181130,-0.07057285341092,0.7558404174243458,R3_confidence,1
20181130,-0.0840337714903146,0.9775936348286908,R3_confidence,2
20181130,-0.0627838944799363,1.000048100136403,R3_confidence,3
20181130,-0.0501283702989754,1.2936434177881837,R3_confidence,4
20181130,-0.0447631838162611,1.3064851531525024,R3_confidence,5
20181130,-0.0606395973849971,1.5271802188395407,R3_confidence,6
20181130,-0.0579985163689416,1.7097315809523002,R3_confidence,7
20181130,-0.054484195184443,1.9899297858481848,R3_confidence,8
20181130,-0.0598363178195119,2.2118353358808847,R3_confidence,9
20181130,-0.0639315850536201,2.3250150638220752,R3_confidence,10
20181228,-0.0131076576234213,0.7459331200148036,R3_confidence,1
20181228,-0.0075359367228324,0.970226551055978,R3_confidence,2
20181228,0.0027011186037053,1.0027493486642816,R3_confidence,3
20181228,-0.0114396414015182,1.2788446009872525,R3_confidence,4
20181228,-0.0017657278861943,1.3041782558846822,R3_confidence,5
20181228,0.0063055377193241,1.536809911313639,R3_confidence,6
20181228,0.0080961011005094,1.7235737406864238,R3_confidence,7
20181228,0.0147753204880036,2.019331636182716,R3_confidence,8
20181228,0.0142824209795624,2.2434256992854076,R3_confidence,9
20181228,-0.0071093676179144,2.3084856770161752,R3_confidence,10
20190131,0.1883170540753136,0.8864050477131987,R3_confidence,1
20190131,0.172686751470676,1.137771822348433,R3_confidence,2
20190131,0.2002710084970032,1.2035709719909904,R3_confidence,3
20190131,0.1881423711208161,1.5194494565120478,R3_confidence,4
20190131,0.1961317771881152,1.5599690549814411,R3_confidence,5
20190131,0.1924910895358182,1.8326321255518456,R3_confidence,6
20190131,0.1976908786124502,2.0643085478360703,R3_confidence,7
20190131,0.199344528578264,2.421874349240734,R3_confidence,8
20190131,0.2392089489156239,2.7800732027817685,R3_confidence,9
20190131,0.2087409766258776,2.790361231763382,R3_confidence,10
20190228,0.1050061895777891,0.97948306419608,R3_confidence,1
20190228,0.0923482585391002,1.2428430687571692,R3_confidence,2
20190228,0.0934867216315575,1.3160888764133354,R3_confidence,3
20190228,0.1080879648596688,1.6836836559735648,R3_confidence,4
20190228,0.0995323207307008,1.7152363952918226,R3_confidence,5
20190228,0.0958436295933795,2.008278240174165,R3_confidence,6
20190228,0.0998901575816799,2.2705126539766245,R3_confidence,7
20190228,0.109389546004099,2.6868020847831504,R3_confidence,8
20190228,0.106621852710897,3.076489758334278,R3_confidence,9
20190228,0.1056109773682698,3.085054008660442,R3_confidence,10
20190329,-0.0679971180271422,0.9128810386743524,R3_confidence,1
20190329,-0.0806753945564493,1.1425762138134363,R3_confidence,2
20190329,-0.0820007824639489,1.2081685587553426,R3_confidence,3
20190329,-0.071414789281757,1.5634437424650744,R3_confidence,4
20190329,-0.0710018664592627,1.5934514098072454,R3_confidence,5
20190329,-0.0627249427273871,1.8823091025785823,R3_confidence,6
20190329,-0.0769340842895341,2.095832842075133,R3_confidence,7
20190329,-0.0792909557022261,2.4737629796979608,R3_confidence,8
20190329,-0.0765265045061768,2.841056750979903,R3_confidence,9
20190329,-0.0644337305341601,2.886272469983085,R3_confidence,10
20190430,-0.021262418258298,0.8934709802099887,R3_confidence,1
20190430,0.0009553793221834,1.1436678075021325,R3_confidence,2
20190430,-0.0204096228651118,1.1835102941136604,R3_confidence,3
20190430,-0.0414076287453278,1.4987052444128746,R3_confidence,4
20190430,-0.0313896129249027,1.5434335868387554,R3_confidence,5
20190430,-0.0156405787190491,1.8528686988861196,R3_confidence,6
20190430,-0.0305254240969943,2.0318566557343805,R3_confidence,7
20190430,-0.0517052965160858,2.3458563313221616,R3_confidence,8
20190430,-0.050566364827699,2.697394838813656,R3_confidence,9
20190430,-0.0456792108672106,2.754429821206503,R3_confidence,10
20190531,0.0069041945463934,0.8996396776789154,R3_confidence,1
20190531,0.0207341376099916,1.167380773202999,R3_confidence,2
20190531,0.0137867659089034,1.199827073489383,R3_confidence,3
20190531,0.0465530874361252,1.5684746006970067,R3_confidence,4
20190531,0.0405045401571637,1.605949654536781,R3_confidence,5
20190531,0.0310202780841208,1.91034520117893,R3_confidence,6
20190531,0.0537236419684619,2.141015395238291,R3_confidence,7
20190531,0.0279880217888937,2.4115122094368204,R3_confidence,8
20190531,0.040166189369696,2.805738910714286,R3_confidence,9
20190531,0.0493608728066765,2.890390881265994,R3_confidence,10
20190628,-0.0266169544165202,0.8756940093868427,R3_confidence,1
20190628,-0.0309327173151634,1.1312705137463537,R3_confidence,2
20190628,-0.0190922822123239,1.176919636396337,R3_confidence,3
20190628,-0.0110167037675923,1.551195180654135,R3_confidence,4
20190628,-0.026836991501053,1.5628507973068584,R3_confidence,5
20190628,-0.0160172839224429,1.879746659701771,R3_confidence,6
20190628,-0.0239862464892997,2.0896604722307197,R3_confidence,7
20190628,-0.0322674864669607,2.333698771853907,R3_confidence,8
20190628,-0.0175433200383671,2.7565169350595258,R3_confidence,9
20190628,-0.0216638239164322,2.827773962164586,R3_confidence,10
20190731,0.0049457792087515,0.8800249986116965,R3_confidence,1
20190731,0.0073568293729562,1.139593077890642,R3_confidence,2
20190731,0.021238793911195,1.2019159900037977,R3_confidence,3
20190731,0.0203807436467327,1.5828096919770942,R3_confidence,4
20190731,0.0115197455087809,1.580854440760029,R3_confidence,5
20190731,0.0118107717884399,1.9019479185195909,R3_confidence,6
20190731,-0.0031693879328499,2.0830375275462782,R3_confidence,7
20190731,-0.0053065430218195,2.3213148989210968,R3_confidence,8
20190731,-0.0093517248124992,2.730738747241855,R3_confidence,9
20190731,-0.00890942956164,2.8025801092324407,R3_confidence,10
20190830,0.0201940802325297,0.897796294040293,R3_confidence,1
20190830,0.0110425508134353,1.1521770923598886,R3_confidence,2
20190830,0.0225795812446034,1.229054749749276,R3_confidence,3
20190830,0.0326266802313512,1.6344515176643146,R3_confidence,4
20190830,0.0207675348620968,1.6136848904704135,R3_confidence,5
20190830,0.0198162802667272,1.9396374515256936,R3_confidence,6
20190830,0.0127358756732298,2.1095668345197796,R3_confidence,7
20190830,0.0241734682494434,2.377429130927126,R3_confidence,8
20190830,0.0114291506020209,2.7619487716388567,R3_confidence,9
20190830,0.0137683893989972,2.841167123498237,R3_confidence,10
20190930,0.0049448816427153,0.9022357904535908,R3_confidence,1
20190930,0.01093178910604,1.1647724493463774,R3_confidence,2
20190930,-0.0025564462378049,1.2259127373582233,R3_confidence,3
20190930,-0.0043488030788192,1.6273436098721152,R3_confidence,4
20190930,-0.0015036023610973,1.611258550059035,R3_confidence,5
20190930,-0.0044504738000643,1.9310051458660549,R3_confidence,6
20190930,-0.0062910014946379,2.096295546410777,R3_confidence,7
20190930,-0.0091607597832922,2.3556500737569013,R3_confidence,8
20190930,-0.0007222223811774,2.7599540304203134,R3_confidence,9
20190930,-0.0155085385239891,2.797104773710373,R3_confidence,10
20191031,-0.0171688669857181,0.8867454241775387,R3_confidence,1
20191031,-0.0223099091992267,1.1387864817636988,R3_confidence,2
20191031,-0.0078794896455638,1.2162531706378443,R3_confidence,3
20191031,-0.0059124669635125,1.617721994540463,R3_confidence,4
20191031,-0.0122248208734743,1.5915612029037094,R3_confidence,5
20191031,0.0041164954926311,1.93895411984526,R3_confidence,6
20191031,-0.0013984783289353,2.093363922518078,R3_confidence,7
20191031,-0.009281811448114,2.3337853739345538,R3_confidence,8
20191031,-0.015814415770507,2.71630696987576,R3_confidence,9
20191031,-0.0125192438031074,2.7620871371054574,R3_confidence,10
20191129,0.0817851008503143,0.9592679881224534,R3_confidence,1
20191129,0.0794616430234083,1.2292763266574889,R3_confidence,2
20191129,0.1151845843086427,1.3563467865118333,R3_confidence,3
20191129,0.0824612713023971,1.7511214068241192,R3_confidence,4
20191129,0.0909818211878901,1.736364339675878,R3_confidence,5
20191129,0.0825792878378448,2.099071570212337,R3_confidence,6
20191129,0.0914916814731083,2.2848893077243986,R3_confidence,7
20191129,0.0935497430267007,2.5521103959456037,R3_confidence,8
20191129,0.0931191000772597,2.969247030444179,R3_confidence,9
20191129,0.09950056847562,3.0369163774266483,R3_confidence,10
20191231,-0.0757666838902588,0.8865874337003349,R3_confidence,1
20191231,-0.0594680753448404,1.1561736294441929,R3_confidence,2
20191231,-0.0808423930245452,1.2466964665190647,R3_confidence,3
20191231,-0.0702775394457495,1.628056903081741,R3_confidence,4
20191231,-0.0698368060639996,1.6151022000294888,R3_confidence,5
20191231,-0.0803692517748079,1.9303707586926,R3_confidence,6
20191231,-0.0678284252575712,2.1299088640935904,R3_confidence,7
20191231,-0.0858899391127561,2.332909789428804,R3_confidence,8
20191231,-0.078022095861297,2.7375801539989917,R3_confidence,9
20191231,-0.0880107835249011,2.7696349875497246,R3_confidence,10
20200123,0.1323756865947383,1.0039500539626838,R3_confidence,1
20200123,0.1641872839163463,1.346002637398339,R3_confidence,2
20200123,0.1514083060604625,1.4354566666862805,R3_confidence,3
20200123,0.134958691313358,1.847777332105331,R3_confidence,4
20200123,0.147586360667445,1.8534692558378247,R3_confidence,5
20200123,0.1398743847134234,2.200380180833512,R3_confidence,6
20200123,0.1172677347199839,2.37967845174586,R3_confidence,7
20200123,0.1321904463738061,2.64129817584322,R3_confidence,8
20200123,0.1219572699220179,3.0714479557734062,R3_confidence,9
20200123,0.1160403522632509,3.091024407145619,R3_confidence,10
20200228,-0.0694831123330548,0.9341924795864182,R3_confidence,1
20200228,-0.0837076206684259,1.233331959208298,R3_confidence,2
20200228,-0.0951450081282478,1.2988801304666666,R3_confidence,3
20200228,-0.0989432802206023,1.664952181749556,R3_confidence,4
20200228,-0.0716885901512222,1.7205966579981762,R3_confidence,5
20200228,-0.0823796939213291,2.0191135350258884,R3_confidence,6
20200228,-0.0675023165592131,2.219044643586973,R3_confidence,7
20200228,-0.0669053183009295,2.4645812806607648,R3_confidence,8
20200228,-0.0648340927597719,2.8723134141019813,R3_confidence,9
20200228,-0.0452193949327328,2.951250153732185,R3_confidence,10
20200331,0.0297683124808814,0.962001813236036,R3_confidence,1
20200331,0.0443667332545656,1.288050869256823,R3_confidence,2
20200331,0.0643504596511057,1.3824636638938848,R3_confidence,3
20200331,0.0759884140958029,1.7914692575860518,R3_confidence,4
20200331,0.0593555137889234,1.8227235566571625,R3_confidence,5
20200331,0.0733361466039623,2.1671875412405917,R3_confidence,6
20200331,0.0543019736972441,2.339543147456043,R3_confidence,7
20200331,0.0285248968366871,2.534883207437243,R3_confidence,8
20200331,0.0447027707285681,3.0007137821131726,R3_confidence,9
20200331,0.0528843766579978,3.107325178474132,R3_confidence,10
20200430,0.0353456866024723,0.9960044278376872,R3_confidence,1
20200430,0.0679136830376216,1.3755271477278643,R3_confidence,2
20200430,0.0459254816415739,1.4459539735101865,R3_confidence,3
20200430,0.0552649872787653,1.890474783316844,R3_confidence,4
20200430,0.0681611970664795,1.946962576200186,R3_confidence,5
20200430,0.0576056747790878,2.2920298419265883,R3_confidence,6
20200430,0.0487976459108321,2.4537073455587164,R3_confidence,7
20200430,0.0094016415042319,2.558715270608666,R3_confidence,8
20200430,0.0255380205981596,3.0773460724899606,R3_confidence,9
20200430,0.0237934189069661,3.1812590681257302,R3_confidence,10
20200529,0.0458764199298229,1.041697545221132,R3_confidence,1
20200529,0.0847527309192259,1.4921068299513345,R3_confidence,2
20200529,0.077554810262022,1.5580946595733858,R3_confidence,3
20200529,0.1067970533352291,2.092371919579638,R3_confidence,4
20200529,0.0825750645847296,2.107733136673968,R3_confidence,5
20200529,0.0772060904572402,2.4689885052330665,R3_confidence,6
20200529,0.0676358042259619,2.6196658152107304,R3_confidence,7
20200529,0.0763044580668779,2.753956652679905,R3_confidence,8
20200529,0.0714476800061927,3.2972153099455372,R3_confidence,9
20200529,0.0753045096748894,3.420822222399734,R3_confidence,10
20200630,0.1186221426890203,1.1652659400691554,R3_confidence,1
20200630,0.1107096124087689,1.6572973987677235,R3_confidence,2
20200630,0.1102432589808763,1.729864092645455,R3_confidence,3
20200630,0.1329070371571656,2.37046287204182,R3_confidence,4
20200630,0.1498075826409515,2.423487542731325,R3_confidence,5
20200630,0.1245925183836169,2.776606000960256,R3_confidence,6
20200630,0.1468823487651895,3.0044484831287575,R3_confidence,7
20200630,0.1088542012446764,3.0537364043698387,R3_confidence,8
20200630,0.1584632150817375,3.819702648776235,R3_confidence,9
20200630,0.1524294629716449,3.9422563166815943,R3_confidence,10
20200731,0.0138960653471424,1.1814585517191558,R3_confidence,1
20200731,0.0105733867741772,1.6748206451647325,R3_confidence,2
20200731,-0.0055105736275455,1.7203315491972848,R3_confidence,3
20200731,0.0348688627818869,2.4531182166566037,R3_confidence,4
20200731,0.020998628542959,2.474377457419629,R3_confidence,5
20200731,0.0181206895286387,2.826920016247012,R3_confidence,6
20200731,0.0229325745983897,3.0733482220951265,R3_confidence,7
20200731,0.0375404420244824,3.168375018816136,R3_confidence,8
20200731,0.0326262296634234,3.944325144641195,R3_confidence,9
20200731,0.0389442838774967,4.095784665796296,R3_confidence,10
20200831,-0.0724903590403406,1.0958141971137534,R3_confidence,1
20200831,-0.0373830230242004,1.612210786425133,R3_confidence,2
20200831,-0.0571850882553353,1.6219542377280003,R3_confidence,3
20200831,-0.0661286527843636,2.2908968138683217,R3_confidence,4
20200831,-0.0564951153275355,2.3345872175988527,R3_confidence,5
20200831,-0.0544182648614709,2.6730839340606884,R3_confidence,6
20200831,-0.0624500100632684,2.8814175946973575,R3_confidence,7
20200831,-0.0438067318569472,3.0295788639446073,R3_confidence,8
20200831,-0.0592675214100764,3.710554769682871,R3_confidence,9
20200831,-0.054890174754049,3.870966329735784,R3_confidence,10
20200930,-0.0158779532153976,1.078414910559213,R3_confidence,1
20200930,-0.0244430450912972,1.5728034454758677,R3_confidence,2
20200930,-0.0065927692640038,1.6112610676818864,R3_confidence,3
20200930,-0.0114416397454001,2.264685197830155,R3_confidence,4
20200930,-0.0164529146991314,2.296176453250016,R3_confidence,5
20200930,-0.0226300036687315,2.6125920348260676,R3_confidence,6
20200930,-0.0363777371634183,2.776598142779408,R3_confidence,7
20200930,-0.0128473917931729,2.990656677311195,R3_confidence,8
20200930,-0.0200427781936505,3.636184943458725,R3_confidence,9
20200930,-0.0102935833067957,3.831120215342847,R3_confidence,10
20201030,0.0151141487528552,1.0947142339347016,R3_confidence,1
20201030,0.0278136711281589,1.6165488832575687,R3_confidence,2
20201030,0.0163458984926134,1.6375985775393145,R3_confidence,3
20201030,0.0106691332352033,2.288847425941598,R3_confidence,4
20201030,0.0247331941234765,2.3529682312100046,R3_confidence,5
20201030,0.0199674151951536,2.664758744720991,R3_confidence,6
20201030,0.0447315626143298,2.9007997164579775,R3_confidence,7
20201030,0.0321079224022138,3.086680449837966,R3_confidence,8
20201030,0.0361850263820788,3.7677603915678968,R3_confidence,9
20201030,0.0241955582169373,3.92381630754926,R3_confidence,10
20201130,-0.0020640723279837,1.092454664577387,R3_confidence,1
20201130,-0.0209325811315556,1.582710342605654,R3_confidence,2
20201130,-0.0057036223860686,1.628258333633067,R3_confidence,3
20201130,0.014524791202372,2.3220924568974866,R3_confidence,4
20201130,0.0452236877344787,2.459378131747395,R3_confidence,5
20201130,0.0234420443656195,2.7272261374384135,R3_confidence,6
20201130,0.0056387355343205,2.9171565588971164,R3_confidence,7
20201130,0.0007176150509309,3.088895498186184,R3_confidence,8
20201130,-0.0001667796699936,3.767132005733176,R3_confidence,9
20201130,-0.0143456419987773,3.8675266435321944,R3_confidence,10
20201231,-0.0348035580569475,1.054433355234185,R3_confidence,1
20201231,-0.013528641668757,1.561298421515107,R3_confidence,2
20201231,-0.0230770765308533,1.5906828914558169,R3_confidence,3
20201231,-0.0347957085949427,2.241293604436767,R3_confidence,4
20201231,-0.0138876681380438,2.4252231044277246,R3_confidence,5
20201231,-0.0306487067195536,2.6436401833941625,R3_confidence,6
20201231,-0.0186124434505239,2.862861147408319,R3_confidence,7
20201231,-0.0418341017625393,2.9596743295812136,R3_confidence,8
20201231,-0.0224181151617046,3.682680006599306,R3_confidence,9
20201231,-0.0308784187549185,3.7481035362874024,R3_confidence,10
20210129,-0.0043876830305813,1.0498068358945447,R3_confidence,1
20210129,0.0138813921977358,1.582971417241864,R3_confidence,2
20210129,-0.0029991579217518,1.585912182260912,R3_confidence,3
20210129,0.0111637834615556,2.2663149209104687,R3_confidence,4
20210129,-0.0004054495133182,2.4242397989003464,R3_confidence,5
20210129,0.0248250096609818,2.7092685764870827,R3_confidence,6
20210129,0.0377654270038159,2.9709783210928284,R3_confidence,7
20210129,0.0597430032580266,3.136494162696082,R3_confidence,8
20210129,0.0472402521421386,3.85665073866987,R3_confidence,9
20210129,0.0622747312319775,3.981515676639325,R3_confidence,10
20210226,-0.0050265863130418,1.0445298912218994,R3_confidence,1
20210226,-0.0088222454990135,1.5690060547810347,R3_confidence,2
20210226,-0.0379496647457114,1.5257273466279706,R3_confidence,3
20210226,-0.0180559084733118,2.2253945461268083,R3_confidence,4
20210226,0.0010608810009984,2.426811628844864,R3_confidence,5
20210226,-0.0226240840446496,2.6479738565131106,R3_confidence,6
20210226,-0.013936751144661,2.929572535575575,R3_confidence,7
20210226,0.0008838802935273,3.1392664480772523,R3_confidence,8
20210226,-0.0040385018216446,3.841075647636304,R3_confidence,9
20210226,0.0087372520060722,4.0163031824722495,R3_confidence,10
20210331,0.0334105913488294,1.0794282525691514,R3_confidence,1
20210331,0.0240688981823198,1.6067703017610029,R3_confidence,2
20210331,0.0199736331201563,1.5562016648909074,R3_confidence,3
20210331,0.0079619205949987,2.2431129607956133,R3_confidence,4
20210331,0.0379628804910137,2.518940388684904,R3_confidence,5
20210331,0.0215822967406928,2.7051232140459733,R3_confidence,6
20210331,0.003463682037794,2.9397196433454624,R3_confidence,7
20210331,-0.005310927622265,3.122594031184509,R3_confidence,8
20210331,0.0282133995962541,3.949445449762508,R3_confidence,9
20210331,-0.0057665058931717,3.993143146501759,R3_confidence,10
20210430,0.0617635795923869,1.1460976053609775,R3_confidence,1
20210430,0.0678619783052143,1.715808913120571,R3_confidence,2
20210430,0.0490341676679157,1.6325087182522575,R3_confidence,3
20210430,0.0605877821096119,2.3790182001115445,R3_confidence,4
20210430,0.0680774292575481,2.690423374799581,R3_confidence,5
20210430,0.0388211211950868,2.810139130186095,R3_confidence,6
20210430,0.0398951005746601,3.0570000541780336,R3_confidence,7
20210430,0.0397061754306344,3.2465802975853735,R3_confidence,8
20210430,0.0428674733571667,4.118748197355786,R3_confidence,9
20210430,0.0368199177162562,4.140170348585187,R3_confidence,10
20210531,0.0599420130636569,1.2147970029937512,R3_confidence,1
20210531,0.0772024401269662,1.848273548005077,R3_confidence,2
20210531,0.0340749723445663,1.6881364076789669,R3_confidence,3
20210531,0.0447146859284692,2.4853952517476445,R3_confidence,4
20210531,0.0518876965996872,2.8300232465958888,R3_confidence,5
20210531,0.0200161618670566,2.8663873298848497,R3_confidence,6
20210531,0.0438844213178255,3.1911547325241982,R3_confidence,7
20210531,0.006810696385948,3.268691770284828,R3_confidence,8
20210531,0.0061643820321357,4.144137734738457,R3_confidence,9
20210531,-0.0036792208936039,4.124937747335593,R3_confidence,10
20210630,0.0081602672498477,1.2247100711924943,R3_confidence,1
20210630,0.0110596954979245,1.8687148906428817,R3_confidence,2
20210630,0.0417400698754779,1.7585993392948251,R3_confidence,3
20210630,-0.0099917807221386,2.4605617273843374,R3_confidence,4
20210630,0.0064823966585112,2.848368579833131,R3_confidence,5
20210630,0.008967427551167,2.8920914505991755,R3_confidence,6
20210630,-0.0258991334976423,3.1085065900949207,R3_confidence,7
20210630,-0.0225597735871989,3.1949508240208617,R3_confidence,8
20210630,-0.0328825960333284,4.00786772770058,R3_confidence,9
20210630,0.005606361337334,4.1480636388411645,R3_confidence,10
20210730,0.0602586118207915,1.2985093999654969,R3_confidence,1
20210730,0.0410991378187945,1.945517461477447,R3_confidence,2
20210730,0.0543659190065237,1.854207208539854,R3_confidence,3
20210730,0.0456978456181682,2.5730040973363204,R3_confidence,4
20210730,0.0119057774936033,2.8822806223643953,R3_confidence,5
20210730,0.0534007484243157,3.046531298572736,R3_confidence,6
20210730,0.0621461539290773,3.301688319132511,R3_confidence,7
20210730,0.0465141084721985,3.343561113212708,R3_confidence,8
20210730,0.0562679375068781,4.23338217853867,R3_confidence,9
20210730,0.0631012506302186,4.409811642145778,R3_confidence,10
20210831,-0.0290819374461117,1.260746230822512,R3_confidence,1
20210831,-0.0409645363872374,1.8658202406347484,R3_confidence,2
20210831,-0.0397293850312576,1.780540696424041,R3_confidence,3
20210831,-0.0358396617724861,2.4807885007485657,R3_confidence,4
20210831,-0.0313247610873747,2.791993870482061,R3_confidence,5
20210831,-0.005375900629008,3.0301534490484463,R3_confidence,6
20210831,-0.0350378876012988,3.186004134912225,R3_confidence,7
20210831,0.0030015144441759,3.3535968601890005,R3_confidence,8
20210831,0.0206123345713351,4.320642068371036,R3_confidence,9
20210831,0.0315564868881874,4.548969805410527,R3_confidence,10
20210930,-0.0272327731360106,1.226412614736442,R3_confidence,1
20210930,-0.0203682269254668,1.8278167905713707,R3_confidence,2
20210930,0.0020228363125569,1.7841424388007527,R3_confidence,3
20210930,0.0046768308437625,2.4923907289257183,R3_confidence,4
20210930,-0.0251846822767842,2.721678391935241,R3_confidence,5
20210930,0.0043092953646168,3.043211275260509,R3_confidence,6
20210930,-0.0222213985851644,3.115206667136358,R3_confidence,7
20210930,-0.0008393261920598,3.350782098506634,R3_confidence,8
20210930,-0.0425465373812042,4.136813709098284,R3_confidence,9
20210930,-0.0336352651903729,4.395963999662545,R3_confidence,10
20211029,0.0876163302843524,1.3338663874540864,R3_confidence,1
20211029,0.082424305794216,1.9784733206532277,R3_confidence,2
20211029,0.0983133927542934,1.959547535116174,R3_confidence,3
20211029,0.1065957043858556,2.758068874280331,R3_confidence,4
20211029,0.0963368757323759,2.983876384962599,R3_confidence,5
20211029,0.0908105148134013,3.319566857852863,R3_confidence,6
20211029,0.077013912814555,3.355120921798518,R3_confidence,7
20211029,0.1083424589738433,3.7138140705443776,R3_confidence,8
20211029,0.091400284005737,4.514919656988694,R3_confidence,9
20211029,0.0817571293614167,4.7553653970510865,R3_confidence,10
20211130,0.0042661312921368,1.3395568365891335,R3_confidence,1
20211130,-0.0025672780914608,1.973394029442575,R3_confidence,2
20211130,-0.0021624208490664,1.955310168671502,R3_confidence,3
20211130,0.0127987587246343,2.7933687323481693,R3_confidence,4
20211130,0.0124134387347916,3.020916551659524,R3_confidence,5
20211130,0.0127333976210466,3.3618362225835523,R3_confidence,6
20211130,0.0102921715232329,3.3896524018068552,R3_confidence,7
20211130,0.0209881218123388,3.7917600526453414,R3_confidence,8
20211130,0.0332649086912135,4.665108047126588,R3_confidence,9
20211130,0.0527044869894255,5.00599449074993,R3_confidence,10
20211231,-0.1114447817773959,1.190270217257039,R3_confidence,1
20211231,-0.1078213067998031,1.7606201063571472,R3_confidence,2
20211231,-0.1114730646113347,1.7373457519039837,R3_confidence,3
20211231,-0.106439422745007,2.496044176963078,R3_confidence,4
20211231,-0.0951218413782564,2.7335614066156175,R3_confidence,5
20211231,-0.1022065158447864,3.0182346554324893,R3_confidence,6
20211231,-0.1032356661622971,3.039719378047694,R3_confidence,7
20211231,-0.0834117168780568,3.4754828366645625,R3_confidence,8
20211231,-0.0834583552623997,4.2757658023920175,R3_confidence,9
20211231,-0.0752106029077116,4.629490626947945,R3_confidence,10
20220128,0.0118484340348437,1.204373055409848,R3_confidence,1
20220128,0.0145640613973212,1.786261885683491,R3_confidence,2
20220128,0.0172347691163758,1.7672885048133653,R3_confidence,3
20220128,0.0283397027388667,2.566781326961291,R3_confidence,4
20220128,0.0203215557804792,2.789111627219522,R3_confidence,5
20220128,0.0161538770296512,3.066990846902977,R3_confidence,6
20220128,0.0212621920911229,3.1043504753668527,R3_confidence,7
20220128,0.0280487760359253,3.5729658763668697,R3_confidence,8
20220128,0.0278360515416082,4.394786239647248,R3_confidence,9
20220128,0.038686568104469,4.808589731376368,R3_confidence,10
20220228,-0.1053205725759823,1.0775277956189977,R3_confidence,1
20220228,-0.1140151993958187,1.5826008806141367,R3_confidence,2
20220228,-0.1163203627576077,1.5617168648361246,R3_confidence,3
20220228,-0.1149452014938577,2.271742130143054,R3_confidence,4
20220228,-0.1208966488852086,2.4519173781219106,R3_confidence,5
20220228,-0.1064689856531228,2.740451442425805,R3_confidence,6
20220228,-0.1182415635982857,2.7372872212023944,R3_confidence,7
20220228,-0.0940160747928501,3.237049649302061,R3_confidence,8
20220228,-0.0785956734598222,4.049375055430213,R3_confidence,9
20220228,-0.0980132454758296,4.337284245642422,R3_confidence,10
20220331,-0.1466894572190182,0.9194658281412414,R3_confidence,1
20220331,-0.1420455305324889,1.3577994989061175,R3_confidence,2
20220331,-0.137224894593223,1.3474104326745286,R3_confidence,3
20220331,-0.1377564200825507,1.9587950669438383,R3_confidence,4
20220331,-0.1238876185946755,2.1481551731554864,R3_confidence,5
20220331,-0.1206073502660208,2.409932855422134,R3_confidence,6
20220331,-0.1308589330246297,2.3790887360538955,R3_confidence,7
20220331,-0.1232694325567517,2.8380203758745637,R3_confidence,8
20220331,-0.1325272886730706,3.5127223585136815,R3_confidence,9
20220331,-0.1257257471904755,3.7919759430815505,R3_confidence,10
20220429,0.1109864289361088,1.0215140569354195,R3_confidence,1
20220429,0.103649795664285,1.498535139520805,R3_confidence,2
20220429,0.1099756121750166,1.495592719858914,R3_confidence,3
20220429,0.1146469935679486,2.1833650323846783,R3_confidence,4
20220429,0.0998660040155752,2.362682846303911,R3_confidence,5
20220429,0.1010769153591681,2.6535214346709157,R3_confidence,6
20220429,0.1184012260086329,2.6607757591860057,R3_confidence,7
20220429,0.1159330771529525,3.167040811072481,R3_confidence,8
20220429,0.1049985057688955,3.881552957338609,R3_confidence,9
20220429,0.1178112473582539,4.23871335888848,R3_confidence,10
20220531,0.1104995313040964,1.1343908814473296,R3_confidence,1
20220531,0.1316839073288294,1.695868101962457,R3_confidence,2
20220531,0.1161528444199151,1.669310068364244,R3_confidence,3
20220531,0.1283112621732209,2.463515355474832,R3_confidence,4
20220531,0.1208617687402082,2.648240874080351,R3_confidence,5
20220531,0.0955723211173216,2.907124637316981,R3_confidence,6
20220531,0.1119724796852852,2.95870941882856,R3_confidence,7
20220531,0.0961459393819927,3.4715389249141526,R3_confidence,8
20220531,0.1066559436543137,4.29554365084775,R3_confidence,9
20220531,0.0935362197057241,4.63518658289506,R3_confidence,10
20220630,0.0120478947572932,1.1480579034006402,R3_confidence,1
20220630,-0.0160144979345988,1.6687096257462273,R3_confidence,2
20220630,0.0082068876853109,1.683009908607268,R3_confidence,3
20220630,-0.0070208700105938,2.446219334394941,R3_confidence,4
20220630,0.0077530845350957,2.668772909446392,R3_confidence,5
20220630,-0.0070130571732797,2.8867368060256267,R3_confidence,6
20220630,0.0201991815671449,3.0184729275839004,R3_confidence,7
20220630,0.0123250423570948,3.514325789208023,R3_confidence,8
20220630,0.0298105874781742,4.423596330617663,R3_confidence,9
20220630,0.0210123354522204,4.732582678258483,R3_confidence,10
20220729,-0.0568504888059495,1.0827902504147802,R3_confidence,1
20220729,-0.0338197881143251,1.612274219779155,R3_confidence,2
20220729,-0.0487378981522917,1.6009835430922692,R3_confidence,3
20220729,-0.0420832433418838,2.343274490877978,R3_confidence,4
20220729,-0.031041595699646,2.585929939777189,R3_confidence,5
20220729,-0.0216507795738643,2.824236703750605,R3_confidence,6
20220729,-0.0225668438787719,2.950355520274815,R3_confidence,7
20220729,-0.0228612970426917,3.433983743436146,R3_confidence,8
20220729,-0.0287015208615306,4.296632388251449,R3_confidence,9
20220729,-0.0373966891620851,4.555599754905782,R3_confidence,10
20220831,-0.080271091754454,0.9958734948729072,R3_confidence,1
20220831,-0.0583191606233387,1.5182477405869863,R3_confidence,2
20220831,-0.0625152663353236,1.5008976304973858,R3_confidence,3
20220831,-0.0890498824474799,2.1346061729231156,R3_confidence,4
20220831,-0.0862112407189893,2.362993711256616,R3_confidence,5
20220831,-0.0826722788428758,2.5907506194598504,R3_confidence,6
20220831,-0.0983905019199966,2.660068559792543,R3_confidence,7
20220831,-0.0732682668791478,3.182381706063411,R3_confidence,8
20220831,-0.089703339221168,3.911210115619472,R3_confidence,9
20220831,-0.0882422848718845,4.153603223571099,R3_confidence,10
20220930,0.0461413200511806,1.0418244125303258,R3_confidence,1
20220930,0.0369500121860908,1.5743470131031805,R3_confidence,2
20220930,0.0450659280617764,1.5685369751414715,R3_confidence,3
20220930,0.0415186824505762,2.22323220877375,R3_confidence,4
20220930,0.0228241109058933,2.4169269417922656,R3_confidence,5
20220930,0.0050947341181548,2.603949805032443,R3_confidence,6
20220930,0.0230693429942283,2.72143459378656,R3_confidence,7
20220930,0.0330443675166844,3.2875414967369436,R3_confidence,8
20220930,0.0103121646431849,3.9515431582858302,R3_confidence,9
20220930,0.0200631816515803,4.236937719554196,R3_confidence,10
20221031,0.0419705505964962,1.0855503567490947,R3_confidence,1
20221031,0.0341379219019246,1.628091948483025,R3_confidence,2
20221031,0.0608831931993278,1.6640345148392994,R3_confidence,3
20221031,0.0463044537813213,2.326177761830059,R3_confidence,4
20221031,0.0546369379893034,2.5489804292356464,R3_confidence,5
20221031,0.0668348989497018,2.7779845271218826,R3_confidence,6
20221031,0.0682933358213615,2.907290440415896,R3_confidence,7
20221031,0.0845878182720558,3.5656274594247708,R3_confidence,8
20221031,0.0914263558396524,4.312818349191015,R3_confidence,9
20221031,0.0909341357274424,4.622219989212858,R3_confidence,10
20221130,-0.0538221007886897,1.0271237560369468,R3_confidence,1
20221130,-0.0429570838310673,1.558153866167354,R3_confidence,2
20221130,-0.0407200291294673,1.596274980922604,R3_confidence,3
20221130,-0.0365143599356886,2.2412388697602017,R3_confidence,4
20221130,-0.0258113105649274,2.483187903752723,R3_confidence,5
20221130,-0.0480808883573372,2.644416563214925,R3_confidence,6
20221130,-0.0376753647291324,2.797757212699707,R3_confidence,7
20221130,-0.0339126920240128,3.4447074335209353,R3_confidence,8
20221130,-0.0456621516460471,4.1158857837084,R3_confidence,9
20221130,-0.0448440338864605,4.414940999385921,R3_confidence,10
20221230,0.059206870899503,1.087936539658439,R3_confidence,1
20221230,0.069345239418574,1.666204419067706,R3_confidence,2
20221230,0.0846220727483924,1.7313550784846754,R3_confidence,3
20221230,0.0915116781106493,2.4463383997787727,R3_confidence,4
20221230,0.0818453101289891,2.686425187843919,R3_confidence,5
20221230,0.1037506071598781,2.918776387232112,R3_confidence,6
20221230,0.0886859611254464,3.0458790001036307,R3_confidence,7
20221230,0.0969453668430093,3.778655859330464,R3_confidence,8
20221230,0.1037620215626022,4.542958413146759,R3_confidence,9
20221230,0.1136899785530864,4.916875546919249,R3_confidence,10
20230131,0.0197118083919856,1.109381736270826,R3_confidence,1
20230131,0.022951577368389,1.70444643870349,R3_confidence,2
20230131,0.0186268470238579,1.7636047646755892,R3_confidence,3
20230131,0.0145504094316353,2.4819336251038853,R3_confidence,4
20230131,0.0208527559196602,2.7424445565824556,R3_confidence,5
20230131,0.019966958952158,2.977055475546504,R3_confidence,6
20230131,0.0256743756275661,3.1240800416684067,R3_confidence,7
20230131,0.0265729435195669,3.879065868060333,R3_confidence,8
20230131,0.0383674676646002,4.717260223164791,R3_confidence,9
20230131,0.0393032963078958,5.110124963448864,R3_confidence,10
20230228,-0.0227069905021457,1.0841910157220704,R3_confidence,1
20230228,0.0040865714448266,1.711411780849132,R3_confidence,2
20230228,-0.0174128089867776,1.7328954517801225,R3_confidence,3
20230228,-0.0012998639009874,2.4787074491799657,R3_confidence,4
20230228,-0.0267035175122082,2.669211640339496,R3_confidence,5
20230228,-0.008916281220642,2.950511211717079,R3_confidence,6
20230228,-0.0096416203230561,3.0939588480478024,R3_confidence,7
20230228,-0.0220166889524966,3.7936616814170026,R3_confidence,8
20230228,-0.0027921852964936,4.704088758529936,R3_confidence,9
20230228,-0.0386998659261269,4.912363812497638,R3_confidence,10
20230331,-0.0121706230634887,1.070995735540896,R3_confidence,1
20230331,-0.023824448768423,1.6706383385546162,R3_confidence,2
20230331,-0.0194943624948666,1.6991137596774148,R3_confidence,3
20230331,-0.0305378793920559,2.403012980048717,R3_confidence,4
20230331,-0.044426845575444,2.5506269869859555,R3_confidence,5
20230331,-0.0322781484631206,2.855274172783173,R3_confidence,6
20230331,-0.0452665183525561,2.9539061030705933,R3_confidence,7
20230331,-0.0489410100273699,3.607996047026324,R3_confidence,8
20230331,-0.0375056381154687,4.527658907889468,R3_confidence,9
20230331,-0.0516919992099843,4.658433906182855,R3_confidence,10
20230428,-0.0033993848991864,1.0673550088104051,R3_confidence,1
20230428,-0.0234333779287486,1.631489638985009,R3_confidence,2
20230428,-0.0225982896557375,1.6607166947781755,R3_confidence,3
20230428,-0.0142998205985248,2.368650325538094,R3_confidence,4
20230428,-0.0249677910212957,2.486943465401613,R3_confidence,5
20230428,-0.0182569658045511,2.8031455298480528,R3_confidence,6
20230428,-0.0186225647803716,2.898896795311026,R3_confidence,7
20230428,-0.0154302102804831,3.5523239093295556,R3_confidence,8
20230428,-0.0061109866958557,4.499990444539983,R3_confidence,9
20230428,-0.0148733398615766,4.589147435473505,R3_confidence,10
20230531,0.0182990462949841,1.0868865875298102,R3_confidence,1
20230531,0.0345923637690026,1.6879267220621372,R3_confidence,2
20230531,0.0279039362275237,1.7070572275212497,R3_confidence,3
20230531,0.0301710853067791,2.4401150765718342,R3_confidence,4
20230531,0.013489771012165,2.5204917632700807,R3_confidence,5
20230531,0.0370279071323065,2.906940142205607,R3_confidence,6
20230531,0.0400142216696968,3.014893894276175,R3_confidence,7
20230531,0.0340195909141893,3.6731725155196417,R3_confidence,8
20230531,0.0439415074092961,4.697726808000499,R3_confidence,9
20230531,0.0442628344899513,4.792276108859854,R3_confidence,10
20230630,-0.0423044114105273,1.040906490174365,R3_confidence,1
20230630,-0.0314512793057077,1.634839267278993,R3_confidence,2
20230630,-0.0096704158006155,1.6905492743356731,R3_confidence,3
20230630,-0.0075648293919124,2.421656022320935,R3_confidence,4
20230630,-0.0137394382997213,2.4858616222036756,R3_confidence,5
20230630,-0.0162465046569153,2.8597125256478892,R3_confidence,6
20230630,-0.0216551076136429,2.9496060425519093,R3_confidence,7
20230630,-0.0142105384857994,3.6209747561228687,R3_confidence,8
20230630,0.00134305687314,4.704036122278119,R3_confidence,9
20230630,0.0003740055021745,4.794068446492507,R3_confidence,10
20230731,-0.0589669590289755,0.9795273998152584,R3_confidence,1
20230731,-0.0607848572460693,1.535465795797171,R3_confidence,2
20230731,-0.0530467007101879,1.6008712129441631,R3_confidence,3
20230731,-0.0528340396774483,2.293710151952499,R3_confidence,4
20230731,-0.0450699248952718,2.3738240255909173,R3_confidence,5
20230731,-0.0537617628459993,2.705969339036274,R3_confidence,6
20230731,-0.058090728622142,2.778261278391796,R3_confidence,7
20230731,-0.0489382723423522,3.443770507362945,R3_confidence,8
20230731,-0.0454846244355091,4.49007480592523,R3_confidence,9
20230731,-0.0542736790955387,4.533876714065525,R3_confidence,10
20230831,-0.0155877654008677,0.9642587565032164,R3_confidence,1
20230831,-0.017105001654936,1.5092016508189627,R3_confidence,2
20230831,-0.0090406329985033,1.5863983238300663,R3_confidence,3
20230831,-0.0197679370714366,2.2483682340085864,R3_confidence,4
20230831,-0.0050043195935779,2.3619446515079465,R3_confidence,5
20230831,-0.0066003808022212,2.6881089109594996,R3_confidence,6
20230831,-0.006592924702404,2.759944410979754,R3_confidence,7
20230831,0.0013313498369698,3.4483553706664845,R3_confidence,8
20230831,0.0020939073709234,4.499476606657354,R3_confidence,9
20230831,-0.0052719015934197,4.509974562192275,R3_confidence,10
20230928,-0.0096889184515517,0.954916132045262,R3_confidence,1
20230928,-0.0088158115845784,1.495896813422208,R3_confidence,2
20230928,-0.0193663074864409,1.5556756460947987,R3_confidence,3
20230928,-0.0100181636281538,2.225843713143945,R3_confidence,4
20230928,-0.0306162832528031,2.2896306850299357,R3_confidence,5
20230928,-0.0079132791256401,2.6668371548269567,R3_confidence,6
20230928,-0.0267189275208449,2.686201656301225,R3_confidence,7
20230928,-0.0295050380497913,3.3466115142457675,R3_confidence,8
20230928,-0.0260572001172278,4.382232844294898,R3_confidence,9
20230928,-0.0367334822386512,4.344307491715216,R3_confidence,10
20231031,0.0370230512175895,0.9902700409104762,R3_confidence,1
20231031,0.0210143873965,1.527332168564652,R3_confidence,2
20231031,0.0136278412370141,1.576876146816068,R3_confidence,3
20231031,0.0235765583233924,2.2783214472656397,R3_confidence,4
20231031,0.0182940964399136,2.331517409593659,R3_confidence,5
20231031,0.018165200385557,2.7152807861400374,R3_confidence,6
20231031,0.0154525275491899,2.727710261397899,R3_confidence,7
20231031,0.0286332213097382,3.442435782370885,R3_confidence,8
20231031,0.0282323574977922,4.5059536085935985,R3_confidence,9
20231031,0.0349423174734,4.496107663292799,R3_confidence,10
20231130,-0.0328633919677429,0.9577264084021224,R3_confidence,1
20231130,-0.0200628245269283,1.4966895712724066,R3_confidence,2
20231130,-0.0305184613091559,1.5287523131401308,R3_confidence,3
20231130,-0.0328490511063616,2.203480749607691,R3_confidence,4
20231130,-0.0156470087241984,2.2950361363451264,R3_confidence,5
20231130,-0.0179159204982626,2.6666340314450925,R3_confidence,6
20231130,-0.023656721551347,2.663181579271257,R3_confidence,7
20231130,-0.0143739192263061,3.39295448849334,R3_confidence,8
20231130,-0.013080978456,4.44701132651585,R3_confidence,9
20231130,-0.0137945400413953,4.434085926101082,R3_confidence,10
20231229,-0.2192674574983066,0.7477281738528041,R3_confidence,1
20231229,-0.2032197563341143,1.192532681290618,R3_confidence,2
20231229,-0.2001187047604584,1.222820380334973,R3_confidence,3
20231229,-0.2019582536823291,1.7584696253942922,R3_confidence,4
20231229,-0.200139783085012,1.8357081018447488,R3_confidence,5
20231229,-0.2046266384543417,2.120969673602534,R3_confidence,6
20231229,-0.1903627266393858,2.156211072305395,R3_confidence,7
20231229,-0.2000480118851187,2.7142006886535572,R3_confidence,8
20231229,-0.204034107305469,3.5396693403328787,R3_confidence,9
20231229,-0.1882561234982062,3.5993420983953386,R3_confidence,10
20240131,0.1056168924664606,0.8267008999847587,R3_confidence,1
20240131,0.0977531482723421,1.3091065053044335,R3_confidence,2
20240131,0.1387077885858612,1.392435091128959,R3_confidence,3
20240131,0.107094062740001,1.9467912817826545,R3_confidence,4
20240131,0.0969393535520899,2.0136604585479128,R3_confidence,5
20240131,0.1212946427834298,2.378231932516641,R3_confidence,6
20240131,0.1065202201467141,2.3858911504101483,R3_confidence,7
20240131,0.1186966819323369,3.036367304495198,R3_confidence,8
20240131,0.1178064429640592,3.9566651945864337,R3_confidence,9
20240131,0.1207832448898604,4.034082316508207,R3_confidence,10
20240229,0.0160583232395576,0.8399763302591472,R3_confidence,1
20240229,0.0210658064689674,1.336683889592443,R3_confidence,2
20240229,0.0253566174080528,1.4277425350002633,R3_confidence,3
20240229,0.032788372924974,2.0106234003368324,R3_confidence,4
20240229,0.0296209029920588,2.073306899649505,R3_confidence,5
20240229,0.0344977635836507,2.460275615471689,R3_confidence,6
20240229,0.0222854922620661,2.439061909180746,R3_confidence,7
20240229,0.034834591919898,3.14213792046621,R3_confidence,8
20240229,0.0413676459208141,4.120343119383294,R3_confidence,9
20240229,0.0366337009440502,4.18186568167485,R3_confidence,10
20240329,0.0114298825379053,0.84957716104863,R3_confidence,1
20240329,-0.0116017304253159,1.321176043441529,R3_confidence,2
20240329,0.0227065018978787,1.460161573580929,R3_confidence,3
20240329,-0.0015819909244745,2.0074426123649634,R3_confidence,4
20240329,-0.0003773578572195,2.072524521000495,R3_confidence,5
20240329,0.0153195755734336,2.497965993694383,R3_confidence,6
20240329,0.0128407942499271,2.4703814013193703,R3_confidence,7
20240329,0.00798062347713,3.1672141401226632,R3_confidence,8
20240329,0.027907588953695,4.235331961507228,R3_confidence,9
20240329,0.030984053850346,4.311436833150778,R3_confidence,10
20240430,-0.030250637716745,0.8238769101373271,R3_confidence,1
20240430,-0.0148393942594696,1.301570591246734,R3_confidence,2
20240430,-0.0314117547653248,1.414295336313854,R3_confidence,3
20240430,-0.0186494926168527,1.9700048261869072,R3_confidence,4
20240430,-0.0262336214128137,2.018154697347794,R3_confidence,5
20240430,-0.0121258303251772,2.4676760818967827,R3_confidence,6
20240430,-0.0160718474087966,2.430677808395836,R3_confidence,7
20240430,-0.0332292689230212,3.0619699297237317,R3_confidence,8
20240430,-0.0153994789398194,4.170110056162853,R3_confidence,9
20240430,-0.0069968540873229,4.281270338722512,R3_confidence,10
20240531,-0.0797169690969334,0.7581999399522328,R3_confidence,1
20240531,-0.0823591044871949,1.194374402924784,R3_confidence,2
20240531,-0.0902731601676433,1.2866224268944424,R3_confidence,3
20240531,-0.0885596777618878,1.7955418335904307,R3_confidence,4
20240531,-0.0819482008630746,1.85277055083678,R3_confidence,5
20240531,-0.0720249947378399,2.2899417250834735,R3_confidence,6
20240531,-0.0738166047490401,2.2512534253412175,R3_confidence,7
20240531,-0.0856226899507459,2.7997958277924893,R3_confidence,8
20240531,-0.079360881871664,3.8391664446038742,R3_confidence,9
20240531,-0.0915842118826582,3.88917356889401,R3_confidence,10
20240628,-0.0435931025699432,0.7251476522013703,R3_confidence,1
20240628,-0.0101779029311861,1.182218176188322,R3_confidence,2
20240628,-0.0310052395174885,1.2467303903800078,R3_confidence,3
20240628,-0.0236451977278505,1.7530858919065575,R3_confidence,4
20240628,-0.0134095629267602,1.827925707546486,R3_confidence,5
20240628,-0.0092748452466705,2.2687028699594305,R3_confidence,6
20240628,-0.0205482239459384,2.204994165798245,R3_confidence,7
20240628,-0.0156130460758697,2.756082486530137,R3_confidence,8
20240628,-0.0128579460176483,3.7898026497063912,R3_confidence,9
20240628,-0.0167284816876149,3.8241136000668106,R3_confidence,10
20240731,-0.0481922273788003,0.6902011716632787,R3_confidence,1
20240731,-0.0595423848022709,1.1118260866214782,R3_confidence,2
20240731,-0.0500065440056081,1.184385712250341,R3_confidence,3
20240731,-0.0554759959593942,1.6558317060506784,R3_confidence,4
20240731,-0.0616778014112719,1.715183268761875,R3_confidence,5
20240731,-0.0579427721157725,2.137247936566972,R3_confidence,6
20240731,-0.0515598768477445,2.091304938159692,R3_confidence,7
20240731,-0.0580232014742589,2.5961657571345222,R3_confidence,8
20240731,-0.0535758320228174,3.586760819546093,R3_confidence,9
20240731,-0.0525844700593648,3.6230246129604873,R3_confidence,10
20240830,0.37284868074662,0.9475417679677036,R3_confidence,1
20240830,0.3938279700058384,1.5496942973151504,R3_confidence,2
20240830,0.3812454227313866,1.6359273437942363,R3_confidence,3
20240830,0.4007034229354147,2.319329138470173,R3_confidence,4
20240830,0.4097944493296022,2.4180558518834947,R3_confidence,5
20240830,0.393949406082027,2.979215491827568,R3_confidence,6
20240830,0.3969428355586915,2.9214334503306945,R3_confidence,7
20240830,0.4111360332133595,3.663543048087168,R3_confidence,8
20240830,0.4130799696919873,5.068379870176601,R3_confidence,9
20240830,0.404306205978709,5.087835948394023,R3_confidence,10
20240930,-0.0544779620413312,0.895921623499783,R3_confidence,1
20240930,-0.0935014715468707,1.40479560006839,R3_confidence,2
20240930,-0.0907634536761906,1.4874449281081548,R3_confidence,3
20240930,-0.0846482261308378,2.1230020410851083,R3_confidence,4
20240930,-0.0901450052781204,2.200080194352667,R3_confidence,5
20240930,-0.0939139263985993,2.699425667402507,R3_confidence,6
20240930,-0.0888508234724638,2.661861682548811,R3_confidence,7
20240930,-0.0855252331765702,3.3502176746471104,R3_confidence,8
20240930,-0.1020395771021001,4.551204531630984,R3_confidence,9
20240930,-0.088037131968325,4.63991746357207,R3_confidence,10
20241031,0.0190020142609896,0.912945938966255,R3_confidence,1
20241031,0.0372162488848621,1.4570768227528947,R3_confidence,2
20241031,0.038478733573982,1.5446799252027994,R3_confidence,3
20241031,0.0637751761318681,2.258396870183627,R3_confidence,4
20241031,0.0670021363187749,2.3474902674469216,R3_confidence,5
20241031,0.0563281082207385,2.851479208529794,R3_confidence,6
20241031,0.0406432671072563,2.770048437915213,R3_confidence,7
20241031,0.0492909936555239,3.5153532327927652,R3_confidence,8
20241031,0.0594639865338346,4.821837296612616,R3_confidence,9
20241031,0.0450760880468668,4.849066791690239,R3_confidence,10
20241129,-0.0424446512555832,0.8741962669716312,R3_confidence,1
20241129,-0.0461034904010371,1.389900495441533,R3_confidence,2
20241129,-0.0307722796389821,1.4971466025917368,R3_confidence,3
20241129,-0.0262367153486785,2.1991439543562725,R3_confidence,4
20241129,-0.0474199499073205,2.236172396556666,R3_confidence,5
20241129,-0.0342202304936062,2.753900932766179,R3_confidence,6
20241129,-0.0346996894664061,2.6739286173126517,R3_confidence,7
20241129,-0.0306933654530566,3.407455211322073,R3_confidence,8
20241129,-0.0185819700477001,4.732238060392077,R3_confidence,9
20241129,-0.0009085159103678,4.844661337359552,R3_confidence,10
20241231,0.0319972285337699,0.9021681247092912,R3_confidence,1
20241231,0.0105304987025798,1.4045368408054952,R3_confidence,2
20241231,-0.0042594845900465,1.4907695297089567,R3_confidence,3
20241231,-0.0040965645996201,2.190135019083388,R3_confidence,4
20241231,0.0062826586182453,2.250221504335775,R3_confidence,5
20241231,0.0058984581250633,2.7701447020986736,R3_confidence,6
20241231,-0.002444436894746,2.6673923675465754,R3_confidence,7
20241231,0.0150302852814543,3.458670235232022,R3_confidence,8
20241231,-0.0046191289019207,4.7103792427965505,R3_confidence,9
20241231,0.0024662012680378,4.856609247292962,R3_confidence,10
20250127,0.07442410093989,0.9693111762874066,R3_confidence,1
20250127,0.0507608720604622,1.4758323556858286,R3_confidence,2
20250127,0.0820177700381568,1.6130391221765172,R3_confidence,3
20250127,0.0780535542628997,2.36108284163849,R3_confidence,4
20250127,0.0672314397805897,2.401507135897514,R3_confidence,5
20250127,0.0662767328007314,2.953740842339029,R3_confidence,6
20250127,0.0477501681397012,2.79476080159148,R3_confidence,7
20250127,0.0541288789421765,3.6458841776958058,R3_confidence,8
20250127,0.051732897288985,4.954060808356311,R3_confidence,9
20250127,0.0632421770305475,5.163751789078457,R3_confidence,10
20250228,-0.001296101846514,0.9680548502819738,R3_confidence,1
20250228,0.0030423305110089,1.480322325490666,R3_confidence,2
20250228,0.0091091319481833,1.6277325083780048,R3_confidence,3
20250228,-0.006535010749723,2.345653139887396,R3_confidence,4
20250228,-0.0041343883220564,2.391578372839524,R3_confidence,5
20250228,0.0040492424816758,2.965701255237689,R3_confidence,6
20250228,0.0071438518764033,2.8147261587880275,R3_confidence,7
20250228,0.008566753226064,3.677117567736937,R3_confidence,8
20250228,0.01814094308593,5.043932143524939,R3_confidence,9
20250228,0.0205619660073923,5.269928677836099,R3_confidence,10
20250331,-0.0294162787948454,0.9395782789173768,R3_confidence,1
20250331,-0.0173917165003367,1.454576979276613,R3_confidence,2
20250331,-0.0042282169429721,1.6208501022074544,R3_confidence,3
20250331,-0.0260821474348083,2.2844734688619317,R3_confidence,4
20250331,-0.0130294601207116,2.360417397805055,R3_confidence,5
20250331,-0.0326132398675651,2.868980128825083,R3_confidence,6
20250331,-0.0563582233981689,2.656093193126382,R3_confidence,7
20250331,-0.0425264107924269,3.520742955519306,R3_confidence,8
20250331,-0.0380791039577973,4.851863727075577,R3_confidence,9
20250331,-0.0520066801948994,4.995857182437948,R3_confidence,10
20250430,-0.0002036491026724,0.9393869346439848,R3_confidence,1
20250430,-0.0075558237027184,1.443586452059166,R3_confidence,2
20250430,0.0018497294258679,1.6238482363364286,R3_confidence,3
20250430,0.0173918308131137,2.324204644929426,R3_confidence,4
20250430,0.0088280208046043,2.381255211700428,R3_confidence,5
20250430,0.003778796522571,2.879821420959213,R3_confidence,6
20250430,0.0098846662534846,2.682347787878588,R3_confidence,7
20250430,0.0131422815320341,3.567013550642667,R3_confidence,8
20250430,0.0333800834396424,5.013819343123135,R3_confidence,9
20250430,0.0215792060955322,5.103663814201622,R3_confidence,10
20250530,0.0447139447384816,0.9813906301277076,R3_confidence,1
20250530,0.0567487803491066,1.525508222542018,R3_confidence,2
20250530,0.0690881845221271,1.7360369629243706,R3_confidence,3
20250530,0.0421917456103269,2.422266896054628,R3_confidence,4
20250530,0.0639324934467238,2.5334947949174427,R3_confidence,5
20250530,0.0522174471637717,3.030198343849248,R3_confidence,6
20250530,0.0454601805386785,2.8042878025830738,R3_confidence,7
20250530,0.0727733100042158,3.826596933552824,R3_confidence,8
20250530,0.0514837270132204,5.2719494494780905,R3_confidence,9
20250530,0.0565056942451975,5.3920498812171775,R3_confidence,10
20250630,0.0608361884388604,1.0410946954342888,R3_confidence,1
20250630,0.0440589649093436,1.5927205357879122,R3_confidence,2
20250630,0.0542404103197111,1.8302003201235737,R3_confidence,3
20250630,0.0670649914377583,2.584716204698497,R3_confidence,4
20250630,0.0719686573106475,2.7158270136111655,R3_confidence,5
20250630,0.0620247712611785,3.2181457030025,R3_confidence,6
20250630,0.0543221215929186,2.95662266557653,R3_confidence,7
20250630,0.0498484298985555,4.01734678254506,R3_confidence,8
20250630,0.0601494690442026,5.589054409692074,R3_confidence,9
20250630,0.0663312485071798,5.749711281851304,R3_confidence,10
20250731,0.1481182352689629,1.195299804469894,R3_confidence,1
20250731,0.1052728266762001,1.7603907286955378,R3_confidence,2
20250731,0.1129029344144318,2.0368353068317577,R3_confidence,3
20250731,0.124682358033404,2.9069847159474564,R3_confidence,4
20250731,0.147098310291406,3.1153205783571236,R3_confidence,5
20250731,0.1187499240779716,3.600300260905898,R3_confidence,6
20250731,0.1171222634843927,3.302909004438112,R3_confidence,7
20250731,0.0976903119463448,4.409802642928531,R3_confidence,8
20250731,0.0877235038883996,6.079345845933174,R3_confidence,9
20250731,0.0950111319011486,6.2959978588448,R3_confidence,10
20250829,0.0180665322537445,1.216894726940244,R3_confidence,1
20250829,0.0257968205534102,1.805803212427584,R3_confidence,2
20250829,0.0160945508064453,2.0696172561619233,R3_confidence,3
20250829,0.0415316676285084,3.0277166389713406,R3_confidence,4
20250829,0.039252830028734,3.2376057275043935,R3_confidence,5
20250829,0.0399514636037798,3.744137525742159,R3_confidence,6
20250829,0.0590086308930315,3.497809142754271,R3_confidence,7
20250829,0.0560994783667412,4.6571902708970985,R3_confidence,8
20250829,0.0190557548197605,6.195192369837806,R3_confidence,9
20250829,0.0190861508746418,6.416164223885133,R3_confidence,10
20250930,-0.0246217695489044,1.1869326254082442,R3_confidence,1
20250930,-0.022015781537336,1.7660470434033584,R3_confidence,2
20250930,-0.0233087507278304,2.0213770634360286,R3_confidence,3
20250930,-0.0194686109668982,2.968771201609203,R3_confidence,4
20250930,0.0027127946060505,3.246388686858486,R3_confidence,5
20250930,-0.0121612776863774,3.6986040295956224,R3_confidence,6
20250930,-0.0018542719461376,3.4913232533879177,R3_confidence,7
20250930,0.0098604820437644,4.703112411937673,R3_confidence,8
20250930,0.0111723456932255,6.264407200629667,R3_confidence,9
20250930,0.0096424642210857,6.478031857850556,R3_confidence,10
20251031,-0.0278714478594801,1.1538510946264624,R3_confidence,1
20251031,-0.0339401876590543,1.7061070753355303,R3_confidence,2
20251031,-0.0248681684378404,1.9711091181461144,R3_confidence,3
20251031,-0.0135534463929941,2.9285341202751276,R3_confidence,4
20251031,-0.0280298208408357,3.1553929935861267,R3_confidence,5
20251031,-0.0326543587256246,3.577828486829166,R3_confidence,6
20251031,-0.0294258623750638,3.388588055826865,R3_confidence,7
20251031,-0.0212402415351762,4.603217168341032,R3_confidence,8
20251031,-0.0206569486818065,6.13500366256432,R3_confidence,9
20251031,-0.0501137058433411,6.15339367488244,R3_confidence,10
20251128,0.0282613714724109,1.186460509035549,R3_confidence,1
20251128,0.0473822254757998,1.7869462254649358,R3_confidence,2
20251128,0.0673511854332242,2.1038656538714924,R3_confidence,3
20251128,0.0504714783284836,3.0763415666608185,R3_confidence,4
20251128,0.043527000077302,3.2927377846618686,R3_confidence,5
20251128,0.0471127866595817,3.7463899570337222,R3_confidence,6
20251128,0.0376980851570389,3.516331336917551,R3_confidence,7
20251128,0.0372484294398862,4.774679778232455,R3_confidence,8
20251128,0.0486730063854838,6.43361273500728,R3_confidence,9
20251128,0.0397630763534924,6.398071537409888,R3_confidence,10
20251231,0.0615949769328914,1.25954051672138,R3_confidence,1
20251231,0.0816761570107316,1.932897125945744,R3_confidence,2
20251231,0.0747890659202348,2.261211800946205,R3_confidence,3
20251231,0.0787545498685251,3.3186174619850246,R3_confidence,4
20251231,0.0921786059565834,3.5962577634325683,R3_confidence,5
20251231,0.0871097357115302,4.072736996063261,R3_confidence,6
20251231,0.0540720255088624,3.7064664946649697,R3_confidence,7
20251231,0.0701567822892024,5.1096559479345665,R3_confidence,8
20251231,0.0500301364881439,6.755487258251555,R3_confidence,9
20251231,0.0687432365768556,6.837895682741702,R3_confidence,10
20260130,0.0517082658319849,1.3246691725861648,R3_confidence,1
20260130,0.0374638287346291,2.0053108528338326,R3_confidence,2
20260130,0.015839116612009,2.2970273983458434,R3_confidence,3
20260130,0.0512424613693827,3.488671589080551,R3_confidence,4
20260130,0.0404398340296174,3.741689830513505,R3_confidence,5
20260130,0.0466826901756727,4.262863315417483,R3_confidence,6
20260130,0.0334786384457133,3.830553946351008,R3_confidence,7
20260130,0.0344690814840673,5.285781095159472,R3_confidence,8
20260130,0.0273109894567722,6.939986299537023,R3_confidence,9
20260130,0.0253030219223164,7.010915107104629,R3_confidence,10
20260227,-0.1127700784758459,1.175286126039089,R3_confidence,1
20260227,-0.07370025887671,1.857518923851703,R3_confidence,2
20260227,-0.0726205887180432,2.130215916376493,R3_confidence,3
20260227,-0.0754168189909995,3.2255670753278207,R3_confidence,4
20260227,-0.0894287044419549,3.407075356547044,R3_confidence,5
20260227,-0.0740001469224668,3.947410803766195,R3_confidence,6
20260227,-0.080372442749117,3.522682968600507,R3_confidence,7
20260227,-0.0802822157401074,4.8614268769228985,R3_confidence,8
20260227,-0.0886656748955855,6.3246477305224555,R3_confidence,9
20260227,-0.0862022336845053,6.406558564699767,R3_confidence,10
20260331,0.0760195879335876,1.264630893044643,R3_confidence,1
20260331,0.0866743326527532,2.0185181369664096,R3_confidence,2
20260331,0.0762948788791748,2.292740481702928,R3_confidence,3
20260331,0.0526706506004694,3.3954597917407905,R3_confidence,4
20260331,0.0590860085739173,3.608385840275965,R3_confidence,5
20260331,0.1046865207117819,4.360651506632577,R3_confidence,6
20260331,0.0570358389197065,3.7236021469627993,R3_confidence,7
20260331,0.0719657776142512,5.211283242435476,R3_confidence,8
20260331,0.0702765150334001,6.769121931837477,R3_confidence,9
20260331,0.092697580443259,7.0004310426154746,R3_confidence,10
20260430,0.0288820201432138,1.3011559879712888,R3_confidence,1
20260430,0.0299271306857698,2.078926593043,R3_confidence,2
20260430,-0.0190971830465608,2.2489555970455872,R3_confidence,3
20260430,-0.0425846282831078,3.25086539865927,R3_confidence,4
20260430,-0.031781015873425,3.4937076726087124,R3_confidence,5
20260430,-0.0077592151352066,4.326816273462952,R3_confidence,6
20260430,-0.0133230423998085,3.673992437678796,R3_confidence,7
20260430,-0.0257336490578904,5.077177908333376,R3_confidence,8
20260430,-0.001357305572189,6.759934164920566,R3_confidence,9
20260430,0.0134535700808975,7.0946118322437925,R3_confidence,10
20260529,0.0765750766174895,1.4007921074414955,R3_confidence,1
20260529,0.0170916460587877,2.114458870553493,R3_confidence,2
20260529,-0.0041467300724985,2.2396297852396043,R3_confidence,3
20260529,7.049040229967218e-05,3.251094553469044,R3_confidence,4
20260529,0.0212572189838844,3.5679741816710333,R3_confidence,5
20260529,0.0235455916478981,4.428693722573391,R3_confidence,6
20260529,-0.0299215480274331,3.5640608965023635,R3_confidence,7
20260529,-0.0351684495846171,4.898621433032022,R3_confidence,8
20260529,-0.0112412976024528,6.683943733199706,R3_confidence,9
20260529,-0.0527030284500008,6.720704303007335,R3_confidence,10
20260630,-0.2987528050180182,0.9823015360962476,R3_confidence,1
20260630,-0.1926560937105521,1.7070954842410309,R3_confidence,2
20260630,-0.101089571686611,2.013226569513156,R3_confidence,3
20260630,-0.0846818971963617,2.975785698716527,R3_confidence,4
20260630,-0.0981977698992034,3.2176070739730025,R3_confidence,5
20260630,-0.0297403307615902,4.29698290642228,R3_confidence,6
20260630,-0.0361529216103824,3.435209682296484,R3_confidence,7
20260630,0.0214693812932762,5.003791804389202,R3_confidence,8
20260630,-0.0149675250540963,6.583901637912868,R3_confidence,9
20260630,-0.0270110830560552,6.539170800883616,R3_confidence,10
