signal_date,net_return,ending_nav,specification,group
20120330,0.06544370875219174,1.0654437087521917,pbroe_common,1
20120330,0.040696690002861136,1.0406966900028611,pbroe_common,2
20120330,0.04865001421706738,1.0486500142170674,pbroe_common,3
20120330,0.06099322332953805,1.060993223329538,pbroe_common,4
20120330,0.04961250199195155,1.0496125019919516,pbroe_common,5
20120330,0.04545385827196102,1.045453858271961,pbroe_common,6
20120330,0.056348177610500594,1.0563481776105006,pbroe_common,7
20120330,0.03529822858886744,1.0352982285888674,pbroe_common,8
20120330,0.05430116777460947,1.0543011677746095,pbroe_common,9
20120330,0.0674984415900437,1.0674984415900437,pbroe_common,10
20120330,0.0476315374193641,1.047631537419364,revision_common,1
20120330,0.05559880501688008,1.05559880501688,revision_common,2
20120330,0.05005545191976157,1.0500554519197616,revision_common,3
20120330,0.06523169911363613,1.0652316991136361,revision_common,4
20120330,0.04691423525491478,1.0469142352549148,revision_common,5
20120330,0.032491559538991854,1.0324915595389919,revision_common,6
20120330,0.05160101251802485,1.0516010125180248,revision_common,7
20120330,0.06521044956199806,1.065210449561998,revision_common,8
20120330,0.04280424446987108,1.042804244469871,revision_common,9
20120330,0.06491927724174018,1.0649192772417402,revision_common,10
20120330,0.055759813269878666,1.0557598132698787,combined_50_50,1
20120330,0.050552724937950266,1.0505527249379503,combined_50_50,2
20120330,0.040865215813803424,1.0408652158138034,combined_50_50,3
20120330,0.05787598984278741,1.0578759898427874,combined_50_50,4
20120330,0.0453614570452856,1.0453614570452856,combined_50_50,5
20120330,0.06432830610859797,1.064328306108598,combined_50_50,6
20120330,0.034978455205030956,1.034978455205031,combined_50_50,7
20120330,0.06262316431937331,1.0626231643193733,combined_50_50,8
20120330,0.06033202826254391,1.060332028262544,combined_50_50,9
20120330,0.04918977208745012,1.0491897720874501,combined_50_50,10
20120427,0.0305997109891456,1.0980459783152123,pbroe_common,1
20120427,-0.005310656742863129,1.035169907108822,pbroe_common,2
20120427,0.04859053730702967,1.099604481854899,pbroe_common,3
20120427,0.012888821508345583,1.0746681756065968,pbroe_common,4
20120427,0.01936054915412,1.0699335764295457,pbroe_common,5
20120427,0.00978740955192281,1.0556861433505065,pbroe_common,6
20120427,0.022089697477390535,1.0796825892847093,pbroe_common,7
20120427,0.02368703068645206,1.0598213694990815,pbroe_common,8
20120427,0.00704133565994125,1.0617248561835786,pbroe_common,9
20120427,0.029025221790990985,1.098482820618732,pbroe_common,10
20120427,0.01259254405020771,1.0608238837027042,revision_common,1
20120427,0.036792054067018354,1.094436453324141,revision_common,2
20120427,0.03818626773071454,1.090153150538866,revision_common,3
20120427,0.011524680754995797,1.0775081543760225,revision_common,4
20120427,0.00844841484089387,1.0557590010171856,revision_common,5
20120427,0.030819468466572353,1.0643124006002058,revision_common,6
20120427,0.018653201039538825,1.071216737617906,revision_common,7
20120427,0.02068069155424368,1.087239738309747,revision_common,8
20120427,-0.01793491176829054,1.024101642353705,revision_common,9
20120427,0.03521787696774248,1.102423473328217,revision_common,10
20120427,0.021213911688852116,1.0781566087132248,combined_50_50,1
20120427,0.028097606825252752,1.0800707423524547,combined_50_50,2
20120427,0.0485264138481134,1.0913746720364899,combined_50_50,3
20120427,-0.0028803779559946063,1.0548289071614683,combined_50_50,4
20120427,0.001483405315909625,1.0469121517877136,combined_50_50,5
20120427,0.0189954816151241,1.08454573487974,combined_50_50,6
20120427,0.028899759277868586,1.0648890834182367,combined_50_50,7
20120427,0.019830969834105483,1.0836960122360124,combined_50_50,8
20120427,0.02053375506302224,1.0821046264163645,combined_50_50,9
20120427,0.009066055678500717,1.0587017849785085,combined_50_50,10
20120531,-0.07590668582362947,1.0146969472193397,pbroe_common,1
20120531,-0.07115819416719749,0.9615090858627328,pbroe_common,2
20120531,-0.07094180125934668,1.0215965592392617,pbroe_common,3
20120531,-0.06684722883165506,1.0028295861537253,pbroe_common,4
20120531,-0.004082570273360342,1.0655654974159443,pbroe_common,5
20120531,-0.04639931664102481,1.006703027711644,pbroe_common,6
20120531,-0.041949184720138644,1.0343907849076874,pbroe_common,7
20120531,-0.031066545625078046,1.0268963805691056,pbroe_common,8
20120531,-0.010587454641184157,1.0504838924273172,pbroe_common,9
20120531,-0.07602845516410994,1.0149668687427758,pbroe_common,10
20120531,-0.06654482105287385,0.9902315481930931,revision_common,1
20120531,-0.07050533689168281,1.017272842475984,revision_common,2
20120531,-0.06300482147115027,1.0214682459129527,revision_common,3
20120531,-0.05968969838404792,1.0131920176349656,revision_common,4
20120531,-0.04676297592727496,1.006388568267615,revision_common,5
20120531,-0.08139464456547896,0.9776830710467204,revision_common,6
20120531,-0.048818813573917486,1.0189212074068774,revision_common,7
20120531,-0.03652595064152464,1.047527273292741,revision_common,8
20120531,-0.019096493944489534,1.0045448915419557,revision_common,9
20120531,0.001479946089102846,1.1040550006361043,revision_common,10
20120531,-0.08880894913326232,0.9824066532923215,combined_50_50,1
20120531,-0.07063833503394623,1.003776343393799,combined_50_50,2
20120531,-0.055601502551759885,1.0306926004243269,combined_50_50,3
20120531,-0.05903508089899501,0.9925569972925925,combined_50_50,4
20120531,-0.05816800071734962,0.9860153649915239,combined_50_50,5
20120531,-0.047306311156902536,1.0332398768816276,combined_50_50,6
20120531,-0.028209036882044125,1.0348495879888056,combined_50_50,7
20120531,-0.0435560205400326,1.0364945264679093,combined_50_50,8
20120531,-0.03173672495065849,1.0477621695199533,combined_50_50,9
20120531,-0.00667109200658722,1.0516390879633788,combined_50_50,10
20120629,-0.12182906522277781,0.8910773666552012,pbroe_common,1
20120629,-0.11018343169514522,0.8555667151763148,pbroe_common,2
20120629,-0.08143338799567279,0.9384044902556866,pbroe_common,3
20120629,-0.05023049460027584,0.9524569600414338,pbroe_common,4
20120629,-0.043031912973292785,1.019712175663798,pbroe_common,5
20120629,-0.05839319864150894,0.9479184178414695,pbroe_common,6
20120629,-0.0820882129899142,0.9494794938413806,pbroe_common,7
20120629,-0.10002148251142495,0.9241846821989672,pbroe_common,8
20120629,-0.0990543612886251,0.9464288814189405,pbroe_common,9
20120629,-0.12654571113222923,0.8865271645620693,pbroe_common,10
20120629,-0.1260521454025939,0.8654107370980216,revision_common,1
20120629,-0.11782580657115604,0.8974118493083186,revision_common,2
20120629,-0.09394671791662201,0.9255046567533819,revision_common,3
20120629,-0.09082091894870603,0.9211729875218645,revision_common,4
20120629,-0.08985467476489584,0.9159598507788193,revision_common,5
20120629,-0.06261280936880997,0.9164675872961594,revision_common,6
20120629,-0.0768704787351645,0.9405962464000989,revision_common,7
20120629,-0.07938211805128847,0.9643723396222723,revision_common,8
20120629,-0.05639688894605677,0.9478916848523354,revision_common,9
20120629,-0.07777033247853404,1.0181922761620463,revision_common,10
20120629,-0.14263443277471455,0.8422816375458655,combined_50_50,1
20120629,-0.0938230566844378,0.9095989786290648,combined_50_50,2
20120629,-0.0956152770705545,0.9321426418601845,combined_50_50,3
20120629,-0.053751649838831295,0.9392054211290393,combined_50_50,4
20120629,-0.06267757719265432,0.9242143108391244,combined_50_50,5
20120629,-0.06496083331858182,0.9661197534614081,combined_50_50,6
20120629,-0.09751569501337753,0.9339355111817698,combined_50_50,7
20120629,-0.08139493236279072,0.952129124591651,combined_50_50,8
20120629,-0.08436165089420056,0.9593712231547608,combined_50_50,9
20120629,-0.09222713165512908,0.9546494313441004,combined_50_50,10
20120731,-0.008752761258997932,0.8832779792015717,pbroe_common,1
20120731,0.012242200922486068,0.8660407348060947,pbroe_common,2
20120731,-0.010936159827204639,0.928141948767684,pbroe_common,3
20120731,0.014221527098855269,0.9660023525091563,pbroe_common,4
20120731,0.0037123295650394184,1.0234976833213454,pbroe_common,5
20120731,0.004913837370842167,0.9525763347875684,pbroe_common,6
20120731,0.02822359531713836,0.9762772188374812,pbroe_common,7
20120731,0.006395474390986866,0.9300952816665131,pbroe_common,8
20120731,-0.0120015311448195,0.9350702857222345,pbroe_common,9
20120731,0.020565025028819406,0.9047586178900164,pbroe_common,10
20120731,0.056333555748732556,0.9141624011018848,revision_common,1
20120731,-0.007621085398798022,0.8905725969668467,revision_common,2
20120731,0.014605378834180227,0.939022002878063,revision_common,3
20120731,0.029507088006192506,0.9483541199335994,revision_common,4
20120731,-0.027144720712642956,0.891096376445434,revision_common,5
20120731,0.004371734202030186,0.9204741399925941,revision_common,6
20120731,-0.02934657323803247,0.9129929697677,revision_common,7
20120731,0.017294442194944137,0.9810506213042728,revision_common,8
20120731,-0.010634377491742897,0.9378114468543315,revision_common,9
20120731,0.009605268980562576,1.027972286848514,revision_common,10
20120731,-0.0010219937779671895,0.8414208309529976,combined_50_50,1
20120731,0.02180767687922125,0.9294352192446772,combined_50_50,2
20120731,0.028579130568284095,0.9587824681301719,combined_50_50,3
20120731,0.015585287891674682,0.9538432080067569,combined_50_50,4
20120731,-0.0034342775245158608,0.9210403024035737,combined_50_50,5
20120731,0.007843289288371524,0.973697310175016,combined_50_50,6
20120731,-0.014125518171539952,0.9207431881475252,combined_50_50,7
20120731,0.011938399918752118,0.9634960228553175,combined_50_50,8
20120731,0.00044905658436689144,0.9598020351193705,combined_50_50,9
20120731,-0.00973846993155214,0.9453526065617825,combined_50_50,10
20120831,0.010808056601475213,0.892824497595619,pbroe_common,1
20120831,0.007250153110421209,0.8723196627333006,pbroe_common,2
20120831,0.0060185369546252865,0.9337280053854802,pbroe_common,3
20120831,0.021658156421032526,0.9869241825628849,pbroe_common,4
20120831,-0.0014701140610079433,1.0219930249856857,pbroe_common,5
20120831,0.0024349743837377424,0.954895833761331,pbroe_common,6
20120831,0.02134665856070117,0.9971174752885958,pbroe_common,7
20120831,0.028928508763708782,0.9570015511732871,pbroe_common,8
20120831,0.021530580583622783,0.9552028918603283,pbroe_common,9
20120831,0.03363184657779117,0.9351873209168279,pbroe_common,10
20120831,0.02648547941699797,0.9383744305600622,revision_common,1
20120831,-0.002972288096892761,0.8879255586374633,revision_common,2
20120831,0.027885634094857448,0.9652072268573408,revision_common,3
20120831,0.028064083230348036,0.9749688088872593,revision_common,4
20120831,0.020963061568497476,0.9097764846483246,revision_common,5
20120831,0.010569998573608297,0.9302035503393591,revision_common,6
20120831,0.012260912980158523,0.9241870971215183,revision_common,7
20120831,0.0007991558463060766,0.9818346336438103,revision_common,8
20120831,0.01355572011815842,0.950524156351494,revision_common,9
20120831,0.0149728942554046,1.0433640071969832,revision_common,10
20120831,0.022490891324682183,0.8603451354202852,combined_50_50,1
20120831,0.0015684687210315573,0.9308930093142876,combined_50_50,2
20120831,0.0009028435046496419,0.9596480986538951,combined_50_50,3
20120831,0.022419340828100376,0.975227743983629,combined_50_50,4
20120831,0.016532468770964703,0.9362673724398607,combined_50_50,5
20120831,0.004447525101862526,0.9780278534036355,combined_50_50,6
20120831,0.028687698599602074,0.947157191216738,combined_50_50,7
20120831,0.009540269667503987,0.9726880347369248,combined_50_50,8
20120831,0.027639404194663486,0.9863303915148954,combined_50_50,9
20120831,0.018773766600602038,0.9631004357526443,combined_50_50,10
20120928,-0.01717215169620423,0.8774927798848197,pbroe_common,1
20120928,-0.013290592969001258,0.8607260171570559,pbroe_common,2
20120928,-0.023455614472269848,0.9118268412691969,pbroe_common,3
20120928,-0.026049812829014973,0.9612149923306932,pbroe_common,4
20120928,0.0038522725801388713,1.0259300206929312,pbroe_common,5
20120928,-0.013848343188918588,0.9416721085457356,pbroe_common,6
20120928,-0.016043091098645768,0.9811206287964892,pbroe_common,7
20120928,-0.01708877628200689,0.9406475657637532,pbroe_common,8
20120928,-0.024647973136874057,0.9316590766414905,pbroe_common,9
20120928,-0.008440896188845692,0.9272935018238442,pbroe_common,10
20120928,-0.032273813768352366,0.9080895089431831,revision_common,1
20120928,-0.023036344468354564,0.8674709996064345,revision_common,2
20120928,-0.022158351530752962,0.9438198258246127,revision_common,3
20120928,-0.026606663490052584,0.9490281418758987,revision_common,4
20120928,-0.00954499014861554,0.9010926770649142,revision_common,5
20120928,-0.021493760447613308,0.9102099780608455,revision_common,6
20120928,-0.0018107961667931383,0.9225135826686509,revision_common,7
20120928,-0.002892841105383459,0.9789943420569164,revision_common,8
20120928,-0.012443686330669168,0.9386961319001321,revision_common,9
20120928,-0.00618365952007216,1.036912199420979,revision_common,10
20120928,-0.029798188829073036,0.8347084086168571,combined_50_50,1
20120928,-0.026637386662646922,0.906096452283628,combined_50_50,2
20120928,-0.014162603466968515,0.9460569831648297,combined_50_50,3
20120928,-0.009953487173286035,0.9655208271428553,combined_50_50,4
20120928,-0.028824688273899834,0.9092797572882584,combined_50_50,5
20120928,-0.012600678152793976,0.9657040391984283,combined_50_50,6
20120928,-0.014860272909920202,0.9330821768666638,combined_50_50,7
20120928,-0.0048818650805110275,0.9679395029859117,combined_50_50,8
20120928,-0.0046771259908953144,0.9817172000051312,combined_50_50,9
20120928,-0.012279880835903811,0.9512736771685948,combined_50_50,10
20121031,-0.12012125998332579,0.7720872415387839,pbroe_common,1
20121031,-0.11187504668170156,0.7644322538074552,pbroe_common,2
20121031,-0.11480417805262189,0.8071453102309682,pbroe_common,3
20121031,-0.1386568124135903,0.8279359854499656,pbroe_common,4
20121031,-0.1181606386426508,0.9047054742451864,pbroe_common,5
20121031,-0.1152809751621462,0.8331152295895888,pbroe_common,6
20121031,-0.10322838052151162,0.8798411351895805,pbroe_common,7
20121031,-0.12652359107459643,0.8216334578077455,pbroe_common,8
20121031,-0.11693279553916658,0.8227175763203624,pbroe_common,9
20121031,-0.08935686415551558,0.8444334623490786,pbroe_common,10
20121031,-0.10912807076098274,0.8089914527539254,revision_common,1
20121031,-0.1084661534055642,0.7733797570882448,revision_common,2
20121031,-0.11887962859032652,0.8316188754743961,revision_common,3
20121031,-0.10388918332436237,0.8504343832645744,revision_common,4
20121031,-0.12109981501468925,0.791970520561262,revision_common,5
20121031,-0.12571284559898777,0.7957848916262243,revision_common,6
20121031,-0.12005581340450744,0.8117604641246597,revision_common,7
20121031,-0.11198662798781456,0.8693600668708132,revision_common,8
20121031,-0.11132415547208019,0.8341965777714415,revision_common,9
20121031,-0.12418752736850991,0.9081406372766443,revision_common,10
20121031,-0.10989430232711972,0.7429787104053273,combined_50_50,1
20121031,-0.11357881110756729,0.803183094484469,combined_50_50,2
20121031,-0.11382220547802024,0.8383746908331264,combined_50_50,3
20121031,-0.1268147399037416,0.8430785545770886,combined_50_50,4
20121031,-0.12414370315911738,0.7963984010108706,combined_50_50,5
20121031,-0.11571006010778273,0.8539623667764495,combined_50_50,6
20121031,-0.1225786327151539,0.8187062394154688,combined_50_50,7
20121031,-0.11655185855058092,0.8551243549483781,combined_50_50,8
20121031,-0.10790490108677764,0.8757851026433892,combined_50_50,9
20121031,-0.10495585979944877,0.8514319304767817,combined_50_50,10
20121130,0.15320675848513088,0.8903762250826673,pbroe_common,1
20121130,0.15331384252812086,0.8816302999911079,pbroe_common,2
20121130,0.1639796393734929,0.9395007071246485,pbroe_common,3
20121130,0.16089879525957196,0.9611498880609115,pbroe_common,4
20121130,0.18290830536064462,1.0701836193898717,pbroe_common,5
20121130,0.1825574477015257,0.9852066195447348,pbroe_common,6
20121130,0.1800859167178519,1.0382881325862716,pbroe_common,7
20121130,0.2098062737307287,0.9940173119628826,pbroe_common,8
20121130,0.2240846791635709,1.0070759804523415,pbroe_common,9
20121130,0.20954317948064816,1.0213787349095567,pbroe_common,10
20121130,0.17500185788443479,0.9505664599984903,revision_common,1
20121130,0.19244552059769737,0.9222132270608128,revision_common,2
20121130,0.19384248399095494,0.9928219440301177,revision_common,3
20121130,0.18820776932292493,1.0104927414943174,revision_common,4
20121130,0.18726963697340437,0.9402825524404077,revision_common,5
20121130,0.18387215135819468,0.9421075716678861,revision_common,6
20121130,0.17379265302708613,0.9528384688073832,revision_common,7
20121130,0.1770897108362428,1.0233147897255424,revision_common,8
20121130,0.1687981091534254,0.9750073827615193,revision_common,9
20121130,0.17724972208624346,1.0691083128491534,revision_common,10
20121130,0.14358789322166188,0.8496614581409755,combined_50_50,1
20121130,0.16939309598328434,0.9392367655006281,combined_50_50,2
20121130,0.17621425448058825,0.9861082619536795,combined_50_50,3
20121130,0.1712334653943164,0.9874418170769548,combined_50_50,4
20121130,0.20143866420666967,0.956823831086828,combined_50_50,5
20121130,0.1936219671384931,1.019308240093949,combined_50_50,6
20121130,0.19209356437696679,0.9759744391224485,combined_50_50,7
20121130,0.1745627610976348,1.004397223430001,combined_50_50,8
20121130,0.199246076597698,1.0502818482877967,combined_50_50,9
20121130,0.19489711793728626,1.0173735598464864,combined_50_50,10
20121231,0.032542983377049195,0.9193517237748523,pbroe_common,1
20121231,0.06233421723405064,0.9365860346308749,pbroe_common,2
20121231,0.06831301824817815,1.003680836074631,pbroe_common,3
20121231,0.03685122044771494,0.9965694344691406,pbroe_common,4
20121231,0.05107421490397579,1.1248424075533046,pbroe_common,5
20121231,0.06883302461634777,1.0530213710400462,pbroe_common,6
20121231,0.07050747125364176,1.1114952032475955,pbroe_common,7
20121231,0.0562610322102699,1.0499417519687921,pbroe_common,8
20121231,0.049296158904960086,1.0567209580140886,pbroe_common,9
20121231,0.03337356314421469,1.0554657826132188,pbroe_common,10
20121231,0.04401820110616739,0.9924086855994815,revision_common,1
20121231,0.044399488063741055,0.9631590222279235,revision_common,2
20121231,0.049388370621425315,1.0418558021629611,revision_common,3
20121231,0.04486020385333056,1.0558236518700634,revision_common,4
20121231,0.038481773377450956,0.9764662925341906,revision_common,5
20121231,0.03630295118521931,0.9763088568533708,revision_common,6
20121231,0.052617235325300715,1.0029741947476205,revision_common,7
20121231,0.06779325762850408,1.0926886329004646,revision_common,8
20121231,0.06674207288067602,1.0400813965609859,revision_common,9
20121231,0.08368054629909327,1.1585718805212726,revision_common,10
20121231,0.033340758732846254,0.8779898158214521,combined_50_50,1
20121231,0.03473049650227078,0.9718569246996518,combined_50_50,2
20121231,0.06322490919300416,1.0484548672701721,combined_50_50,3
20121231,0.04073079124287449,1.027661103592801,combined_50_50,4
20121231,0.05625610045439711,1.0106510086456097,combined_50_50,5
20121231,0.06193880680585018,1.0824429762527392,combined_50_50,6
20121231,0.057663431869050985,1.0322524746987212,combined_50_50,7
20121231,0.06181009729240028,1.066479113530426,combined_50_50,8
20121231,0.06325081265328514,1.1167130287069942,combined_50_50,9
20121231,0.05466100088812387,1.072984216904809,combined_50_50,10
20130131,0.04479666183706876,0.9605356120541205,pbroe_common,1
20130131,0.0577425702357679,0.9906669195173875,pbroe_common,2
20130131,0.052174840717860826,1.0560477238283943,pbroe_common,3
20130131,0.04298576927084907,1.0394077382416116,pbroe_common,4
20130131,0.04902143987863017,1.1799838020081126,pbroe_common,5
20130131,0.045104497802954224,1.1005173711565859,pbroe_common,6
20130131,0.055212830795911216,1.172863999834972,pbroe_common,7
20130131,0.05463164849813573,1.107301800705868,pbroe_common,8
20130131,0.04783920366786676,1.1072736471446278,pbroe_common,9
20130131,0.043408245907779364,1.1012817008521403,pbroe_common,10
20130131,0.037306622482150775,1.0294321017811487,revision_common,1
20130131,0.05639157195445699,1.0174730735334738,revision_common,2
20130131,0.04580417822104654,1.0895771510058647,revision_common,3
20130131,0.03534908666811076,1.0931460536462596,revision_common,4
20130131,0.058963999694656266,1.0340426507090188,revision_common,5
20130131,0.04379619881060259,1.0190674736486731,revision_common,6
20130131,0.04069424072896477,1.0437894680736197,revision_common,7
20130131,0.07236649023829589,1.1717626741867528,revision_common,8
20130131,0.05143242073505783,1.093575300547617,revision_common,9
20130131,0.048191764808432014,1.2144055041010164,revision_common,10
20130131,0.050291062387186836,0.9221448564242434,combined_50_50,1
20130131,0.01629413030288629,0.9876924880664704,combined_50_50,2
20130131,0.055934286840748415,1.1070994425556406,combined_50_50,3
20130131,0.06769971824954135,1.0972334707620464,combined_50_50,4
20130131,0.04095650620034785,1.0520437429475915,combined_50_50,5
20130131,0.05713240070799119,1.1442855421155613,combined_50_50,6
20130131,0.07570916309890618,1.110403445664936,combined_50_50,7
20130131,0.05353701627562235,1.1235752231891156,combined_50_50,8
20130131,0.02823049261085786,1.1482383876123556,combined_50_50,9
20130131,0.04479418257203083,1.1210476678137504,combined_50_50,10
20130228,-0.06358716757103089,0.8994578731324925,pbroe_common,1
20130228,-0.023456853702661595,0.9674289905182017,pbroe_common,2
20130228,-0.03264926105360755,1.021568546008053,pbroe_common,3
20130228,-0.014829606683880892,1.0239937302993063,pbroe_common,4
20130228,-0.039096739980925,1.1338502821192982,pbroe_common,5
20130228,-0.01955268113067865,1.0789993059195884,pbroe_common,6
20130228,-0.03288664472778513,1.13429243815839,pbroe_common,7
20130228,-0.04705158277128352,1.0552014983771645,pbroe_common,8
20130228,-0.037351626943083804,1.065915174952574,pbroe_common,9
20130228,-0.06331832373832424,1.031550389590492,pbroe_common,10
20130228,-0.06289430932923012,0.9646866807382857,revision_common,1
20130228,-0.05418317693450658,0.9623431499641134,revision_common,2
20130228,-0.033164970737918575,1.0534413566760505,revision_common,3
20130228,-0.054076638059611715,1.034032390156938,revision_common,4
20130228,-0.05053954407740335,0.9817826065855954,revision_common,5
20130228,-0.03981706303470689,0.9784911998137844,revision_common,6
20130228,-0.05351349173487885,0.9879326490009085,revision_common,7
20130228,-0.014416905598672258,1.1548694823289547,revision_common,8
20130228,-0.020005085027112623,1.0716982336766117,revision_common,9
20130228,0.006057555929211977,1.2217618333628513,revision_common,10
20130228,-0.06712685009063701,0.8602441768852012,combined_50_50,1
20130228,-0.03948621436283439,0.9486922507581165,combined_50_50,2
20130228,-0.047967855506726886,1.0539942564635538,combined_50_50,3
20130228,-0.04461835738640352,1.0482767156272614,combined_50_50,4
20130228,-0.011538395433808524,1.0399048462277982,combined_50_50,5
20130228,-0.038879833099106365,1.099795911220388,combined_50_50,6
20130228,-0.029064545197187153,1.0781300745312952,combined_50_50,7
20130228,-0.03598442979638605,1.083144009449308,combined_50_50,8
20130228,-0.040217601544468407,1.102058993661299,combined_50_50,9
20130228,-0.020872722999591975,1.0976483503741354,combined_50_50,10
20130329,-0.017798146317400176,0.8834491903001428,pbroe_common,1
20130329,-0.015250856101903798,0.9526748701949986,pbroe_common,2
20130329,-0.02343557971491106,0.9976274949138355,pbroe_common,3
20130329,-0.014750841369977286,1.00888896121981,pbroe_common,4
20130329,-0.02876050283047793,1.1012401778710679,pbroe_common,5
20130329,-0.04694926732859339,1.028341079058603,pbroe_common,6
20130329,-0.01855599092147797,1.113244517973622,pbroe_common,7
20130329,-0.026576388998352796,1.0271580528846482,pbroe_common,8
20130329,-0.01848346984339999,1.0462133639607156,pbroe_common,9
20130329,-0.03018146985763237,1.0004166826004377,pbroe_common,10
20130329,-0.03701754261556722,0.9289763504233861,revision_common,1
20130329,-0.03013344907712534,0.9333444316599494,revision_common,2
20130329,-0.026289585599180265,1.025746819955999,revision_common,3
20130329,-0.02934867438730726,1.003684910232293,revision_common,4
20130329,-0.020800063564889282,0.9613614659617122,revision_common,5
20130329,-0.00747582470653918,0.9711761711270853,revision_common,6
20130329,-0.024109739972524524,0.9641138497231293,revision_common,7
20130329,-0.036428296475670696,1.1127995544359712,revision_common,8
20130329,-0.03828745528053201,1.0306656354804933,revision_common,9
20130329,0.00962697892401665,1.2335237087828033,revision_common,10
20130329,-0.023628977804388107,0.8399174863232266,combined_50_50,1
20130329,-0.03031048436194994,0.9199369291272095,combined_50_50,2
20130329,-0.017485999433700994,1.035564113491908,combined_50_50,3
20130329,-0.028366995392830496,1.0185402548646514,combined_50_50,4
20130329,-0.035548949559118914,1.0029373213029629,combined_50_50,5
20130329,-0.019985810172420848,1.0778155989103326,combined_50_50,6
20130329,-0.025612763703569463,1.0505161836906134,combined_50_50,7
20130329,-0.001742066678713572,1.0812571003621982,combined_50_50,8
20130329,-0.04168731719013874,1.0561171108302954,combined_50_50,9
20130329,-0.015428956898181911,1.0807127812868524,combined_50_50,10
20130426,0.15347076065867205,1.0190328095387937,pbroe_common,1
20130426,0.198547425802736,1.1418260132991713,pbroe_common,2
20130426,0.16328608807168443,1.16052618591107,pbroe_common,3
20130426,0.1588280722102018,1.1691288500045054,pbroe_common,4
20130426,0.1726189363009787,1.2913350859870723,pbroe_common,5
20130426,0.15229482767264102,1.1849521064825306,pbroe_common,6
20130426,0.15783296901513455,1.288951205485221,pbroe_common,7
20130426,0.15209501613400467,1.1833836735103116,pbroe_common,8
20130426,0.19713217122046522,1.2524556759581584,pbroe_common,9
20130426,0.18369755463017,1.184190780805365,pbroe_common,10
20130426,0.17479169028728303,1.091353696950801,revision_common,1
20130426,0.16581763855294418,1.088109401274342,revision_common,2
20130426,0.17438603144975917,1.2046227371603362,revision_common,3
20130426,0.13221672488508962,1.1363888418797918,revision_common,4
20130426,0.16408253192448208,1.1191040893913418,revision_common,5
20130426,0.19361503765231336,1.1592104820668854,revision_common,6
20130426,0.1750590940100032,1.1328907467781566,revision_common,7
20130426,0.1420834432041913,1.2709099467263238,revision_common,8
20130426,0.17188508349766818,1.207821684293235,revision_common,9
20130426,0.19639010091033526,1.475775554425949,revision_common,10
20130426,0.15664624125904414,0.9714874035235047,combined_50_50,1
20130426,0.17302524042869472,1.07910923746868,combined_50_50,2
20130426,0.1811082313977963,1.2231132985854543,combined_50_50,3
20130426,0.1657737828512149,1.1873875258998052,combined_50_50,4
20130426,0.16734178150722312,1.170770639389883,combined_50_50,5
20130426,0.1465160326410233,1.235732864381283,combined_50_50,6
20130426,0.17946538942876322,1.2390474796978674,combined_50_50,7
20130426,0.1444349505557847,1.2374284161911036,combined_50_50,8
20130426,0.1861050948040721,1.2526658858655702,combined_50_50,9
20130426,0.19141898525963752,1.2875817252379023,combined_50_50,10
20130531,-0.17103482719600638,0.8447427090522652,pbroe_common,1
20130531,-0.18052976164131407,0.93569243528242,pbroe_common,2
20130531,-0.15781177919782974,0.9773814837067727,pbroe_common,3
20130531,-0.1692232886858862,0.9712850211091948,pbroe_common,4
20130531,-0.1332373293458904,1.119281047839509,pbroe_common,5
20130531,-0.14132532286388444,1.017488367455647,pbroe_common,6
20130531,-0.13779112880193167,1.1113451639108018,pbroe_common,7
20130531,-0.16834326618635798,0.984169000759975,pbroe_common,8
20130531,-0.15407534076426632,1.0594831408927656,pbroe_common,9
20130531,-0.10366204058326589,1.06143514802719,pbroe_common,10
20130531,-0.17402179598187406,0.9014343665559648,revision_common,1
20130531,-0.13282596446460104,0.9435802206070779,revision_common,2
20130531,-0.15672922100835207,1.015823153956248,revision_common,3
20130531,-0.16535606875722797,0.9484800504069703,revision_common,4
20130531,-0.15823558657577153,0.9420219973671582,revision_common,5
20130531,-0.15233511996552562,0.9826220142159316,revision_common,6
20130531,-0.13331203674029268,0.9818627739209294,revision_common,7
20130531,-0.12830589597608277,1.1078447073066873,revision_common,8
20130531,-0.13870708365019324,1.040288260895456,revision_common,9
20130531,-0.18292231942331294,1.2058232670621287,revision_common,10
20130531,-0.14220178854971255,0.833340157188946,combined_50_50,1
20130531,-0.18201781930712368,0.8826921272704578,combined_50_50,2
20130531,-0.16092335364117427,1.026285804693964,combined_50_50,3
20130531,-0.1537344134240476,1.0048452010985676,combined_50_50,4
20130531,-0.184058790499397,0.9552800115515754,combined_50_50,5
20130531,-0.16278001451425417,1.034580250781557,combined_50_50,6
20130531,-0.15642680834737777,1.0452272370578677,combined_50_50,7
20130531,-0.155340440195894,1.0452057413090696,combined_50_50,8
20130531,-0.08663194187081125,1.1441450076577158,combined_50_50,9
20130531,-0.13759237103014577,1.1104203027673336,combined_50_50,10
20130628,0.059175628059578544,0.8947308894091829,pbroe_common,1
20130628,0.050007028910125984,0.9824836339445742,pbroe_common,2
20130628,0.068996288219215,1.0448171782567293,pbroe_common,3
20130628,0.09938132445269177,1.0678126129280872,pbroe_common,4
20130628,0.08859901654241353,1.2184482479126517,pbroe_common,5
20130628,0.07212456606897444,1.0908742744386146,pbroe_common,6
20130628,0.05459562646174421,1.172019749349742,pbroe_common,7
20130628,0.05545450407582697,1.0387456046239216,pbroe_common,8
20130628,0.08706748597553249,1.1517296744037595,pbroe_common,9
20130628,0.06043287506997608,1.1255807257227988,pbroe_common,10
20130628,0.09080175750810104,0.9832861913174482,revision_common,1
20130628,0.12754949329484289,1.0639333996285467,revision_common,2
20130628,0.07231823482712962,1.0892856913468913,revision_common,3
20130628,0.03416865640625688,0.9808883393575152,revision_common,4
20130628,0.057113204160491815,0.995823892026463,revision_common,5
20130628,0.0486961184514918,1.030471892213234,revision_common,6
20130628,0.08608242034311231,1.066383897944845,revision_common,7
20130628,0.05591955948253169,1.1697948953143316,revision_common,8
20130628,0.052158604400665,1.0945482447581578,revision_common,9
20130628,0.07479196314033176,1.296009156405994,revision_common,10
20130628,0.07770718150263844,0.8980966720370647,combined_50_50,1
20130628,0.11153420693053873,0.9811424936493984,combined_50_50,2
20130628,0.073826919530396,1.102053324212293,combined_50_50,3
20130628,0.06735212363490928,1.0725236593169036,combined_50_50,4
20130628,0.036748007363943236,0.9903846484507005,combined_50_50,5
20130628,0.06651406761247425,1.103394391532572,combined_50_50,6
20130628,0.07249805399919729,1.1210041777315207,combined_50_50,7
20130628,0.055540750097541336,1.103257252187632,combined_50_50,8
20130628,0.06727173511061446,1.2211136275409975,combined_50_50,9
20130628,0.06783238943168834,1.1857427651775005,combined_50_50,10
20130731,0.08148430376186377,0.9676374129869233,pbroe_common,1
20130731,-0.0047397574886527405,0.9778268997831067,pbroe_common,2
20130731,0.06158469195620553,1.1091619223302218,pbroe_common,3
20130731,0.04203738420658021,1.1127006619983775,pbroe_common,4
20130731,0.05608313316570701,1.2867826432558593,pbroe_common,5
20130731,0.03169833503295738,1.1254531726686041,pbroe_common,6
20130731,0.06204161343420389,1.2447337455761511,pbroe_common,7
20130731,0.06229258023833384,1.1034517485471738,pbroe_common,8
20130731,0.08358688658290947,1.2479991720723178,pbroe_common,9
20130731,0.10098129921240107,1.2392433297747243,pbroe_common,10
20130731,0.044718282274727406,1.0272570607776235,revision_common,1
20130731,0.030149996776044574,1.0960109881972735,revision_common,2
20130731,0.03976264545799002,1.1325985720943794,revision_common,3
20130731,0.061011095122381676,1.0407334111344915,revision_common,4
20130731,0.06133393465413994,1.0569016895470453,revision_common,5
20130731,0.06434187925276347,1.0967743902753846,revision_common,6
20130731,0.0844714452772124,1.1564628870245934,revision_common,7
20130731,0.041732708457582035,1.2186136046356524,revision_common,8
20130731,0.08840403485321202,1.19131072593628,revision_common,9
20130731,0.06072711761577132,1.3747120568781772,revision_common,10
20130731,0.026251863820941468,0.9216733835694224,combined_50_50,1
20130731,0.0489570386886411,1.0291763246700618,combined_50_50,2
20130731,0.020592132551659814,1.1247469523434699,combined_50_50,3
20130731,0.05936752447271609,1.136196733908967,combined_50_50,4
20130731,0.052027183006181366,1.0419115718021577,combined_50_50,5
20130731,0.08164427335346414,1.1934802248515364,combined_50_50,6
20130731,0.038621982792388376,1.164299581794063,combined_50_50,7
20130731,0.08145781416725262,1.1931261764150058,combined_50_50,8
20130731,0.06132363720656864,1.2959967566243187,combined_50_50,9
20130731,0.1027732725760313,1.307605429588145,combined_50_50,10
20130830,0.07581767366272785,1.0410014305886122,pbroe_common,1
20130830,0.07023307594340666,1.0465026906950794,pbroe_common,2
20130830,0.06940800867996932,1.1861466426628093,pbroe_common,3
20130830,0.08274783502409111,1.2047742328086162,pbroe_common,4
20130830,0.06453257465653905,1.3698220402485066,pbroe_common,5
20130830,0.04792062930090535,1.179385596951584,pbroe_common,6
20130830,0.04475893223734362,1.3004466989479289,pbroe_common,7
20130830,0.07119764934855954,1.1820149192132903,pbroe_common,8
20130830,0.07028596446212476,1.3357159975293538,pbroe_common,9
20130830,0.03751852642377118,1.2857379133883595,pbroe_common,10
20130830,0.09078656159147203,1.1205181971961857,revision_common,1
20130830,0.05475466316467492,1.1560227006807977,revision_common,2
20130830,0.054724876429235625,1.194579888996173,revision_common,3
20130830,0.06901477066626094,1.1125593888286538,revision_common,4
20130830,0.04708195240608126,1.1066626845922063,revision_common,5
20130830,0.058065764313407264,1.160459433526096,revision_common,6
20130830,0.0756730403960788,1.2439759497909715,revision_common,7
20130830,0.06268035350316459,1.2949967361579808,revision_common,8
20130830,0.03603186822487214,1.2342358770280928,revision_common,9
20130830,0.08035843104672113,1.4851817609099185,revision_common,10
20130830,0.09914765976304385,1.0130551426162169,combined_50_50,1
20130830,0.04819197578719159,1.0787743651893122,combined_50_50,2
20130830,0.052810902595394005,1.184145854088147,combined_50_50,3
20130830,0.06778635862628302,1.2132153731837316,combined_50_50,4
20130830,0.07067349083899743,1.1155470997269628,combined_50_50,5
20130830,0.056120798888875445,1.2604592885282793,combined_50_50,6
20130830,0.06364108410946567,1.2383968694076346,combined_50_50,7
20130830,0.05286551763502012,1.2562014093350775,combined_50_50,8
20130830,0.0808586025011071,1.4007892432109286,combined_50_50,9
20130830,0.04343906244049034,1.3644065834915486,combined_50_50,10
20130930,-0.062203973295407056,0.9762470053997976,pbroe_common,1
20130930,-0.06868542364107877,0.9746232100431591,pbroe_common,2
20130930,-0.024952245764779835,1.1565496201220185,pbroe_common,3
20130930,-0.026256034618952984,1.1731416388439706,pbroe_common,4
20130930,-0.049421166808269135,1.3021238366997416,pbroe_common,5
20130930,-0.02454928306275672,1.1504325260918813,pbroe_common,6
20130930,-0.03874091692619608,1.2500662014170412,pbroe_common,7
20130930,-0.03928420244887909,1.13558040582932,pbroe_common,8
20130930,0.01012620727781366,1.3492417345846277,pbroe_common,9
20130930,-0.016087996882054867,1.2650529658466279,pbroe_common,10
20130930,-0.042335437981132595,1.0730805685520561,revision_common,1
20130930,-0.02173500420949359,1.1308965424152304,revision_common,2
20130930,-0.03980703916387873,1.1470272005705204,revision_common,3
20130930,-0.04271890624692287,1.0650320686031487,revision_common,4
20130930,-0.0501927994596465,1.0511161863949956,revision_common,5
20130930,-0.04388821848191049,1.1095289363681087,revision_common,6
20130930,-0.03002448558788995,1.2066262118147908,revision_common,7
20130930,-0.03758324814664593,1.246326552473859,revision_common,8
20130930,-0.020601634527579793,1.208808600568733,revision_common,9
20130930,-0.010054418080929661,1.4702491225595589,revision_common,10
20130930,-0.05015704365731155,0.9622432916007513,combined_50_50,1
20130930,-0.03741599765639392,1.0384109460696112,combined_50_50,2
20130930,-0.06150723764855537,1.111312313630196,combined_50_50,3
20130930,-0.05484517423238855,1.1466763646600575,combined_50_50,4
20130930,-0.03846310924683938,1.0726396897601698,combined_50_50,5
20130930,-0.030365888156884013,1.2221843227465239,combined_50_50,6
20130930,-0.04049749438536632,1.1882448991419436,combined_50_50,7
20130930,-0.013314630335478639,1.2394755519428737,combined_50_50,8
20130930,-0.014374482942017597,1.3806536221290313,combined_50_50,9
20130930,0.0035699023703761323,1.3692773817881119,combined_50_50,10
20131031,0.047566848614902124,1.0226839989164014,pbroe_common,1
20131031,0.04379023479259958,1.017302189245266,pbroe_common,2
20131031,0.04247630383475931,1.2056755731862967,pbroe_common,3
20131031,0.040873495988112074,1.2210920389127469,pbroe_common,4
20131031,0.045227102060783064,1.3610151243579391,pbroe_common,5
20131031,0.0767228081049216,1.238696940028889,pbroe_common,6
20131031,0.06475522703991676,1.331014522104728,pbroe_common,7
20131031,0.07536896161868656,1.2211679218512024,pbroe_common,8
20131031,0.06987385945468372,1.4435184619173875,pbroe_common,9
20131031,0.07643146018065994,1.3617428112321601,pbroe_common,10
20131031,0.045095494838869765,1.1214716677928869,revision_common,1
20131031,0.05983017680462077,1.198558282495668,revision_common,2
20131031,0.05895924362220195,1.21465505673025,revision_common,3
20131031,0.06801203240149567,1.137467064161618,revision_common,4
20131031,0.07201052974420374,1.1268076198000063,revision_common,5
20131031,0.06479275862039735,1.1814183769245536,revision_common,6
20131031,0.053710438291322715,1.2714346345051615,revision_common,7
20131031,0.0404612865038565,1.2967545281908675,revision_common,8
20131031,0.06255617457222762,1.2844270424103208,revision_common,9
20131031,0.05543078735010609,1.551746189023838,revision_common,10
20131031,0.044777814505784885,1.0053304432214856,combined_50_50,1
20131031,0.05732495981431396,1.0979378118237955,combined_50_50,2
20131031,0.040768410618713835,1.1566187503579046,combined_50_50,3
20131031,0.048244748984144215,1.201997478039133,combined_50_50,4
20131031,0.05607140561689028,1.1327841048854876,combined_50_50,5
20131031,0.04541867482793949,1.2776943150811537,combined_50_50,6
20131031,0.06804441439001496,1.2690983274559795,combined_50_50,7
20131031,0.07263198643503199,1.3295011234181422,combined_50_50,8
20131031,0.0730675088427235,1.4815345428726825,combined_50_50,9
20131031,0.07142070697557279,1.46707214044108,combined_50_50,10
20131129,-0.01947417935935536,1.0027680672935606,pbroe_common,1
20131129,-0.00501082520464724,1.012204665794653,pbroe_common,2
20131129,0.010072296879594766,1.2178194954999046,pbroe_common,3
20131129,-0.0027591461316026633,1.21772286753725,pbroe_common,4
20131129,0.013894752337586747,1.3799260924386025,pbroe_common,5
20131129,0.0165935076015431,1.2592512671192664,pbroe_common,6
20131129,0.001226039979016269,1.3326463991214796,pbroe_common,7
20131129,0.00693837146044185,1.2296408385085817,pbroe_common,8
20131129,0.007318594049702254,1.4540829875434114,pbroe_common,9
20131129,-0.007021605083272764,1.3521811909867023,pbroe_common,10
20131129,-0.026300441901718208,1.091976467349677,revision_common,1
20131129,-0.0164349147330074,1.178860079320312,revision_common,2
20131129,-0.014834194561518577,1.1966366272935811,revision_common,3
20131129,0.006289145984956335,1.1446207605812102,revision_common,4
20131129,0.009622788845207841,1.137650651594513,revision_common,5
20131129,0.023617789706059655,1.2093208677056322,revision_common,6
20131129,-0.0010131778832399574,1.2701464450534956,revision_common,7
20131129,0.010569446676962801,1.3104605060296908,revision_common,8
20131129,0.01980907160493195,1.309870349664738,revision_common,9
20131129,0.0016748070463594722,1.5543450644753765,revision_common,10
20131129,-0.02781655007446482,0.9773656186062312,combined_50_50,1
20131129,-0.008537330980605717,1.0885643533281337,combined_50_50,2
20131129,-0.008591767531062056,1.146681350932762,combined_50_50,3
20131129,-0.013116713993521989,1.1862312208987589,combined_50_50,4
20131129,0.03068590053097875,1.1675446052510776,combined_50_50,5
20131129,0.012237559384259189,1.2933301751368897,combined_50_50,6
20131129,0.0033985644505880597,1.2734114399159722,combined_50_50,7
20131129,0.009841200438547748,1.3425850104569745,combined_50_50,8
20131129,0.02381157324699168,1.5168122111582436,combined_50_50,9
20131129,0.002417569268582165,1.4706188889626033,combined_50_50,10
20131231,0.013755908024550623,1.0165620525972072,pbroe_common,1
20131231,0.0009193911021658785,1.0131352777579554,pbroe_common,2
20131231,0.012716902294177324,1.2333063870361214,pbroe_common,3
20131231,0.045951449739972006,1.2736789986821024,pbroe_common,4
20131231,0.06073519427499585,1.463736171747997,pbroe_common,5
20131231,0.03989925485070578,1.3094944543471323,pbroe_common,6
20131231,0.033142081257917066,1.3768130743692342,pbroe_common,7
20131231,0.03540087802541447,1.2731712038476926,pbroe_common,8
20131231,0.03001928058096137,1.4977335127344795,pbroe_common,9
20131231,-0.013626543064226282,1.3337556357570852,pbroe_common,10
20131231,0.007431314938768363,1.1000912883842762,revision_common,1
20131231,-0.004059858017689932,1.1740740747755487,revision_common,2
20131231,0.04250722486638492,1.2475023294933019,revision_common,3
20131231,0.0058270352376339485,1.1512905060868444,revision_common,4
20131231,0.03559313444834489,1.1781432041919637,revision_common,5
20131231,0.011904337947452603,1.2237170320017068,revision_common,6
20131231,0.033268825069275865,1.312402724946343,revision_common,7
20131231,0.05003218944717647,1.376025714330411,revision_common,8
20131231,0.053879706448262565,1.380445779589957,revision_common,9
20131231,0.030611100546000802,1.6019252775272124,revision_common,10
20131231,-0.016547910488885265,0.9611922598346213,combined_50_50,1
20131231,0.03752545219746173,1.1294132229328095,combined_50_50,2
20131231,0.02624964766743143,1.1767813323815612,combined_50_50,3
20131231,0.015647956680150843,1.204793315656025,combined_50_50,4
20131231,0.012759577381835197,1.182441980988523,combined_50_50,5
20131231,0.03591196090465032,1.3397761978232103,combined_50_50,6
20131231,0.05339199982794862,1.3414014232968736,combined_50_50,7
20131231,0.022458399349428282,1.3727373207823736,combined_50_50,8
20131231,0.0715435927021888,1.6253304061990552,combined_50_50,9
20131231,0.006558100564544755,1.4802633555285392,combined_50_50,10
20140130,0.033347501033712756,1.0504618566970259,pbroe_common,1
20140130,0.00853286718231061,1.0217802265207774,pbroe_common,2
20140130,-0.012602854856516466,1.2177632056466905,pbroe_common,3
20140130,-0.010220252854603373,1.2606616772599732,pbroe_common,4
20140130,0.005710632961765549,1.4720950317777097,pbroe_common,5
20140130,0.02649723589640529,1.3441924378090027,pbroe_common,6
20140130,-0.007522472035202177,1.3664560365195908,pbroe_common,7
20140130,0.030649746902011277,1.3121935790085533,pbroe_common,8
20140130,0.021797525718628252,1.5303803974979606,pbroe_common,9
20140130,0.04418649395606611,1.3926896210953348,pbroe_common,10
20140130,0.059053334634665555,1.165055347365913,revision_common,1
20140130,0.02725454387219073,1.2060729281557208,revision_common,2
20140130,0.007180214412877861,1.2564596636996284,revision_common,3
20140130,0.004994085245938695,1.157040149017082,revision_common,4
20140130,-0.0019568706863567487,1.17583773029135,revision_common,5
20140130,0.015329510850918826,1.2424760155222312,revision_common,6
20140130,-0.0035531197370310963,1.3077396009214028,revision_common,7
20140130,0.013344844670299949,1.394388563750489,revision_common,8
20140130,0.004578082195613398,1.3867655738355074,revision_common,9
20140130,0.012125039638788193,1.6213486850156067,revision_common,10
20140130,0.04176102538958992,1.0013326342018523,combined_50_50,1
20140130,0.0009613125406304768,1.1304989420275688,combined_50_50,2
20140130,0.02167432464538721,1.2022872730162304,combined_50_50,3
20140130,-0.007522513310899037,1.1957302419021205,combined_50_50,4
20140130,0.02234803609710978,1.2088672370623925,combined_50_50,5
20140130,-0.010483571910098521,1.3257305577098923,combined_50_50,6
20140130,0.001010463198327649,1.3427568600692994,combined_50_50,7
20140130,0.03352366511264249,1.4187565070119081,combined_50_50,8
20140130,0.024548156492306017,1.665229271362133,combined_50_50,9
20140130,0.012089094116141341,1.498158398550199,combined_50_50,10
20140228,-0.06613892659714604,0.9809854370638396,pbroe_common,1
20140228,-0.029248177382892315,0.9918950172091658,pbroe_common,2
20140228,-0.05687534034615316,1.1485025088645124,pbroe_common,3
20140228,-0.07201218421858324,1.16987867631982,pbroe_common,4
20140228,-0.05703474558068977,1.3881344661696706,pbroe_common,5
20140228,-0.06050149696618612,1.262866783110931,pbroe_common,6
20140228,-0.058096583715666394,1.2870696090001528,pbroe_common,7
20140228,-0.0570081630558269,1.2373878334956245,pbroe_common,8
20140228,-0.023499313466199934,1.4944175088146283,pbroe_common,9
20140228,0.0054154601856899465,1.4002316762894003,pbroe_common,10
20140228,-0.04115634513078492,1.117105927393255,revision_common,1
20140228,-0.054268072894825714,1.1406216745740902,revision_common,2
20140228,-0.049761704138776564,1.1939360896523008,revision_common,3
20140228,-0.03736294016904551,1.1138097271561733,revision_common,4
20140228,-0.047607578549627494,1.1198589431848889,revision_common,5
20140228,-0.05427090297864834,1.1750457202305267,revision_common,6
20140228,-0.05179867016960238,1.2400004286655477,revision_common,7
20140228,-0.04243609672937776,1.335216155780835,revision_common,8
20140228,-0.06478997940563036,1.2969170608662677,revision_common,9
20140228,-0.03456040871833166,1.5653142117865377,revision_common,10
20140228,-0.06703479877723073,0.9342085025590567,combined_50_50,1
20140228,-0.06689482799075352,1.0548744097569058,combined_50_50,2
20140228,-0.041274558274171924,1.1526633969038267,combined_50_50,3
20140228,-0.032064026041576654,1.1573903162870702,combined_50_50,4
20140228,-0.05216176311491616,1.1458105906053608,combined_50_50,5
20140228,-0.05193610810531979,1.2568772721461454,combined_50_50,6
20140228,-0.04092919886047708,1.2877988975222532,combined_50_50,7
20140228,-0.046713232705667074,1.3524818041471816,combined_50_50,8
20140228,-0.05350373739808145,1.576133281719575,combined_50_50,9
20140228,-0.027019374729216894,1.4576790953760477,combined_50_50,10
20140331,-0.04086662501076899,0.9408958730663263,pbroe_common,1
20140331,-0.04544082450667142,0.9468224898031223,pbroe_common,2
20140331,-0.02594271121179581,1.1187072399510174,pbroe_common,3
20140331,4.9349378425489476e-05,1.1699364091053295,pbroe_common,4
20140331,-0.013101988795738873,1.3699471439469366,pbroe_common,5
20140331,-0.02845815166699006,1.2269279286619563,pbroe_common,6
20140331,-0.008748364781953843,1.2758098545608527,pbroe_common,7
20140331,-0.00015718517003304733,1.2371933344786197,pbroe_common,8
20140331,0.002763492070050777,1.4985473197495824,pbroe_common,9
20140331,-0.0032598269144483716,1.395667163384569,pbroe_common,10
20140331,-0.00829168296862115,1.1078432392009427,revision_common,1
20140331,-0.022439145191293197,1.1150270992099862,revision_common,2
20140331,-0.03246087034809375,1.1551798850421875,revision_common,3
20140331,-0.00585241685205895,1.1072912483389774,revision_common,4
20140331,-0.025532589820275287,1.0912660441319821,revision_common,5
20140331,-0.005707682635382794,1.168338932177386,revision_common,6
20140331,-0.007044640334605612,1.2312650716308422,revision_common,7
20140331,-0.0161680592133141,1.3136283019115969,revision_common,8
20140331,-0.013164343075446339,1.2798439997366247,revision_common,9
20140331,-0.026883488090111984,1.5232331058166912,revision_common,10
20140331,-0.02158913574214394,0.9140397483858442,combined_50_50,1
20140331,-0.029884861155454745,1.0233496344848785,combined_50_50,2
20140331,-0.026998241169559845,1.121543512526893,combined_50_50,3
20140331,-0.03366729108298949,1.1184241196120002,combined_50_50,4
20140331,-0.026314645743940268,1.1156589908239258,combined_50_50,5
20140331,-0.00047134571038986994,1.2562848484354328,combined_50_50,6
20140331,-0.020033263786927158,1.262000082503676,combined_50_50,7
20140331,-0.014407006667613187,1.3329965897770075,combined_50_50,8
20140331,0.009769031608141798,1.5915305775673376,combined_50_50,9
20140331,0.0012012891809334292,1.4594301895025956,combined_50_50,10
20140430,0.025045418973320688,0.9644610044175408,pbroe_common,1
20140430,0.06120583204955965,1.0047735480947582,pbroe_common,2
20140430,0.032050856208378775,1.1545627648379597,pbroe_common,3
20140430,0.0356748917023515,1.2116737637988,pbroe_common,4
20140430,0.07528983106672094,1.4730902329850384,pbroe_common,5
20140430,0.03548183946268968,1.2704615884590302,pbroe_common,6
20140430,0.03502473883049806,1.3204947615142222,pbroe_common,7
20140430,0.021905359948048986,1.2642944997957009,pbroe_common,8
20140430,0.00870556851111881,1.5115930261088157,pbroe_common,9
20140430,0.030080134388029922,1.4376490192201374,pbroe_common,10
20140430,0.018223596085787053,1.1280321269185107,revision_common,1
20140430,0.06839536863451756,1.1912897886979301,revision_common,2
20140430,0.04575031165189003,1.208029724796862,revision_common,3
20140430,0.04898527336118286,1.1615322128293075,revision_common,4
20140430,0.02277358599008039,1.1161180852260766,revision_common,5
20140430,0.038405297901838775,1.2132093369179748,revision_common,6
20140430,0.02109722525669322,1.2572413481977367,revision_common,7
20140430,0.03187973012919021,1.355506417666605,revision_common,8
20140430,0.027360071797118746,1.3148606234585303,revision_common,9
20140430,0.02729920771148442,1.5648161627653907,revision_common,10
20140430,0.05213843143756791,0.9616963471382713,combined_50_50,1
20140430,0.0513432033215484,1.0758916828372678,combined_50_50,2
20140430,0.03289494362606149,1.1584366231456402,combined_50_50,3
20140430,0.03847012436356967,1.1614500345846897,combined_50_50,4
20140430,0.03964745503236733,1.1598920304940736,combined_50_50,5
20140430,0.04802038628323135,1.316612132139073,combined_50_50,6
20140430,0.0349210405936724,1.3060704386140047,combined_50_50,7
20140430,0.01993236079352334,1.359566358740979,combined_50_50,8
20140430,0.0196547318694984,1.6228116843315314,combined_50_50,9
20140430,0.021273700665749518,1.490477670496632,combined_50_50,10
20140530,0.0559969552860593,1.0184678841570576,pbroe_common,1
20140530,0.04592916357560162,1.05092195674164,pbroe_common,2
20140530,0.025336539264965596,1.1838153896631438,pbroe_common,3
20140530,0.06024563395366789,1.2846718178438856,pbroe_common,4
20140530,0.0682282165614343,1.5735965524156754,pbroe_common,5
20140530,0.04738932219534808,1.330667902011329,pbroe_common,6
20140530,0.052080090788775735,1.3892662485799856,pbroe_common,7
20140530,0.04291618083734727,1.3185531911805968,pbroe_common,8
20140530,0.029714044748443857,1.5565085689280487,pbroe_common,9
20140530,0.015650231478703258,1.4601485591560632,pbroe_common,10
20140530,0.059652152903344025,1.1953216718333382,revision_common,1
20140530,0.0669724904352822,1.2710734326771516,revision_common,2
20140530,0.035704410371927287,1.2511617138324955,revision_common,3
20140530,0.031881478312403955,1.1985635768817837,revision_common,4
20140530,0.04086124787400136,1.1617240629631551,revision_common,5
20140530,0.015655004185558985,1.232202134165385,revision_common,6
20140530,0.060120042037463683,1.3328267509026221,revision_common,7
20140530,0.062034637566481976,1.439594767005593,revision_common,8
20140530,0.04495755824471459,1.373973546521349,revision_common,9
20140530,0.02868186834245723,1.609698013925977,revision_common,10
20140530,0.057494022705057324,1.0169881387560098,combined_50_50,1
20140530,0.04788618908766695,1.1274120353994614,combined_50_50,2
20140530,0.05915335461348903,1.226962035511827,combined_50_50,3
20140530,0.06517001024460578,1.2371417452371716,combined_50_50,4
20140530,0.03461061095731499,1.2000366023139941,combined_50_50,5
20140530,0.02387759627830821,1.3480496650854124,combined_50_50,6
20140530,0.03903792949451379,1.357056724311487,combined_50_50,7
20140530,0.02160839233933709,1.388944402032018,combined_50_50,8
20140530,0.09650910281849723,1.7794277840297419,combined_50_50,9
20140530,-0.0015261421455213808,1.4882029897067286,combined_50_50,10
20140630,0.06250011318497739,1.0821222421921382,pbroe_common,1
20140630,0.04483740547580539,1.0980425706394916,pbroe_common,2
20140630,0.044256678452263554,1.2362071267103067,pbroe_common,3
20140630,0.035563476153072315,1.3303592134023008,pbroe_common,4
20140630,0.023737677244198396,1.6109500794895022,pbroe_common,5
20140630,0.03862482742396689,1.3820647200851286,pbroe_common,6
20140630,0.05638110164501953,1.4675946101531687,pbroe_common,7
20140630,0.05973149360650298,1.3973123426894347,pbroe_common,8
20140630,0.05791351968758507,1.646651458578558,pbroe_common,9
20140630,0.07826119544100729,1.574421530917081,pbroe_common,10
20140630,0.05641976258512771,1.2627614367710331,revision_common,1
20140630,0.08983870025861185,1.385265017802119,revision_common,2
20140630,0.0787116131807093,1.349642670678192,revision_common,3
20140630,0.03378551662261198,1.2390576665317805,revision_common,4
20140630,0.04287713101187807,1.2115354578104776,revision_common,5
20140630,0.051025719245190615,1.2950761343166326,revision_common,6
20140630,0.013970269605248387,1.351446699949819,revision_common,7
20140630,0.06750369207801832,1.536772728874665,revision_common,8
20140630,0.03936300499913248,1.4280572741017445,revision_common,9
20140630,0.0326596829050152,1.662270240633632,revision_common,10
20140630,0.08319723956259217,1.1015987445684083,combined_50_50,1
20140630,0.05278448776144429,1.1869219021841093,combined_50_50,2
20140630,0.0343441604727035,1.26910101655336,combined_50_50,3
20140630,0.03423403757933019,1.2794941022345792,combined_50_50,4
20140630,0.026570733270274705,1.231922454788646,combined_50_50,5
20140630,0.04780407448727497,1.4124919316877014,combined_50_50,6
20140630,0.06817844200490497,1.4495787374873241,combined_50_50,7
20140630,0.05135025866706666,1.4602670563505364,combined_50_50,8
20140630,0.04451668414371257,1.8586420086479405,combined_50_50,9
20140630,0.058345704763944406,1.5750332419729767,combined_50_50,10
20140731,0.05238724084415369,1.1388116407166733,pbroe_common,1
20140731,0.07097290105620968,1.1759738373609945,pbroe_common,2
20140731,0.03971531253816396,1.2853034791095121,pbroe_common,3
20140731,0.049134356350664765,1.3957255570679994,pbroe_common,4
20140731,0.05300251115003185,1.6963344790397894,pbroe_common,5
20140731,0.030327233493260275,1.4239789195539478,pbroe_common,6
20140731,0.03679574919408757,1.5215958533469596,pbroe_common,7
20140731,0.04599768091604095,1.4615854699685091,pbroe_common,8
20140731,0.04772532087114367,1.7252384278021566,pbroe_common,9
20140731,0.06159797027591574,1.6714027015802733,pbroe_common,10
20140731,0.07645612830197845,1.35930728719559,revision_common,1
20140731,0.054856948910167125,1.4612564301107316,revision_common,2
20140731,0.055954206455973265,1.4251608553151107,revision_common,3
20140731,0.023051753867240565,1.2676201188879885,revision_common,4
20140731,0.056480942798349254,1.279964122701243,revision_common,5
20140731,0.027139605923108157,1.3302239902424082,revision_common,6
20140731,0.08545447520308214,1.466933868458968,revision_common,7
20140731,0.02435895370682295,1.5742069046352312,revision_common,8
20140731,0.05485076288753388,1.5063873050333174,revision_common,9
20140731,0.030314738340218916,1.7126615280291735,revision_common,10
20140731,0.05435365386555513,1.1614746614294096,combined_50_50,1
20140731,0.06292805036423244,1.2616125834231615,combined_50_50,2
20140731,0.04544276005953263,1.3267724695399032,combined_50_50,3
20140731,0.07649841072654984,1.3773733675895181,combined_50_50,4
20140731,0.030970524856476223,1.270075739795929,combined_50_50,5
20140731,0.036731605890033325,1.4643750286453059,combined_50_50,6
20140731,0.041410674602269326,1.50960677089578,combined_50_50,7
20140731,0.03331458780681551,1.5089152514207265,combined_50_50,8
20140731,0.06540025854760523,1.9801976765609561,combined_50_50,9
20140731,0.03269141970677447,1.626523314738437,combined_50_50,10
20140829,0.10352607239832734,1.2567083370815655,pbroe_common,1
20140829,0.13587477867342912,1.3357590222381628,pbroe_common,2
20140829,0.10383626884607611,1.4187645967151246,pbroe_common,3
20140829,0.09173802586968693,1.5237666643292866,pbroe_common,4
20140829,0.089879156176921,1.8487995906097026,pbroe_common,5
20140829,0.10759237885194106,1.577188198943774,pbroe_common,6
20140829,0.0895517001759778,1.6578573489948976,pbroe_common,7
20140829,0.0941463517448542,1.5991884097293325,pbroe_common,8
20140829,0.12023900157702982,1.9326793738434125,pbroe_common,9
20140829,0.12720683414351397,1.8840165478272164,pbroe_common,10
20140829,0.11324809635105804,1.5132462498266115,revision_common,1
20140829,0.11908844511180483,1.6352751862822452,revision_common,2
20140829,0.11596734596010871,1.5904329772722428,revision_common,3
20140829,0.1184391283054198,1.4177559407914946,revision_common,4
20140829,0.10388580400448633,1.4129342246849588,revision_common,5
20140829,0.07589581149639502,1.4311824194538285,revision_common,6
20140829,0.11926015667805245,1.6418806314477261,revision_common,7
20140829,0.10251126114371845,1.7355808397305381,revision_common,8
20140829,0.08413411574750773,1.6331258689155668,revision_common,9
20140829,0.10884722693527382,1.8990799860338776,revision_common,10
20140829,0.1306928468391786,1.3132710914631902,combined_50_50,1
20140829,0.1174751831250389,1.4098207526936508,combined_50_50,2
20140829,0.09972159439921868,1.4590803356074111,combined_50_50,3
20140829,0.0764994107024537,1.4827416185273703,combined_50_50,4
20140829,0.09787682042573964,1.3943867149070237,combined_50_50,5
20140829,0.1084801596129048,1.6232306654859008,combined_50_50,6
20140829,0.09909362650017228,1.6591991804130577,combined_50_50,7
20140829,0.13026832057449345,1.7054791071125441,combined_50_50,8
20140829,0.09338055276006774,2.16510963017242,combined_50_50,9
20140829,0.10718704520599887,1.800865542803917,combined_50_50,10
20140930,0.005165756470772331,1.263200186305718,pbroe_common,1
20140930,0.005964463294069633,1.3437261078960245,pbroe_common,2
20140930,0.013850755864311504,1.4384155587731542,pbroe_common,3
20140930,0.004989214558647426,1.53136906315494,pbroe_common,4
20140930,0.016794322442714282,1.87984892706636,pbroe_common,5
20140930,-0.0002904573767336105,1.5767300929968935,pbroe_common,6
20140930,-0.005681737756547234,1.648437838300144,pbroe_common,7
20140930,0.02125577563012193,1.6331803997568308,pbroe_common,8
20140930,0.03267379586192476,1.9958273451709247,pbroe_common,9
20140930,0.006630903412992772,1.8965092795843388,pbroe_common,10
20140930,-0.008116246917187264,1.5009643696165111,revision_common,1
20140930,0.011376511880829554,1.6538789138674108,revision_common,2
20140930,0.0038276447875722486,1.5965205897676817,revision_common,3
20140930,0.026910705246285582,1.4559087530253048,revision_common,4
20140930,0.004708300174130153,1.4195867431410774,revision_common,5
20140930,0.0048335246835382595,1.4381000750049047,revision_common,6
20140930,0.028586512226037808,1.6888162721923012,revision_common,7
20140930,0.001407084228980393,1.7380229481582437,revision_common,8
20140930,0.008246642737212762,1.6465936745014136,revision_common,9
20140930,0.012798324882123069,1.923385028672277,revision_common,10
20140930,0.011585338378287346,1.328485781440214,combined_50_50,1
20140930,-0.009558562292245498,1.3963448932081282,combined_50_50,2
20140930,0.01284691051482234,1.4778250101128965,combined_50_50,3
20140930,-0.005803912955364865,1.4741359152381406,combined_50_50,4
20140930,0.0003383830905057117,1.3948585517929741,combined_50_50,5
20140930,0.0177261483474751,1.6520042930644745,combined_50_50,6
20140930,0.03483059018366563,1.716990067099099,combined_50_50,7
20140930,0.0012378389950700175,1.7075902156566052,combined_50_50,8
20140930,0.015190114841914237,2.1979978941000735,combined_50_50,9
20140930,0.013042046614831992,1.8243525151602105,combined_50_50,10
20141031,0.0481747284514038,1.3240545122607588,pbroe_common,1
20141031,0.03670485776893706,1.3930473835667554,pbroe_common,2
20141031,0.0813430546925693,1.5554206742410817,pbroe_common,3
20141031,0.02727057029406943,1.57313037083787,pbroe_common,4
20141031,0.009715889414383616,1.8981133313574847,pbroe_common,5
20141031,0.031847426919746624,1.6269448894057774,pbroe_common,6
20141031,0.024924140454825272,1.6895237345129852,pbroe_common,7
20141031,0.048905389738783,1.7130517237206802,pbroe_common,8
20141031,0.025925237578501292,2.0475696432601507,pbroe_common,9
20141031,0.04493463306596723,1.981728228168663,pbroe_common,10
20141031,0.029981708808102914,1.5459658462776913,revision_common,1
20141031,0.02978654527428004,1.7031422530134996,revision_common,2
20141031,0.03625566606643704,1.65440350713849,revision_common,3
20141031,0.037484440585557444,1.5104826781760747,revision_common,4
20141031,0.02553920823963418,1.4558418645883815,revision_common,5
20141031,0.03868512816488856,1.4937331607204054,revision_common,6
20141031,0.03451966432869691,1.7471136430212206,revision_common,7
20141031,0.04148189612786268,1.8101194355615857,revision_common,8
20141031,0.06435097267426793,1.7525535790548763,revision_common,9
20141031,0.03761151325814627,1.9957264501787042,revision_common,10
20141031,0.04236056453742232,1.3847611891219602,combined_50_50,1
20141031,0.020018069296981134,1.4242970220428541,combined_50_50,2
20141031,0.03714641326065826,1.5327209086654865,combined_50_50,3
20141031,0.0472331616731112,1.5437640152507235,combined_50_50,4
20141031,0.012104125317317083,1.4117420945038077,combined_50_50,5
20141031,0.07566632160679188,1.7770053811992919,combined_50_50,6
20141031,0.03503025449293906,1.777136666111429,combined_50_50,7
20141031,0.0314052975877015,1.7612175945371482,combined_50_50,8
20141031,0.04397289459754217,2.2946502238229556,combined_50_50,9
20141031,0.024101392790103704,1.8683219517157001,combined_50_50,10
20141128,-0.04293338609544817,1.2672083686744473,pbroe_common,1
20141128,-0.03309857057126808,1.3469395064326508,pbroe_common,2
20141128,-0.041023743444800975,1.4916114955522761,pbroe_common,3
20141128,-0.009195947996842202,1.558663945755392,pbroe_common,4
20141128,0.0024922063152914564,1.9028438213890329,pbroe_common,5
20141128,-0.03578051231152923,1.5687319677602145,pbroe_common,6
20141128,-0.06137398615865053,1.5858309282162737,pbroe_common,7
20141128,-0.024094568442549757,1.6717764817178644,pbroe_common,8
20141128,-0.05453791627441951,1.9358994614899856,pbroe_common,9
20141128,0.0685027864467278,2.117482133778353,pbroe_common,10
20141128,-0.04396722393190933,1.4779940197233163,revision_common,1
20141128,-0.01767331144179174,1.6730420895463172,revision_common,2
20141128,-0.04843587512344594,1.574271025462939,revision_common,3
20141128,-0.03366360933697565,1.4596343793876867,revision_common,4
20141128,-0.023875437803638988,1.4210830026984678,revision_common,5
20141128,0.0015177505638126476,1.4960002750672743,revision_common,6
20141128,-0.10376876648494493,1.5658178153758902,revision_common,7
20141128,0.023140067621927773,1.8520057217042465,revision_common,8
20141128,-0.013485885304387213,1.728918842497949,revision_common,9
20141128,0.016318936568948006,2.028294583528142,revision_common,10
20141128,-0.03290458867894552,1.3391961917753346,combined_50_50,1
20141128,-0.017894396548216784,1.398810086327975,combined_50_50,2
20141128,-0.016628805009942016,1.507233591540627,combined_50_50,3
20141128,-0.06080254401758667,1.449899235760675,combined_50_50,4
20141128,-0.040475098961871625,1.3546016935201262,combined_50_50,5
20141128,-0.02502888897418465,1.732528910806726,combined_50_50,6
20141128,-0.032940296438439765,1.7185972575180979,combined_50_50,7
20141128,-0.038065501347163244,1.6941759638196467,combined_50_50,8
20141128,-0.024557376826691124,2.238299633591084,combined_50_50,9
20141128,0.053905581855553386,1.969034933616438,combined_50_50,10
20141231,0.058187115240101006,1.3409435680557278,pbroe_common,1
20141231,0.0639744989761295,1.4331092865078348,pbroe_common,2
20141231,0.08940214656350509,1.6249647650934498,pbroe_common,3
20141231,0.06288807523462436,1.6566853212415535,pbroe_common,4
20141231,0.06300916569362491,2.022740423020025,pbroe_common,5
20141231,0.0747085130885996,1.6859296005061333,pbroe_common,6
20141231,0.10273004090011573,1.7487434043326,pbroe_common,7
20141231,0.0825788019296505,1.809829780672292,pbroe_common,8
20141231,0.08236014302092731,2.095340418012437,pbroe_common,9
20141231,0.08972836347078372,2.307480340320908,pbroe_common,10
20141231,0.05085477728389498,1.5531570764232743,revision_common,1
20141231,0.06405063178200998,1.780201492379653,revision_common,2
20141231,0.07851505773991363,1.6978750059254346,revision_common,3
20141231,0.06870150659088003,1.5599134603234648,revision_common,4
20141231,0.10546000233744524,1.570950419484752,revision_common,5
20141231,0.07801657572298093,1.6127130938086607,revision_common,6
20141231,0.0838997972903548,1.6971896126795534,revision_common,7
20141231,0.08410083501057919,2.007760949343944,revision_common,8
20141231,0.08163655885322663,1.870061827335985,revision_common,9
20141231,0.06251859758531841,2.155100716380219,revision_common,10
20141231,0.058846716317136005,1.4180034901657266,combined_50_50,1
20141231,0.0752894177064849,1.5041256832095662,combined_50_50,2
20141231,0.06978545019212845,1.6124165662709884,combined_50_50,3
20141231,0.07625205301143945,1.5604570291471436,combined_50_50,4
20141231,0.07811169497939585,1.4604119278229433,combined_50_50,5
20141231,0.059146993705615936,1.8350027873890091,combined_50_50,6
20141231,0.08454033666383243,1.863888048258217,combined_50_50,7
20141231,0.08974424859334174,1.8462185126775414,combined_50_50,8
20141231,0.0733992720462926,2.4025891973181532,combined_50_50,9
20141231,0.10216645687887405,2.1702042562547588,combined_50_50,10
20150130,0.08187957497020415,1.4507394574671597,pbroe_common,1
20150130,0.11916534909574339,1.6038862549268926,pbroe_common,2
20150130,0.09697705037176463,1.78254905497026,pbroe_common,3
20150130,0.11723698558415929,1.8509101143654378,pbroe_common,4
20150130,0.09656512052720623,2.218066595764206,pbroe_common,5
20150130,0.10162797388843026,1.8572672099241023,pbroe_common,6
20150130,0.0864062260174212,1.8998457221738374,pbroe_common,7
20150130,0.10908589587187234,2.0072566836725234,pbroe_common,8
20150130,0.07805356292799659,2.2588892031853454,pbroe_common,9
20150130,0.07653798996221806,2.484090247446405,pbroe_common,10
20150130,0.14419235173682332,1.7771104478894353,revision_common,1
20150130,0.0700239168068395,1.9048581735814571,revision_common,2
20150130,0.08636704005674534,1.8445154445735434,revision_common,3
20150130,0.10594845529455688,1.7251838818379228,revision_common,4
20150130,0.06926955638528254,1.679769458145734,revision_common,5
20150130,0.1104633494291909,1.7908587838190781,revision_common,6
20150130,0.09141190898284468,1.8523329550804462,revision_common,7
20150130,0.09712666186216823,2.2027680681709394,revision_common,8
20150130,0.08041187512031711,2.0204370054629983,revision_common,9
20150130,0.10949815124634021,2.3910802605735166,revision_common,10
20150130,0.12776844664949927,1.59917959344777,combined_50_50,1
20150130,0.0963817778196534,1.649095990621505,combined_50_50,2
20150130,0.08335268912502247,1.7468158230594102,combined_50_50,3
20150130,0.10200328442812912,1.719628771329113,combined_50_50,4
20150130,0.07939357621610532,1.5763592535214634,combined_50_50,5
20150130,0.10095952204398317,2.0202637917531803,combined_50_50,6
20150130,0.08126927694451425,2.015364882245684,combined_50_50,7
20150130,0.10973560421290829,2.048814416675268,combined_50_50,8
20150130,0.10975439240254059,2.666283914862715,combined_50_50,9
20150130,0.0721022895800536,2.3266809519871043,combined_50_50,10
20150227,0.17346718031427644,1.7023951405246511,pbroe_common,1
20150227,0.17945833910561548,1.8917170183503986,pbroe_common,2
20150227,0.24572522331145108,2.2205663195664433,pbroe_common,3
20150227,0.2093050777462213,2.238314999753963,pbroe_common,4
20150227,0.23902386242488127,2.7482374405993744,pbroe_common,5
20150227,0.15406647963402964,2.1434098306968252,pbroe_common,6
20150227,0.2032239965406839,2.2859399626447265,pbroe_common,7
20150227,0.20329641390943376,2.41532476925889,pbroe_common,8
20150227,0.211296424117841,2.736184414296808,pbroe_common,9
20150227,0.17627762346668452,2.9219797727430254,pbroe_common,10
20150227,0.18725153734842093,2.109877111294673,revision_common,1
20150227,0.21717816673121182,2.3185517796028425,revision_common,2
20150227,0.16998731315790727,2.158059669074863,revision_common,3
20150227,0.16641762117289494,2.0122848795392105,revision_common,4
20150227,0.20418466933221335,2.022752629511572,revision_common,5
20150227,0.22520764306383678,2.194173869583142,revision_common,6
20150227,0.22120790494474152,2.2620836473338937,revision_common,7
20150227,0.20004969432046926,2.6434311468674263,revision_common,8
20150227,0.1945844998312245,2.413582729611513,revision_common,9
20150227,0.21218719503321104,2.8984368741638904,revision_common,10
20150227,0.18225293569546874,1.8906347690579122,combined_50_50,1
20150227,0.20975916549772466,1.9950089894399157,combined_50_50,2
20150227,0.17557364975067635,2.0535106525561826,combined_50_50,3
20150227,0.19040784148765333,2.047059573837955,combined_50_50,4
20150227,0.22290479827417653,1.9277372949352969,combined_50_50,5
20150227,0.19537177570760744,2.414966316145783,combined_50_50,6
20150227,0.22331793525493815,2.4654320065341015,combined_50_50,7
20150227,0.18081185802570476,2.419264358104174,combined_50_50,8
20150227,0.18512714753913717,3.1598854505507328,combined_50_50,9
20150227,0.216393932537704,2.830160592948163,combined_50_50,10
20150331,0.09941637096805889,1.8716410873492706,pbroe_common,1
20150331,0.19539915290120113,2.2613569212648525,pbroe_common,2
20150331,0.1510118666191953,2.5558981844358883,pbroe_common,3
20150331,0.09019708474385202,2.4402044874702065,pbroe_common,4
20150331,0.1477909887899298,3.1544021693750617,pbroe_common,5
20150331,0.17019921163188578,2.5082164940854588,pbroe_common,6
20150331,0.14540637063775175,2.618330196108694,pbroe_common,7
20150331,0.16847738218828212,2.8222523635181442,pbroe_common,8
20150331,0.17575996020674833,3.21709607807194,pbroe_common,9
20150331,0.1625671076791535,3.396997573094849,pbroe_common,10
20150331,0.14762279471089768,2.4213430669605485,revision_common,1
20150331,0.12973880543260474,2.619357917822155,revision_common,2
20150331,0.12626272126759708,2.430542155550105,revision_common,3
20150331,0.14845850055934862,2.3110256754538514,revision_common,4
20150331,0.14401504115050012,2.314059432687963,revision_common,5
20150331,0.18476048228714248,2.599570491949169,revision_common,6
20150331,0.1519944610719297,2.605907832210034,revision_common,7
20150331,0.11723872185694617,2.9533436358430047,revision_common,8
20150331,0.19699697813706707,2.889051233828795,revision_common,9
20150331,0.16282676431826815,3.370379971964752,revision_common,10
20150331,0.13476217859101491,2.145420829456077,combined_50_50,1
20150331,0.1543750850423924,2.30298867184504,combined_50_50,2
20150331,0.12182781135503418,2.3036853609513503,combined_50_50,3
20150331,0.14549243670995615,2.3448912593260833,combined_50_50,4
20150331,0.1482425097834814,2.2135099097397246,combined_50_50,5
20150331,0.13506067099931207,2.7411332872451695,combined_50_50,6
20150331,0.20501236821436253,2.9708760608651454,combined_50_50,7
20150331,0.14989138965961546,2.7818912546943864,combined_50_50,8
20150331,0.1520387966355834,3.640310631958754,combined_50_50,9
20150331,0.19262131689805195,3.3753098533948096,combined_50_50,10
20150430,0.2664663906962961,2.3703705325741216,pbroe_common,1
20150430,0.17956758112457094,2.667423313675689,pbroe_common,2
20150430,0.2960222282783347,3.31250086024515,pbroe_common,3
20150430,0.14412825279874908,2.7919068967209544,pbroe_common,4
20150430,0.2483402045728864,3.937767049422821,pbroe_common,5
20150430,0.30471138060216685,3.2724986048473657,pbroe_common,6
20150430,0.23178318652479524,3.225215112336859,pbroe_common,7
20150430,0.24435607051830055,3.511886861078424,pbroe_common,8
20150430,0.2195380547557242,3.923371093014123,pbroe_common,9
20150430,0.16272006311827147,3.949757232601458,pbroe_common,10
20150430,0.21868153750578134,2.9508460916724455,revision_common,1
20150430,0.28988499237185006,3.3786704678491755,revision_common,2
20150430,0.2292328291389496,2.9877022102083366,revision_common,3
20150430,0.17070376188720426,2.705526452071741,revision_common,4
20150430,0.27843645287219476,2.958377932861043,revision_common,5
20150430,0.27347349545180033,3.310484121055864,revision_common,6
20150430,0.20437093460154587,3.138479651364287,revision_common,7
20150430,0.12471418850534244,3.321667490764583,revision_common,8
20150430,0.15587717599917794,3.339388381474968,revision_common,9
20150430,0.3241302707081435,4.462822144666992,revision_common,10
20150430,0.23705259482398322,2.653998404068062,combined_50_50,1
20150430,0.2809496039200665,2.9500124270323043,combined_50_50,2
20150430,0.24548581993037244,2.8692074506460887,combined_50_50,3
20150430,0.2073274143743009,2.8310515011110584,combined_50_50,4
20150430,0.16133131204061546,2.570618367692939,combined_50_50,5
20150430,0.22351495991602266,3.353817584068249,combined_50_50,6
20150430,0.318899410775469,3.918286686161987,combined_50_50,7
20150430,0.16942245919814458,3.2532061122865215,combined_50_50,8
20150430,0.22364794158820134,4.454458611537974,combined_50_50,9
20150430,0.2084264798048674,4.078813804388573,combined_50_50,10
20150529,-0.10674602778308395,2.117342893847761,pbroe_common,1
20150529,-0.09822011730196922,2.405428682912455,pbroe_common,2
20150529,-0.11365885841534895,2.9360057939698248,pbroe_common,3
20150529,-0.11893017883577706,2.459864910201092,pbroe_common,4
20150529,-0.10481998521715896,3.525010365513705,pbroe_common,5
20150529,-0.06626260643625514,3.055654317731171,pbroe_common,6
20150529,-0.14015155457498663,2.773196200504108,pbroe_common,7
20150529,-0.09642109833452261,3.1732668727066633,pbroe_common,8
20150529,-0.10708719285200996,3.5032282961465184,pbroe_common,9
20150529,-0.07341004189582356,3.659805388677853,pbroe_common,10
20150529,-0.11419047384726833,2.613887578214009,revision_common,1
20150529,-0.10380984686126915,3.02793120398706,revision_common,2
20150529,-0.12788689925815622,2.6056142386380525,revision_common,3
20150529,-0.07573292584412616,2.50062901790767,revision_common,4
20150529,-0.08927074578845129,2.6942813284704408,revision_common,5
20150529,-0.12042957660278863,2.9118039200068515,revision_common,6
20150529,-0.13869599070846828,2.7031851067999493,revision_common,7
20150529,-0.07098906597437005,3.0858654181177756,revision_common,8
20150529,-0.11837722892861469,2.94408083855955,revision_common,9
20150529,-0.08152967918383558,4.098969686957775,revision_common,10
20150529,-0.1165953134151877,2.3445546283423386,combined_50_50,1
20150529,-0.09514806752808613,2.669324445416341,combined_50_50,2
20150529,-0.1112035584690958,2.550141372148201,combined_50_50,3
20150529,-0.07704864040616721,2.6129228320306126,combined_50_50,4
20150529,-0.1441919085150396,2.199955999191478,combined_50_50,5
20150529,-0.039504655593953775,3.2213261754846867,combined_50_50,6
20150529,-0.13912777031075974,3.3731441960779343,combined_50_50,7
20150529,-0.14905521513952957,2.7682987753264214,combined_50_50,8
20150529,-0.1182033920283595,3.927926494004249,combined_50_50,9
20150529,-0.04248712503503227,3.9055167322869,combined_50_50,10
20150630,-0.16695462769815028,1.7638426992960838,pbroe_common,1
20150630,-0.1881139633642983,1.9529339597796291,pbroe_common,2
20150630,-0.15896194459167512,2.4692926036279563,pbroe_common,3
20150630,-0.1653912951609331,2.053024666782001,pbroe_common,4
20150630,-0.12209588681399464,3.094621098907786,pbroe_common,5
20150630,-0.14989040633504602,2.5976410504270078,pbroe_common,6
20150630,-0.14021414628748063,2.3843548627627396,pbroe_common,7
20150630,-0.15199702049271857,2.6909397628270035,pbroe_common,8
20150630,-0.09819270526755886,3.159236832578031,pbroe_common,9
20150630,-0.09567281173084552,3.3096615167553427,pbroe_common,10
20150630,-0.15277971833469717,2.2145385702559093,revision_common,1
20150630,-0.15481607580882795,2.5591587771666835,revision_common,2
20150630,-0.13976340565423995,2.2414447188248188,revision_common,3
20150630,-0.14529584042133714,2.137298023168792,revision_common,4
20150630,-0.15560953728832372,2.2750254576225855,revision_common,5
20150630,-0.1624337261483112,2.4388287594668796,revision_common,6
20150630,-0.20942504844519783,2.1370704348520326,revision_common,7
20150630,-0.08970392632395707,2.8090511740052917,revision_common,8
20150630,-0.12646461676796528,2.5717587835772067,revision_common,9
20150630,-0.16652274018481572,3.4163980227510704,revision_common,10
20150630,-0.15909477744800227,1.9715482315315307,combined_50_50,1
20150630,-0.13904182587251035,2.298176700679527,combined_50_50,2
20150630,-0.1782598915235929,2.0955534477792366,combined_50_50,3
20150630,-0.15434666328955615,2.20962691147359,combined_50_50,4
20150630,-0.12418390417681657,1.9267568741946708,combined_50_50,5
20150630,-0.19430363114765958,2.595410802477009,combined_50_50,6
20150630,-0.1624400623562101,2.825210442530546,combined_50_50,7
20150630,-0.11420260741066035,2.4521518370924063,combined_50_50,8
20150630,-0.12590432752181502,3.4333835502215235,combined_50_50,9
20150630,-0.11164903840843565,3.469469544639012,combined_50_50,10
20150731,-0.16661967478486228,1.4699518023677167,pbroe_common,1
20150731,-0.2089633060328987,1.5448424230801578,pbroe_common,2
20150731,-0.14071272272885793,2.121831718157236,pbroe_common,3
20150731,-0.17293699907087978,1.6979807418902289,pbroe_common,4
20150731,-0.16167406818979513,2.59430111634139,pbroe_common,5
20150731,-0.18901553784541503,2.106646530151218,pbroe_common,6
20150731,-0.12836419744018424,2.0782890643916,pbroe_common,7
20150731,-0.15658656876207178,2.2695747386205,pbroe_common,8
20150731,-0.11149928993070146,2.806984169022662,pbroe_common,9
20150731,-0.10942122128755016,2.9475143115435674,pbroe_common,10
20150731,-0.18034943105885493,1.8151477990523661,revision_common,1
20150731,-0.16694693454062026,2.1319150643159834,revision_common,2
20150731,-0.1533792518890118,1.8976536047008916,revision_common,3
20150731,-0.16288082842387797,1.7891731505663426,revision_common,4
20150731,-0.16287482664991382,1.904481080588166,revision_common,5
20150731,-0.13789642361918575,2.1025229957167815,revision_common,6
20150731,-0.19032937162968133,1.7303231618582755,revision_common,7
20150731,-0.12411918976607172,2.460394018276322,revision_common,8
20150731,-0.10695994935445674,2.2966835943339095,revision_common,9
20150731,-0.18245656585043557,2.793053771941692,revision_common,10
20150731,-0.16860842215837013,1.6391285950038743,combined_50_50,1
20150731,-0.17944947777417042,1.88577009190982,combined_50_50,2
20150731,-0.16658634468686617,1.7464628588177338,combined_50_50,3
20150731,-0.16331473745884217,1.8487622725442883,combined_50_50,4
20150731,-0.18142381308595745,1.5771972951886932,combined_50_50,5
20150731,-0.15100064976117122,2.203502084905818,combined_50_50,6
20150731,-0.13284886226387105,2.4498844495843555,combined_50_50,7
20150731,-0.11929342447314406,2.159626247117542,combined_50_50,8
20150731,-0.1624610040588309,2.8755926113334613,combined_50_50,9
20150731,-0.11552586601090775,3.0686560708961204,combined_50_50,10
20150831,0.013021837351360643,1.4890932756524886,pbroe_common,1
20150831,0.0015460538352378705,1.5472308326331992,pbroe_common,2
20150831,0.031690580050517614,2.1890737960752253,pbroe_common,3
20150831,0.056205843978098136,1.7934171825467264,pbroe_common,4
20150831,0.030275475629954363,2.6728448165659473,pbroe_common,5
20150831,-0.018037690407877616,2.068647492241521,pbroe_common,6
20150831,0.04625756254641589,2.1744256507772266,pbroe_common,7
20150831,0.01970701053579682,2.3143012719062726,pbroe_common,8
20150831,0.03621961418281794,2.9086520526419406,pbroe_common,9
20150831,0.006431401624888089,2.9664709598762093,pbroe_common,10
20150831,0.011700473479912432,1.8363858877372998,revision_common,1
20150831,0.011039586994928019,2.155450526134297,revision_common,2
20150831,0.0461471463232106,1.9852249032677916,revision_common,3
20150831,0.012233393258438863,1.8110608093246607,revision_common,4
20150831,0.010159198481116016,1.9238290818893915,revision_common,5
20150831,0.022668979602566752,2.1501850466206127,revision_common,6
20150831,0.04866584123575124,1.8145307941398134,revision_common,7
20150831,0.03450420524381048,2.545287958463572,revision_common,8
20150831,0.011637806063031775,2.3234119525929144,revision_common,9
20150831,0.06131751698165999,2.964316894033416,revision_common,10
20150831,-0.008863147951556183,1.6246007557547286,combined_50_50,1
20150831,0.012292284446850488,1.9089505142809386,combined_50_50,2
20150831,0.016176783202348055,1.7747150098557811,combined_50_50,3
20150831,0.047296698337550014,1.936202624046659,combined_50_50,4
20150831,0.06604688055469876,1.6813662565552148,combined_50_50,5
20150831,0.009072054742431668,2.2234923764451455,combined_50_50,6
20150831,0.0007668005879644113,2.4517630224207414,combined_50_50,7
20150831,0.02300563454549298,2.2093098193135825,combined_50_50,8
20150831,0.036547315476043396,2.980687801680445,combined_50_50,9
20150831,0.042134586971003474,3.1979526269993905,combined_50_50,10
20150930,0.18101593594415455,1.7586428886528707,pbroe_common,1
20150930,0.08862732730661493,1.684357766055868,pbroe_common,2
20150930,0.08779285039425666,2.381258824356045,pbroe_common,3
20150930,0.05666788584712612,1.8950463427235589,pbroe_common,4
20150930,0.13908234388841656,3.044590338503944,pbroe_common,5
20150930,0.09945492565046776,2.274384674779428,pbroe_common,6
20150930,0.12504335463932104,2.4463231285641998,pbroe_common,7
20150930,0.12120330472253271,2.5948022341848738,pbroe_common,8
20150930,0.08385743257321732,3.152564146025312,pbroe_common,9
20150930,0.05663673039105488,3.134482175843612,pbroe_common,10
20150930,0.12153858156398223,2.0595776237370056,revision_common,1
20150930,0.11475431156670401,2.4027977673769283,revision_common,2
20150930,0.065577146326107,2.115410287239615,revision_common,3
20150930,0.19724868699967257,2.1682901760405144,revision_common,4
20150930,0.07180927800410863,2.061977859263176,revision_common,5
20150930,0.10176453110129113,2.3689976196709672,revision_common,6
20150930,0.10081465863517858,1.9974620967340382,revision_common,7
20150930,0.11707497365433794,2.8432774791433983,revision_common,8
20150930,0.057145373689230894,2.456184196857862,revision_common,9
20150930,0.1042892283229937,3.2734632154169745,revision_common,10
20150930,0.17311602130718562,1.9058451748036342,combined_50_50,1
20150930,0.07589030611673953,2.0538213531714264,combined_50_50,2
20150930,0.12481636769511573,1.9962284910799812,combined_50_50,3
20150930,0.13198345757437036,2.1917493409329056,combined_50_50,4
20150930,0.10274673468039341,1.8541211492180598,combined_50_50,5
20150930,0.09610672128124054,2.437184938539122,combined_50_50,6
20150930,0.06139285786013082,2.602283761162943,combined_50_50,7
20150930,0.06402377389064284,2.350758171639692,combined_50_50,8
20150930,0.12032279428004045,3.339332486855067,combined_50_50,9
20150930,0.08108501409279278,3.45725866082772,combined_50_50,10
20151030,0.05000741643700546,1.846588075949713,pbroe_common,1
20151030,0.11626288877726898,1.8801860656719505,pbroe_common,2
20151030,0.05887025392994194,2.5214441360188005,pbroe_common,3
20151030,0.11543126440278972,2.1137939381660216,pbroe_common,4
20151030,0.07788405618621508,3.2817153834919925,pbroe_common,5
20151030,0.10784901269032399,2.519674816432393,pbroe_common,6
20151030,0.09597604622766731,2.681111550239089,pbroe_common,7
20151030,0.11418810745571695,2.8910977905283106,pbroe_common,8
20151030,0.08797428777738747,3.4299087314444168,pbroe_common,9
20151030,0.10314147979590538,3.457777305854011,pbroe_common,10
20151030,0.06430785988683385,2.192024652990343,revision_common,1
20151030,0.09946614298513223,2.6417947936711985,revision_common,2
20151030,0.10807187142535546,2.344026635814049,revision_common,3
20151030,0.10584757004751522,2.397798422332302,revision_common,4
20151030,0.07630295267515042,2.219312858275742,revision_common,5
20151030,0.09819816526131442,2.6016288394310774,revision_common,6
20151030,0.08517115087242844,2.1675882423369304,revision_common,7
20151030,0.06831065226738708,3.037503618320856,revision_common,8
20151030,0.08388084389500206,2.6622110000518675,revision_common,9
20151030,0.10872682265040967,3.6293764698922555,revision_common,10
20151030,0.06744986240616369,2.0343941696115904,combined_50_50,1
20151030,0.08651502131806987,2.2315077513245596,combined_50_50,2
20151030,0.07743765522305357,2.1508117447186694,combined_50_50,3
20151030,0.10032435380874927,2.4116351772727516,combined_50_50,4
20151030,0.10275262361135717,2.04463696179352,combined_50_50,5
20151030,0.09606917751551292,2.6713232910377713,combined_50_50,6
20151030,0.10128435832472804,2.865854402091191,combined_50_50,7
20151030,0.09625970176117238,2.5770414521543676,combined_50_50,8
20151030,0.07335836209723912,3.584300448588855,combined_50_50,9
20151030,0.10492913901047718,3.8200258354448877,combined_50_50,10
20151130,0.03278767085750611,1.9071333979933478,pbroe_common,1
20151130,0.026545143086537548,1.9300958738145266,pbroe_common,2
20151130,0.04400335568427827,2.6323961391740736,pbroe_common,3
20151130,0.028978054974093892,2.175047575110103,pbroe_common,4
20151130,0.030563161872754208,3.382014981977966,pbroe_common,5
20151130,0.06966083040093896,2.6951974564854067,pbroe_common,6
20151130,0.06810717896012397,2.8637144944032777,pbroe_common,7
20151130,0.06343460897747488,3.0744934483861153,pbroe_common,8
20151130,0.05559048608464412,3.6205790250513767,pbroe_common,9
20151130,0.06083308556137834,3.66812456855322,pbroe_common,10
20151130,0.06363130127647354,2.331506034090229,revision_common,1
20151130,0.02066230015654691,2.6963803506500357,revision_common,2
20151130,0.06747966528338112,2.502200768614111,revision_common,3
20151130,0.03870319472733463,2.490600881588725,revision_common,4
20151130,0.021452838717301415,2.266923419087565,revision_common,5
20151130,0.06399110435192701,2.7681099419800943,revision_common,6
20151130,0.0636005255433818,2.3054479937112142,revision_common,7
20151130,0.03241572639070833,3.135966504523131,revision_common,8
20151130,0.08579509012609376,2.890615632735996,revision_common,9
20151130,0.03577594678500384,3.7592208493418657,revision_common,10
20151130,0.05406445606490928,2.1443825838132637,combined_50_50,1
20151130,0.01755751900192326,2.2706874910713797,combined_50_50,2
20151130,0.05258288660124988,2.2639076347918476,combined_50_50,3
20151130,0.030301992136425593,2.4847125274503976,combined_50_50,4
20151130,0.02915825927006832,2.1042550164386604,combined_50_50,5
20151130,0.068638019531301,2.854677631262441,combined_50_50,6
20151130,0.07428243056379968,3.0787370327204897,combined_50_50,7
20151130,0.025189763231878493,2.6419565161728724,combined_50_50,8
20151130,0.07276095163334961,3.845097560168022,combined_50_50,9
20151130,0.0698080817893052,4.086694511402883,combined_50_50,10
20151231,-0.28289006875583644,1.3676242999084576,pbroe_common,1
20151231,-0.28973717765277496,1.3708753427362392,pbroe_common,2
20151231,-0.29919282871176334,1.844802092004658,pbroe_common,3
20151231,-0.2734556419132781,1.5802685442664508,pbroe_common,4
20151231,-0.28240243982925717,2.426925699528287,pbroe_common,5
20151231,-0.2831518256814374,1.9320473761095975,pbroe_common,6
20151231,-0.2969205638008784,2.013418772160309,pbroe_common,7
20151231,-0.28513907997448484,2.1978352151257172,pbroe_common,8
20151231,-0.27461361667323514,2.6263187245307624,pbroe_common,9
20151231,-0.2644230245303588,2.69818797578226,pbroe_common,10
20151231,-0.2859040604265518,1.664918992034826,revision_common,1
20151231,-0.29148909788194965,1.9104148746924416,revision_common,2
20151231,-0.3063070139831984,1.7357591227934586,revision_common,3
20151231,-0.3023401119753484,1.7375923321632885,revision_common,4
20151231,-0.29650787234058107,1.5947627793348755,revision_common,5
20151231,-0.28511102127464827,1.9788912894216424,revision_common,6
20151231,-0.24268929611207013,1.7459404428944554,revision_common,7
20151231,-0.29001607145207964,2.2264858186760224,revision_common,8
20151231,-0.2614093086957795,2.134981798477266,revision_common,9
20151231,-0.26270440756567004,2.771656963206996,revision_common,10
20151231,-0.28109205230803513,1.5416136823955864,combined_50_50,1
20151231,-0.3082565475976704,1.5707332044005,combined_50_50,2
20151231,-0.28806217907760834,1.6117614682832737,combined_50_50,3
20151231,-0.30466806151638337,1.7276999782866116,combined_50_50,4
20151231,-0.3009487887927149,1.4709820179304511,combined_50_50,5
20151231,-0.28030730513556135,2.0544906374124987,combined_50_50,6
20151231,-0.2926820831142629,2.177645864622832,combined_50_50,7
20151231,-0.26320769607612726,1.946573228417699,combined_50_50,8
20151231,-0.25872828711118745,2.8502620546503437,combined_50_50,9
20151231,-0.2650903977437652,3.0033510379178305,combined_50_50,10
20160129,-0.02719492696185577,1.330431856961188,pbroe_common,1
20160129,-0.04510766195285565,1.309038361196588,pbroe_common,2
20160129,-0.03770443882664665,1.7752448643793985,pbroe_common,3
20160129,-0.05348185876024025,1.495752845178742,pbroe_common,4
20160129,-0.049233055884045474,2.307440730936985,pbroe_common,5
20160129,-0.03811951046988871,1.8583986759276667,pbroe_common,6
20160129,-0.021292272770281784,1.970548510462666,pbroe_common,7
20160129,-0.03681960050797728,2.116911800522424,pbroe_common,8
20160129,-0.0339547858956003,2.5371426345457144,pbroe_common,9
20160129,-0.0214872095251446,2.640211445408401,pbroe_common,10
20160129,-0.04291764253510699,1.5934645938847647,revision_common,1
20160129,-0.02134348108412376,1.869639970951615,revision_common,2
20160129,-0.04621016519620691,1.6555494069883496,revision_common,3
20160129,-0.04641935618379478,1.65693441479437,revision_common,4
20160129,-0.02891733651128381,1.5486464873891788,revision_common,5
20160129,-0.040741499490507316,1.898268290961901,revision_common,6
20160129,-0.023966378397914267,1.7040965735798248,revision_common,7
20160129,-0.035017050383207904,2.1485208525859463,revision_common,8
20160129,-0.02268294115436298,2.08655413197677,revision_common,9
20160129,-0.050094631390268596,2.6328118292948703,revision_common,10
20160129,-0.03100724638181729,1.4938124871199658,combined_50_50,1
20160129,-0.03629896500477936,1.5137172147821214,combined_50_50,2
20160129,-0.053055717352756826,1.526248307381972,combined_50_50,3
20160129,-0.03182966406958043,1.6727078683647274,combined_50_50,4
20160129,-0.023969728577246108,1.4357229782186485,combined_50_50,5
20160129,-0.04720712146108497,1.957504048351505,combined_50_50,6
20160129,-0.040839926506385016,2.0887109675547024,combined_50_50,7
20160129,-0.03250945888113976,1.8832911860893264,combined_50_50,8
20160129,-0.04283608013516216,2.7281680008711295,combined_50_50,9
20160129,-0.011680674469201513,2.968269872127174,combined_50_50,10
20160229,0.14465082269438478,1.5228799196094418,pbroe_common,1
20160229,0.17362469456274443,1.536319746830261,pbroe_common,2
20160229,0.1550280173677696,2.0504575560464517,pbroe_common,3
20160229,0.16828468183911593,1.747465136839599,pbroe_common,4
20160229,0.15276104766491594,2.6599277944196182,pbroe_common,5
20160229,0.2028143123287094,2.2353085254185205,pbroe_common,6
20160229,0.1968185088430463,2.358388929894814,pbroe_common,7
20160229,0.1794241011355171,2.496736797514329,pbroe_common,8
20160229,0.1855091478502957,3.007805802654944,pbroe_common,9
20160229,0.16263044226429413,3.0695902004464206,pbroe_common,10
20160229,0.1713709017083609,1.8665380581791438,revision_common,1
20160229,0.1360057019140808,2.1239216675275108,revision_common,2
20160229,0.1805427881242263,1.9544469128034359,revision_common,3
20160229,0.1572769685843376,1.917532036696292,revision_common,4
20160229,0.19085527254090384,1.844213834809354,revision_common,5
20160229,0.18604162441405525,2.251425207386146,revision_common,6
20160229,0.17491959984619276,2.002176464329676,revision_common,7
20160229,0.15087116203519524,2.4726706902724365,revision_common,8
20160229,0.1825876315996342,2.467533109138839,revision_common,9
20160229,0.18669312816023997,3.124339705563213,revision_common,10
20160229,0.13482433278370753,1.695214758999886,combined_50_50,1
20160229,0.15207169602387927,1.7439107589345815,combined_50_50,2
20160229,0.17023619712107663,1.786071015093159,combined_50_50,3
20160229,0.18783062335284595,1.9868936299668845,combined_50_50,4
20160229,0.17026397819899897,1.6801748840818702,combined_50_50,5
20160229,0.15778264875002468,2.266364222039302,combined_50_50,6
20160229,0.20089629193358194,2.5083252558574465,combined_50_50,7
20160229,0.16431852727587692,2.192750820219164,combined_50_50,8
20160229,0.19029349337499246,3.247320620270766,combined_50_50,9
20160229,0.18666197147213626,3.522332978319778,combined_50_50,10
20160331,-0.020792658948963982,1.491215196820777,pbroe_common,1
20160331,-0.031938530841976176,1.4872519512129856,pbroe_common,2
20160331,-0.0019753794893409005,2.0464071242464734,pbroe_common,3
20160331,0.007003157498254753,1.759702910415596,pbroe_common,4
20160331,-0.027502620334445504,2.5867728101726564,pbroe_common,5
20160331,-0.006954302683480074,2.2197635133417966,pbroe_common,6
20160331,-0.0052402971759591965,2.346030271045673,pbroe_common,7
20160331,-0.028126650605853287,2.4265119539558664,pbroe_common,8
20160331,0.011970324322398529,3.0438102136115157,pbroe_common,9
20160331,0.0006458155550088662,3.071572589545372,pbroe_common,10
20160331,-0.005011771085449923,1.8571833967092697,revision_common,1
20160331,-0.013406857825853047,2.0954465516977208,revision_common,2
20160331,-0.012628480425653676,1.9297652182221183,revision_common,3
20160331,-0.012067172680632954,1.894392846488832,revision_common,4
20160331,-0.029999783950831582,1.7888878182059387,revision_common,5
20160331,-0.010475268441647145,2.227840923962485,revision_common,6
20160331,-0.007032042202740452,1.988097074935176,revision_common,7
20160331,-0.01737723081192377,2.4297025209656935,revision_common,8
20160331,-0.0006932717287649881,2.4658224381944813,revision_common,9
20160331,0.005398219778457225,3.141205577956404,revision_common,10
20160331,-0.016716786383309423,1.6668762159998516,combined_50_50,1
20160331,-0.0210126715845248,1.7072665348843696,combined_50_50,2
20160331,-0.03253749149847873,1.727956744623886,combined_50_50,3
20160331,-0.013953816691921195,1.9591688804679805,combined_50_50,4
20160331,-0.004335217988295392,1.6728909597009163,combined_50_50,5
20160331,-0.0003009556355610954,2.265682146954445,combined_50_50,6
20160331,0.005492417680361461,2.522102025840815,combined_50_50,7
20160331,-0.012566544760310494,2.1651955188886722,combined_50_50,8
20160331,-0.015411897022434062,3.1972732492723264,combined_50_50,9
20160331,0.007361275402714362,3.5482618414332534,combined_50_50,10
20160429,-0.023026583977919346,1.4568776048620338,pbroe_common,1
20160429,-0.021334307339246905,1.4555224609949131,pbroe_common,2
20160429,0.0032057755692238565,2.052967446210068,pbroe_common,3
20160429,0.021685008980974585,1.7978620838318051,pbroe_common,4
20160429,0.0029590061774618093,2.594427086897648,pbroe_common,5
20160429,-0.010402909582698405,2.196671514217529,pbroe_common,6
20160429,0.0019415951616728044,2.350585312069073,pbroe_common,7
20160429,0.013464654474938609,2.4591840989951903,pbroe_common,8
20160429,0.017970506895755856,3.0985090260445936,pbroe_common,9
20160429,-0.016670130350183388,3.0203690740976,pbroe_common,10
20160429,-0.0007681127406564681,1.8557568704805216,revision_common,1
20160429,-0.01002025004967333,2.074449653283984,revision_common,2
20160429,-0.012282505360928342,1.906062866583972,revision_common,3
20160429,-0.03004225113177128,1.8374810208523835,revision_common,4
20160429,-0.006128063927681393,1.7779253992965223,revision_common,5
20160429,0.026430050227885804,2.286722871482553,revision_common,6
20160429,-0.015855190400363095,1.956575417277674,revision_common,7
20160429,0.016983591384302166,2.4709675957671835,revision_common,8
20160429,0.014606331754611457,2.501839058774715,revision_common,9
20160429,0.008615162522945807,3.1682675745284823,revision_common,10
20160429,-0.008109279428574312,1.6533590509914642,combined_50_50,1
20160429,-0.02006719472155183,1.673006484887256,combined_50_50,2
20160429,-0.0014982714739223413,1.7253677963252443,combined_50_50,3
20160429,-0.008307817515027849,1.9428924629279312,combined_50_50,4
20160429,-0.010185747295396452,1.6558513151326495,combined_50_50,5
20160429,0.005381627928755517,2.277875205274178,combined_50_50,6
20160429,-0.0015118487939338454,2.5182889889348696,combined_50_50,7
20160429,0.006810136487260143,2.1799407958939083,combined_50_50,8
20160429,-0.010516083670646714,3.1636504562650583,combined_50_50,9
20160429,0.04004963259186978,3.690368424522407,combined_50_50,10
20160531,0.042259881387825216,1.5184450796400821,pbroe_common,1
20160531,0.043417139963798146,1.5187170834043813,pbroe_common,2
20160531,0.04929522481507176,2.1541689380090174,pbroe_common,3
20160531,0.06811027276547477,1.9203149607562942,pbroe_common,4
20160531,0.056241731619968816,2.7403421588265227,pbroe_common,5
20160531,0.0865869031056723,2.3868744977740723,pbroe_common,6
20160531,0.050121585565792603,2.468400374917638,pbroe_common,7
20160531,0.04719173015161915,2.575237251388124,pbroe_common,8
20160531,0.08925078939341247,3.3750534025616874,pbroe_common,9
20160531,0.048419359386556726,3.166613409776373,pbroe_common,10
20160531,0.011781205855628807,1.8776199241896503,revision_common,1
20160531,0.0520563652613637,2.1824379621516443,revision_common,2
20160531,0.05313914939513564,2.0073494260078983,revision_common,3
20160531,0.05004374902883746,1.9294354599051722,revision_common,4
20160531,0.07000716795725115,1.9023929213405368,revision_common,5
20160531,0.09351079118746952,2.5005561364213684,revision_common,6
20160531,0.05820898277956377,2.070465682048908,revision_common,7
20160531,0.039428558399239755,2.568394285919519,revision_common,8
20160531,0.08304391161295155,2.709601560441432,revision_common,9
20160531,0.0671147338761644,3.3809050096414426,revision_common,10
20160531,0.02240490107014237,1.6904023969623525,combined_50_50,1
20160531,0.058738838367595525,1.7712769423909875,combined_50_50,2
20160531,0.05109592105437222,1.8135270530360352,combined_50_50,3
20160531,0.029827402772834688,2.0008438989639874,combined_50_50,4
20160531,0.05295780540320605,1.7435415668560872,combined_50_50,5
20160531,0.05581150913936672,2.405006858111675,combined_50_50,6
20160531,0.09144452571780604,2.748572731148392,combined_50_50,7
20160531,0.046715474067466456,2.2817777636131025,combined_50_50,8
20160531,0.11649476919474022,3.532199185980491,combined_50_50,9
20160531,0.05069463265704188,3.877450296172717,combined_50_50,10
20160630,0.02107572472638397,1.5504474101507086,pbroe_common,1
20160630,-0.05218540826355067,1.4394622123700946,pbroe_common,2
20160630,-0.04675352502074814,2.0534539466668944,pbroe_common,3
20160630,-0.033734782694665566,1.8555335528498653,pbroe_common,4
20160630,-0.002009598672231827,2.734835170862684,pbroe_common,5
20160630,0.0019015921808573921,2.3914133596557274,pbroe_common,6
20160630,0.007985646218253484,2.488112147036735,pbroe_common,7
20160630,0.004876541747351526,2.587795503353853,pbroe_common,8
20160630,0.0169230536953473,3.432169612517903,pbroe_common,9
20160630,0.001447191324859265,3.171196105232185,pbroe_common,10
20160630,0.009522809506527619,1.8955001410533692,revision_common,1
20160630,-0.03113453094963392,2.114488779873378,revision_common,2
20160630,-0.001245448221393497,2.0048493762355615,revision_common,3
20160630,-0.02090356710237329,1.8891033762993459,revision_common,4
20160630,-0.016321217709182156,1.871343552302931,revision_common,5
20160630,-0.012615914197471323,2.469009334758316,revision_common,6
20160630,-0.004130015759259198,2.0619146261530408,revision_common,7
20160630,0.048922442899087315,2.6940464087147586,revision_common,8
20160630,-0.01871865658665761,2.6588814593448573,revision_common,9
20160630,-0.03523876506685819,3.261766092293324,revision_common,10
20160630,-0.012884139894941415,1.6686230160011453,combined_50_50,1
20160630,-0.02235999453301296,1.7316711996426732,combined_50_50,2
20160630,-0.028431311672987736,1.7619661001637728,combined_50_50,3
20160630,-0.000589904631388749,1.9996635918813026,combined_50_50,4
20160630,-0.024958865150092158,1.7000247480053456,combined_50_50,5
20160630,-0.005207639354599225,2.3924824497492914,combined_50_50,6
20160630,-0.0010770809022366823,2.7456122959512634,combined_50_50,7
20160630,0.007065112360067349,2.2978987798937323,combined_50_50,8
20160630,0.006366449691056264,3.5546867543968257,combined_50_50,9
20160630,0.002734424717508066,3.8880528921034805,combined_50_50,10
20160729,0.0388351691892459,1.6106592976429397,pbroe_common,1
20160729,0.029395442263557614,1.4817758407243926,pbroe_common,2
20160729,0.038758730850742884,2.133043215500152,pbroe_common,3
20160729,0.05142819324553538,1.950960290979403,pbroe_common,4
20160729,0.026719068898817477,2.8079074202198733,pbroe_common,5
20160729,0.04554334684552419,2.5003263277455487,pbroe_common,6
20160729,0.03246501308768934,2.568888740453921,pbroe_common,7
20160729,0.050080510193086125,2.717393622437188,pbroe_common,8
20160729,0.0376931779227323,3.561538992383536,pbroe_common,9
20160729,0.049593721144753244,3.3284675205703977,pbroe_common,10
20160729,0.05253269783547343,1.9950758772104231,revision_common,1
20160729,0.03403765193333186,2.1864610129796436,revision_common,2
20160729,0.0550651972196905,2.115246802533746,revision_common,3
20160729,0.02619556317203564,1.9385895031317013,revision_common,4
20160729,0.029072692501517228,1.925748547963731,revision_common,5
20160729,0.04783547466678617,2.587115568243206,revision_common,6
20160729,0.03729035522927027,2.1388041550147157,revision_common,7
20160729,0.038923226823349255,2.7989073881537925,revision_common,8
20160729,0.0445817755813569,2.7774191158628003,revision_common,9
20160729,0.03787781457473027,3.385314663523353,revision_common,10
20160729,0.033126227701827826,1.72389820197771,combined_50_50,1
20160729,0.04044896813540322,1.8017155128180153,combined_50_50,2
20160729,0.031779735093902195,1.8179609160714134,combined_50_50,3
20160729,0.05414390333499708,2.1079331841026367,combined_50_50,4
20160729,0.04085200429997693,1.7694741663209272,combined_50_50,5
20160729,0.031640675643976435,2.4681822109257148,combined_50_50,6
20160729,0.05508294714736972,2.896848712936315,combined_50_50,7
20160729,0.036681789373382845,2.3821898189391475,combined_50_50,8
20160729,0.06321552710414813,3.7793981512661547,combined_50_50,9
20160729,0.017391061276050612,3.9556702581945777,combined_50_50,10
20160831,-0.006493677330517977,1.6002001958746477,pbroe_common,1
20160831,-0.011346702730355984,1.4649625707466696,pbroe_common,2
20160831,-0.0095250064034329,2.112725965213714,pbroe_common,3
20160831,-0.03055623934464302,1.891346281376342,pbroe_common,4
20160831,0.009163984240734946,2.833639039568211,pbroe_common,5
20160831,-0.01783971607228818,2.455721215970501,pbroe_common,6
20160831,-0.01866293165386479,2.520945745464447,pbroe_common,7
20160831,-0.007356079146145222,2.6974042598793098,pbroe_common,8
20160831,-0.0061204789833213535,3.539740667832373,pbroe_common,9
20160831,-0.01383103065443081,3.2824313842611113,pbroe_common,10
20160831,-0.014807937029774787,1.9655329192510684,revision_common,1
20160831,-0.019257783087101243,2.144354621063278,revision_common,2
20160831,-0.014055548319659161,2.0855158488927286,revision_common,3
20160831,0.0062191968671829745,1.950645972896332,revision_common,4
20160831,-0.01863816729197565,1.8898561243645038,revision_common,5
20160831,-0.0005216126295256585,2.585766096088768,revision_common,6
20160831,-0.025617298667029886,2.084013770185419,revision_common,7
20160831,-0.00578640741569858,2.782711769687126,revision_common,8
20160831,-0.016233141456947986,2.732332878469768,revision_common,9
20160831,-0.002277802286351327,3.3776035860427607,revision_common,10
20160831,-0.011799574475313657,1.7035569367556147,combined_50_50,1
20160831,-0.025490059508843754,1.7557896771782773,combined_50_50,2
20160831,-0.019961173501528817,1.7816722828067137,combined_50_50,3
20160831,0.007897833131613519,2.1245812886432702,combined_50_50,4
20160831,-0.019075797454878862,1.7357200355225486,combined_50_50,5
20160831,0.004341757565342608,2.4788984597126458,combined_50_50,6
20160831,-0.005964144843577768,2.879571487622431,combined_50_50,7
20160831,-0.013828288988807058,2.349248209696663,combined_50_50,8
20160831,-0.00849683686771563,3.7472852217167003,combined_50_50,9
20160831,-0.017049110110109233,3.888229600403334,combined_50_50,10
20160930,0.029547741919431436,1.6474824982817755,pbroe_common,1
20160930,-0.00416656534529336,1.4588587084672446,pbroe_common,2
20160930,0.015121747911233552,2.1446740746651933,pbroe_common,3
20160930,0.01667283185668178,1.92288037990849,pbroe_common,4
20160930,0.019385180874808894,2.8885696448841607,pbroe_common,5
20160930,0.013116173304636769,2.4879308810270433,pbroe_common,6
20160930,0.01115094305190878,2.5490566679090727,pbroe_common,7
20160930,0.018222672131448903,2.7465581733130637,pbroe_common,8
20160930,0.021238729321052086,3.6149202617431846,pbroe_common,9
20160930,0.019810426027822015,3.3474577483904175,pbroe_common,10
20160930,0.012551216993657466,1.9902027494287657,revision_common,1
20160930,0.024162334558939236,2.1961672348304164,revision_common,2
20160930,0.016201563262536522,2.1193044658535864,revision_common,3
20160930,0.016394895589620262,1.9826266099542804,revision_common,4
20160930,-0.005668039923748647,1.8791443444014648,revision_common,5
20160930,0.006575154824689067,2.6027679085109834,revision_common,6
20160930,0.024979816540140032,2.1360720518317766,revision_common,7
20160930,0.013807700675539492,2.8211346208692665,revision_common,8
20160930,0.02898490921635588,2.8115292989010787,revision_common,9
20160930,0.01871678235569152,3.4408214572465265,revision_common,10
20160930,0.006551374627898232,1.7147175764482556,combined_50_50,1
20160930,0.020089450799940733,1.791062527512994,combined_50_50,2
20160930,0.010116877548365988,1.799697243123187,combined_50_50,3
20160930,0.01979463325260622,2.1666365960673133,combined_50_50,4
20160930,0.014058594971051663,1.7601218204850995,combined_50_50,5
20160930,0.009882144380367386,2.5033952921957963,combined_50_50,6
20160930,0.01410206105899836,2.9201793805646337,combined_50_50,7
20160930,0.021324495495507412,2.3993447425621683,combined_50_50,8
20160930,0.0031929268124779586,3.759250029175122,combined_50_50,9
20160930,0.029627480164150732,4.003428045762948,combined_50_50,10
20161031,0.014062483199774212,1.6706501932357851,pbroe_common,1
20161031,0.03898827666559401,1.5157370954089766,pbroe_common,2
20161031,0.0021430963566213546,2.1492703178607484,pbroe_common,3
20161031,-0.0027376519329764815,1.917616202719551,pbroe_common,4
20161031,0.013541988776760272,2.9276866225960725,pbroe_common,5
20161031,0.043598165393619936,2.596400103065955,pbroe_common,6
20161031,-0.002962366737085942,2.5415054272251116,pbroe_common,7
20161031,0.014230808947449658,2.7856439179405386,pbroe_common,8
20161031,0.021497669081203208,3.6926326212850764,pbroe_common,9
20161031,0.017221247235049475,3.4051051458843307,pbroe_common,10
20161031,0.035706661068015455,2.0612662444592513,revision_common,1
20161031,0.018111561663019637,2.235943253126351,revision_common,2
20161031,0.005592255628148912,2.1311561581805174,revision_common,3
20161031,0.027955794501526743,2.0380525120354207,revision_common,4
20161031,0.0009493748021311976,1.880928356691607,revision_common,5
20161031,0.019726382352708294,2.65411110344963,revision_common,6
20161031,0.006931569386797953,2.1508783834742484,revision_common,7
20161031,0.009225651017315428,2.847161424354273,revision_common,8
20161031,0.007683489390780229,2.8331316544410527,revision_common,9
20161031,0.026788140374042868,3.532994665445265,revision_common,10
20161031,0.023990036760886735,1.755853714141788,combined_50_50,1
20161031,0.03417525527864118,1.852272546610759,combined_50_50,2
20161031,0.008422891168996749,1.8148558971391573,combined_50_50,3
20161031,0.014508619774026954,2.198071502628146,combined_50_50,4
20161031,0.013769987925477789,1.7843586767005493,combined_50_50,5
20161031,0.022264383822518052,2.5591318458407284,combined_50_50,6
20161031,-0.006931966289602132,2.8999367955389683,combined_50_50,7
20161031,0.015551093505154379,2.4366571770048533,combined_50_50,8
20161031,-0.004232478097097481,3.7433390857651254,combined_50_50,9
20161031,0.03596679518668666,4.147418522329541,combined_50_50,10
20161130,-0.05281157603372688,1.5824205235299529,pbroe_common,1
20161130,-0.05982726008156514,1.4250546979866676,pbroe_common,2
20161130,-0.06832192077406996,2.002428041481806,pbroe_common,3
20161130,-0.05870089882485363,1.8050504080188106,pbroe_common,4
20161130,-0.06481806416460167,2.7379196432387944,pbroe_common,5
20161130,-0.054586416514015745,2.4546719256029634,pbroe_common,6
20161130,-0.06227218101967258,2.3832403411984693,pbroe_common,7
20161130,-0.05860149485235722,2.622401020222846,pbroe_common,8
20161130,-0.0664282039359072,3.4473376684579677,pbroe_common,9
20161130,-0.05332018755063972,3.2235443008761298,pbroe_common,10
20161130,-0.05288365966488617,1.9522589419085503,revision_common,1
20161130,-0.06979025305137099,2.079896207682157,revision_common,2
20161130,-0.06723267395387356,1.987872831052777,revision_common,3
20161130,-0.07469354849955812,1.8858231378830568,revision_common,4
20161130,-0.06831862809897737,1.7524259118099725,revision_common,5
20161130,-0.0505276802966379,2.5200050261427704,revision_common,6
20161130,-0.05548502032569114,2.03153685264909,revision_common,7
20161130,-0.0441033473688327,2.721592075040836,revision_common,8
20161130,-0.07127876111889697,2.6311895400257637,revision_common,9
20161130,-0.062023657292339496,3.3138654151000244,revision_common,10
20161130,-0.05890220111345035,1.6524300655456097,combined_50_50,1
20161130,-0.06673740846745468,1.7286566770745444,combined_50_50,2
20161130,-0.06815334547261087,1.6911673961984273,combined_50_50,3
20161130,-0.072966775183674,2.0376853134582373,combined_50_50,4
20161130,-0.04264944280104588,1.7082567733820593,combined_50_50,5
20161130,-0.059555882742840294,2.4067204897063696,combined_50_50,6
20161130,-0.05896997148744165,2.7289276053906524,combined_50_50,7
20161130,-0.06439575341194426,2.2797468022850045,combined_50_50,8
20161130,-0.06851839314996755,3.4868515065930303,combined_50_50,9
20161130,-0.05421404940439356,3.92257016965927,combined_50_50,10
20161230,-0.026155011442917986,1.5410322966295187,pbroe_common,1
20161230,-0.01939685989900819,1.3974131116613968,pbroe_common,2
20161230,-0.03142737334146706,1.9394969878327346,pbroe_common,3
20161230,-0.01646066238846222,1.775338082658257,pbroe_common,4
20161230,-0.0312727432990052,2.6522973850624836,pbroe_common,5
20161230,-0.021698244415237045,2.4014098542020097,pbroe_common,6
20161230,-0.02695902870502742,2.3189904964291204,pbroe_common,7
20161230,-0.02581014118419056,2.554716479649329,pbroe_common,8
20161230,-0.027892600857630234,3.351182454850196,pbroe_common,9
20161230,0.0014752475517560981,3.228299826713975,pbroe_common,10
20161230,-0.042245743041903205,1.8697843122974238,revision_common,1
20161230,-0.01749661202661934,2.0435050706807054,revision_common,2
20161230,-0.0423044074491582,1.9037770488508086,revision_common,3
20161230,-0.023324899040854996,1.8418365035830262,revision_common,4
20161230,-0.0155327938021379,1.7252058414683047,revision_common,5
20161230,-0.018833704548044006,2.4725439960208115,revision_common,6
20161230,-0.02777895434160571,1.9751028831760615,revision_common,7
20161230,-0.01960220572574567,2.6682428672843264,revision_common,8
20161230,-0.015146831382513604,2.59133535572756,revision_common,9
20161230,-0.010731322771196594,3.2783032557102807,revision_common,10
20161230,-0.026884324862991527,1.6080055988501072,combined_50_50,1
20161230,-0.024769753997592847,1.6858382764371116,combined_50_50,2
20161230,-0.03485428492472065,1.6322229659159293,combined_50_50,3
20161230,-0.021165486756710372,1.9945567119418939,combined_50_50,4
20161230,-0.02738100778680408,1.6614829813682244,combined_50_50,5
20161230,-0.024293995037096394,2.348251634073765,combined_50_50,6
20161230,-0.03369197248875033,2.6369846515860393,combined_50_50,7
20161230,-0.02740067562953652,2.21728019963812,combined_50_50,8
20161230,-0.014976338861620309,3.4346312368701417,combined_50_50,9
20161230,0.006488405314255763,3.9480213947936282,combined_50_50,10
20170126,0.03158243907950009,1.5897018552573625,pbroe_common,1
20170126,0.03360264219260012,1.4443698844478026,pbroe_common,2
20170126,0.03778792355181615,2.0127865517379355,pbroe_common,3
20170126,0.02884591428555261,1.8265493328184945,pbroe_common,4
20170126,0.036445685395636085,2.748962181134139,pbroe_common,5
20170126,0.021817379123052483,2.453802323420969,pbroe_common,6
20170126,0.025351441372066574,2.3777802480417227,pbroe_common,7
20170126,0.042884709905595564,2.664274754770135,pbroe_common,8
20170126,0.032957627617969054,3.4616294782770196,pbroe_common,9
20170126,0.04292010502968302,3.3668587943438464,pbroe_common,10
20170126,0.028931627080838185,1.9238802147424146,revision_common,1
20170126,0.03168224190215674,2.1082478926582953,revision_common,2
20170126,0.033378106723863654,1.9673215223657932,revision_common,3
20170126,0.03187865646286148,1.9005517767415074,revision_common,4
20170126,0.041091542920361546,1.796097211349458,revision_common,5
20170126,0.02461988641233681,2.533417748352349,revision_common,6
20170126,0.02153959725805832,2.0176458038229037,revision_common,7
20170126,0.03386019624351655,2.7585900943959367,revision_common,8
20170126,0.035852808537637504,2.6842420060932706,revision_common,9
20170126,0.048122463602285226,3.4360632848104515,revision_common,10
20170126,0.02575616668989067,1.649421659092368,combined_50_50,1
20170126,0.028045409641275665,1.7331183014887324,combined_50_50,2
20170126,0.02513546907828279,1.6732496558045722,combined_50_50,3
20170126,0.03195230117098791,2.0582873887044766,combined_50_50,4
20170126,0.05004518215936393,1.7446321998254801,combined_50_50,5
20170126,0.030493512280854063,2.419858074115929,combined_50_50,6
20170126,0.036085322328589964,2.732141092714066,combined_50_50,7
20170126,0.03702201186248377,2.2993683734915726,combined_50_50,8
20170126,0.03503888229165386,3.5549768764940723,combined_50_50,9
20170126,0.03343260046924623,4.0800140167298,combined_50_50,10
20170228,-0.021149793899980285,1.556079988656253,pbroe_common,1
20170228,0.007059442748500455,1.45456633095472,pbroe_common,2
20170228,-0.015783463124025787,1.9810178094220448,pbroe_common,3
20170228,-0.0008177117303571624,1.8250557420029727,pbroe_common,4
20170228,-0.009345686613410953,2.7232712420771406,pbroe_common,5
20170228,0.03356580180369706,2.5361661658743686,pbroe_common,6
20170228,0.006002618955874173,2.3920531568315213,pbroe_common,7
20170228,0.042741510472518396,2.778149882102809,pbroe_common,8
20170228,-0.010232901275587958,3.426206965573146,pbroe_common,9
20170228,0.003340733951898711,3.3781065738293594,pbroe_common,10
20170228,-0.010483614096774008,1.9037109970026365,revision_common,1
20170228,0.002223685975052847,2.112935973929134,revision_common,2
20170228,-0.008921021934568674,1.949771003912419,revision_common,3
20170228,0.0280766158867658,1.9539128389499891,revision_common,4
20170228,0.022272593808517094,1.8361009549784546,revision_common,5
20170228,-0.012368143750415284,2.502084073460874,revision_common,6
20170228,0.013269098356425202,2.0444181444422584,revision_common,7
20170228,0.00899741761567241,2.7834102815056743,revision_common,8
20170228,-0.010410369393021979,2.6562980552695734,revision_common,9
20170228,0.0018561429519727835,3.4424411094590845,revision_common,10
20170228,-0.006813354056470655,1.6381835653405605,combined_50_50,1
20170228,-0.016723777689611863,1.704134016304837,combined_50_50,2
20170228,0.019168169413306346,1.7053227886777906,combined_50_50,3
20170228,-0.008772053608670394,2.0402319813887106,combined_50_50,4
20170228,-0.021768417451321187,1.7066543178006623,combined_50_50,5
20170228,0.011664946897029349,2.448085590048839,combined_50_50,6
20170228,0.020120713996818695,2.7871137222395217,combined_50_50,7
20170228,0.007039666840383374,2.3155551607842675,combined_50_50,8
20170228,0.023542916411202652,3.6386713999411304,combined_50_50,9
20170228,0.006268121442493557,4.105588040073738,combined_50_50,10
20170331,-0.05120737481817783,1.4763972174300664,pbroe_common,1
20170331,-0.05772740026527812,1.3705979981553,pbroe_common,2
20170331,-0.04568394924511565,1.890517092362738,pbroe_common,3
20170331,-0.05122158839083002,1.7315734879957756,pbroe_common,4
20170331,-0.05969940546841712,2.5606935679958975,pbroe_common,5
20170331,-0.023740815151619188,2.4759555137365545,pbroe_common,6
20170331,-0.03203932006401722,2.3154134001296534,pbroe_common,7
20170331,-0.0427023429269886,2.659516373134682,pbroe_common,8
20170331,-0.03719547835849979,3.2987675585334286,pbroe_common,9
20170331,-0.04638250583170467,3.221421525968599,pbroe_common,10
20170331,-0.07159593122847252,1.767413035382349,revision_common,1
20170331,-0.044019845631232624,2.0199248585280953,revision_common,2
20170331,-0.05050870862879653,1.8512905883829305,revision_common,3
20170331,-0.042672982926862724,1.8705335497328983,revision_common,4
20170331,-0.02848402432189101,1.783801410719401,revision_common,5
20170331,-0.029066706647029927,2.429356729691381,revision_common,6
20170331,-0.025381835351373505,1.9925270597106646,revision_common,7
20170331,-0.055081003485460744,2.630097250088593,revision_common,8
20170331,-0.06105369372600833,2.4941212473581533,revision_common,9
20170331,-0.02420968542095836,3.359100693118905,revision_common,10
20170331,-0.05748813072080228,1.5440074543915925,combined_50_50,1
20170331,-0.05961119253162461,1.6025485553591987,combined_50_50,2
20170331,-0.04513802243343834,1.628347890386199,combined_50_50,3
20170331,-0.0467044053318294,1.944944159958971,combined_50_50,4
20170331,-0.060559923969436324,1.603299462072544,combined_50_50,5
20170331,-0.029789029439018067,2.375159496337638,combined_50_50,6
20170331,-0.025605427850383777,2.715748482913903,combined_50_50,7
20170331,-0.0230783810026417,2.262115896551055,combined_50_50,8
20170331,-0.04637458600244826,3.4699295201699116,combined_50_50,9
20170331,-0.04851417994827634,3.9064088031041098,combined_50_50,10
20170428,-0.03977685414643095,1.417670780650154,pbroe_common,1
20170428,-0.08433644371635773,1.255006637226123,pbroe_common,2
20170428,-0.08886241600164735,1.7225211760429755,pbroe_common,3
20170428,-0.09124477947507803,1.5735764469387095,pbroe_common,4
20170428,-0.08579431957613326,2.3410006056867085,pbroe_common,5
20170428,-0.052040019430868334,2.3471067406917387,pbroe_common,6
20170428,-0.0827331481861674,2.123851960184489,pbroe_common,7
20170428,-0.06715770783254094,2.480909349571844,pbroe_common,8
20170428,-0.09429327955914235,2.9877159469360066,pbroe_common,9
20170428,-0.040539597817799033,3.0908263929042317,pbroe_common,10
20170428,-0.07915359982770309,1.6275159312494285,revision_common,1
20170428,-0.07738942402972537,1.8636040371432816,revision_common,2
20170428,-0.050235227897886814,1.758290583770301,revision_common,3
20170428,-0.07619309093513493,1.728011816880879,revision_common,4
20170428,-0.05849622908208263,1.6794557547610167,revision_common,5
20170428,-0.055072320709577904,2.295566416755846,revision_common,6
20170428,-0.09870441696793586,1.7958558379890879,revision_common,7
20170428,-0.07356490271211091,2.4366144017624354,revision_common,8
20170428,-0.07535719172574817,2.306171274333723,revision_common,9
20170428,-0.06697113793763154,3.134137897253645,revision_common,10
20170428,-0.043489804715554525,1.4768588717207416,combined_50_50,1
20170428,-0.08146623870908387,1.4719949522054088,combined_50_50,2
20170428,-0.09321781734215129,1.4765568541707008,combined_50_50,3
20170428,-0.09041785524951884,1.7690864804354036,combined_50_50,4
20170428,-0.06156456845955638,1.504593022578609,combined_50_50,5
20170428,-0.07860362179795044,2.188463357577704,combined_50_50,6
20170428,-0.08759592068821864,2.477859994195427,combined_50_50,7
20170428,-0.05447843271610431,2.138879367884768,combined_50_50,8
20170428,-0.07440082655361391,3.2117638957864854,combined_50_50,9
20170428,-0.054673557271535445,3.692831537681567,combined_50_50,10
20170531,0.027740371915289996,1.456997495358829,pbroe_common,1
20170531,0.024517248185690566,1.2857759464256848,pbroe_common,2
20170531,0.033859624484823936,1.780845096230948,pbroe_common,3
20170531,0.034978136643053714,1.6286172189180226,pbroe_common,4
20170531,0.01729491787307813,2.3814880189028864,pbroe_common,5
20170531,-0.0020716623557367475,2.3422443280121517,pbroe_common,6
20170531,0.0361593099249633,2.2006489814475407,pbroe_common,7
20170531,0.05705064715067443,2.6224468334870763,pbroe_common,8
20170531,0.06513361106036553,3.1823166753825882,pbroe_common,9
20170531,0.0710805974270532,3.3105241794551685,pbroe_common,10
20170531,0.014027840736454467,1.6503464655290379,revision_common,1
20170531,0.03470893027987487,1.9282877397377811,revision_common,2
20170531,0.029192472437367112,1.8096194331738977,revision_common,3
20170531,0.01378873120155788,1.751838907336965,revision_common,4
20170531,0.06863043277937098,1.7947175300440705,revision_common,5
20170531,0.029766294626919265,2.363896923052662,revision_common,6
20170531,0.05772543066604907,1.8995223896511466,revision_common,7
20170531,0.04388610030451989,2.5435479058016193,revision_common,8
20170531,0.027003671736590462,2.3684463663941853,revision_common,9
20170531,0.04712692823322295,3.281840189010542,revision_common,10
20170531,0.008547042344920763,1.4894816470348107,combined_50_50,1
20170531,0.042426570278465636,1.5344466494946982,combined_50_50,2
20170531,0.00607481749344263,1.4855266675784795,combined_50_50,3
20170531,0.004421346166883389,1.776908224164562,combined_50_50,4
20170531,0.06740816341786093,1.6060148749219612,combined_50_50,5
20170531,0.04197363607091087,2.280321122103194,combined_50_50,6
20170531,0.059997885889651714,2.626526355377697,combined_50_50,7
20170531,0.03755860805878086,2.219212699748165,combined_50_50,8
20170531,0.026120683354634355,3.295657363518171,combined_50_50,9
20170531,0.07238124738483931,3.9601232907610324,combined_50_50,10
20170630,-0.0139677761251229,1.436646480528792,pbroe_common,1
20170630,-0.008195805162041547,1.2752379772867404,pbroe_common,2
20170630,-0.028845441096285063,1.7294758339060101,pbroe_common,3
20170630,-0.006836597395710076,1.617483018680559,pbroe_common,4
20170630,-0.0010412696331228988,2.379008247747157,pbroe_common,5
20170630,-0.00752742648992466,2.324613256011597,pbroe_common,6
20170630,-0.0047206569429840695,2.1902604725541996,pbroe_common,7
20170630,-0.00014827203261702504,2.622057997964645,pbroe_common,8
20170630,-0.009579770657610509,3.1518308114725335,pbroe_common,9
20170630,0.024078674127213873,3.390237212362532,pbroe_common,10
20170630,-0.04124992740508937,1.5822697936327192,revision_common,1
20170630,0.042690174050149965,2.0106066789659574,revision_common,2
20170630,-0.0076523396701323465,1.7957716105975787,revision_common,3
20170630,-0.012779000542772811,1.7294521569892554,revision_common,4
20170630,-0.026237226446859108,1.7476291198001566,revision_common,5
20170630,-0.006520400312382213,2.34848336881715,revision_common,6
20170630,-0.04570654752936443,1.8127017792654645,revision_common,7
20170630,0.03406482547498624,2.630193421300018,revision_common,8
20170630,0.02083447426502061,2.4177917012629067,revision_common,9
20170630,-0.012620335651615244,3.240422264270269,revision_common,10
20170630,-0.008700131924678778,1.47652296020622,combined_50_50,1
20170630,-0.009346226147269543,1.5201053640976008,combined_50_50,2
20170630,-0.005750032477947586,1.476984840993046,combined_50_50,3
20170630,-0.038949816976076135,1.7076979740500677,combined_50_50,4
20170630,-0.003385997338512192,1.6005769128298644,combined_50_50,5
20170630,-0.025013703675977106,2.223281845268833,combined_50_50,6
20170630,-0.002229507761995708,2.6206704944812964,combined_50_50,7
20170630,0.022086445024040335,2.2682272190378048,combined_50_50,8
20170630,0.013113380248020778,3.3388745716931747,combined_50_50,9
20170630,0.010107822660894161,4.000151514699321,combined_50_50,10
20170731,0.026783175396382308,1.47512443519939,pbroe_common,1
20170731,0.026398122961417858,1.3089018662162255,pbroe_common,2
20170731,0.03925776791579483,1.797371194809468,pbroe_common,3
20170731,0.043610054790163444,1.6880215417473774,pbroe_common,4
20170731,0.028594214016422592,2.4470341187300737,pbroe_common,5
20170731,0.04449692801672156,2.428051404731062,pbroe_common,6
20170731,0.032667840539009285,2.2618115524104954,pbroe_common,7
20170731,0.047293517689763975,2.746064344274973,pbroe_common,8
20170731,0.043591736519190016,3.2892245897593093,pbroe_common,9
20170731,0.028188340792928868,3.4858023742734763,pbroe_common,10
20170731,0.05044819137323331,1.6620924429859891,revision_common,1
20170731,0.05167067764532263,2.11449608854634,revision_common,2
20170731,0.020278398584051116,1.8321869830832,revision_common,3
20170731,0.03367584053950412,1.787692912048727,revision_common,4
20170731,0.03597366934195634,1.8104977518882217,revision_common,5
20170731,0.03841531990628777,2.438701108724857,revision_common,6
20170731,0.03603282421444454,1.8780185438309478,revision_common,7
20170731,0.0235844441167381,2.692225071060881,revision_common,8
20170731,0.029668679940665132,2.489524389410872,revision_common,9
20170731,0.04234954933854285,3.3776526868286956,revision_common,10
20170731,0.03255283054715319,1.524587961928794,combined_50_50,1
20170731,0.04303173064096821,1.5855181286713398,combined_50_50,2
20170731,0.03166767311998098,1.5237575141407809,combined_50_50,3
20170731,0.05942933356756197,1.809185326582539,combined_50_50,4
20170731,0.03291700099675854,1.6532631046648736,combined_50_50,5
20170731,0.026770616496706312,2.2828004709126146,combined_50_50,6
20170731,0.0345530093624673,2.71122254661305,combined_50_50,7
20170731,0.020125028661879707,2.3138753568325963,combined_50_50,8
20170731,0.02348369492249658,3.4172836835192983,combined_50_50,9
20170731,0.05516692944769308,4.2208275910908215,combined_50_50,10
20170831,0.009265825225648783,1.4887926804020313,pbroe_common,1
20170831,0.03533185206048528,1.3551477933150704,pbroe_common,2
20170831,0.03096876655350056,1.8530335637515087,pbroe_common,3
20170831,0.05323374935509162,1.7778812574067526,pbroe_common,4
20170831,0.02900271727488346,2.5180047574375957,pbroe_common,5
20170831,0.04025801896344472,2.525799944226944,pbroe_common,6
20170831,0.0152379667861815,2.2962769617227283,pbroe_common,7
20170831,0.025652249150341477,2.816507071017184,pbroe_common,8
20170831,0.04329217751498815,3.4316222845858335,pbroe_common,9
20170831,0.054461754084805136,3.675645285969388,pbroe_common,10
20170831,0.03408764365979877,1.71874925791214,revision_common,1
20170831,0.03319802469354216,2.1846931819082998,revision_common,2
20170831,0.03357218791309613,1.893697508771198,revision_common,3
20170831,0.041668920729906356,1.862184146290301,revision_common,4
20170831,0.0241797705167357,1.8542751720499446,revision_common,5
20170831,0.05101938344752299,2.56312213570479,revision_common,6
20170831,0.03078574364548503,1.9358347412827943,revision_common,7
20170831,0.013180211533652786,2.727709166993667,revision_common,8
20170831,0.03487434843806092,2.576344930412237,revision_common,9
20170831,0.033802609220267676,3.491826160683353,revision_common,10
20170831,0.026191311466909672,1.564518920098372,combined_50_50,1
20170831,0.041247822556520264,1.6509172991029213,combined_50_50,2
20170831,0.01590885292848343,1.547998748331918,combined_50_50,3
20170831,0.04953385289237122,1.898801246404515,combined_50_50,4
20170831,0.03244481567402446,1.7069029213563909,combined_50_50,5
20170831,0.019755272349041064,2.3278978159340125,combined_50_50,6
20170831,0.027906648531093703,2.7868836813109574,combined_50_50,7
20170831,0.05388748476743177,2.4385642798776486,combined_50_50,8
20170831,0.035742440127750186,3.5394257409770242,combined_50_50,9
20170831,0.03385456988220148,4.36372189373413,combined_50_50,10
20170929,-0.04717430562714919,1.4185599194812832,pbroe_common,1
20170929,-0.02107646036206101,1.3265860745645308,pbroe_common,2
20170929,-0.019094558429502695,1.817650706096626,pbroe_common,3
20170929,-0.036708450555317906,1.7126179911760104,pbroe_common,4
20170929,-0.00019217189950659908,2.517520867680392,pbroe_common,5
20170929,-0.02297413901928802,2.467771865173364,pbroe_common,6
20170929,0.011198954757861923,2.321992863528582,pbroe_common,7
20170929,-0.024082872354225793,2.7486774907411027,pbroe_common,8
20170929,-0.01709479066258557,3.372959419997775,pbroe_common,9
20170929,-0.01661375038859103,3.6145790326712914,pbroe_common,10
20170929,-0.028037689422342083,1.6705595000239184,revision_common,1
20170929,-0.041509452305548256,2.0940077644716206,revision_common,2
20170929,-0.02151224382471595,1.8529598262322549,revision_common,3
20170929,-0.022231800689488934,1.820784439502849,revision_common,4
20170929,-0.025187333657517796,1.8075709245986715,revision_common,5
20170929,-0.027748345359867588,2.491999737483732,revision_common,6
20170929,-0.009280109462714514,1.9178699829819643,revision_common,7
20170929,-0.0035152834510645548,2.718120496099617,revision_common,8
20170929,-0.0006543317867778731,2.5746591460305646,revision_common,9
20170929,-0.018223034086758072,3.4281944935321866,revision_common,10
20170929,-0.06208555070428934,1.4673849013567846,combined_50_50,1
20170929,-0.028272806951836205,1.6042412330119376,combined_50_50,2
20170929,-0.01582548162062225,1.5235009225914449,combined_50_50,3
20170929,-0.007789995604367772,1.8840095930414558,combined_50_50,4
20170929,-0.011109753493146135,1.6879396506633904,combined_50_50,5
20170929,-0.012155713760376718,2.2996005564201125,combined_50_50,6
20170929,-0.011987035807966895,2.7534772068304445,combined_50_50,7
20170929,-0.01707849073860368,2.3969172824082685,combined_50_50,8
20170929,-0.017655770699533946,3.4769344516863057,combined_50_50,9
20170929,-0.010113803681520372,4.319588067180151,combined_50_50,10
20171031,-0.07107925390445347,1.317729738785792,pbroe_common,1
20171031,-0.04825999050736107,1.262565043198849,pbroe_common,2
20171031,-0.09219444246436759,1.6500734126530836,pbroe_common,3
20171031,-0.05789860517815948,1.613459798283898,pbroe_common,4
20171031,-0.057224614028248855,2.3734567077193196,pbroe_common,5
20171031,-0.07398329131145864,2.2851979803820215,pbroe_common,6
20171031,-0.0637542834379039,2.1739558723663905,pbroe_common,7
20171031,-0.041754199112569945,2.6339086634964595,pbroe_common,8
20171031,-0.06236754275238188,3.1625962291690146,pbroe_common,9
20171031,-0.0703890818318953,3.360152133352739,pbroe_common,10
20171031,-0.06873293464318064,1.5557370430912298,revision_common,1
20171031,-0.06902936336663146,1.9494597416053616,revision_common,2
20171031,-0.0784246784704391,1.7076420476413496,revision_common,3
20171031,-0.08133064146815727,1.6726988730628432,revision_common,4
20171031,-0.061456838539561076,1.6964833301368059,revision_common,5
20171031,-0.06966735402452617,2.318388709543427,revision_common,6
20171031,-0.06979623823429548,1.784009872747351,revision_common,7
20171031,-0.05458961954506025,2.5697393323399083,revision_common,8
20171031,-0.05896066497425878,2.4228555306985453,revision_common,9
20171031,-0.030980190355417436,3.3219883755471655,revision_common,10
20171031,-0.06904498538727988,1.3660693322850903,combined_50_50,1
20171031,-0.07058639915771514,1.4910036209932918,combined_50_50,2
20171031,-0.058518579007379334,1.434347813484962,combined_50_50,3
20171031,-0.07530296965334726,1.74213807583004,combined_50_50,4
20171031,-0.07149341672244192,1.5672630778161796,combined_50_50,5
20171031,-0.07862300850457604,2.1187990423155663,combined_50_50,6
20171031,-0.07302162422954839,2.5524138289086453,combined_50_50,7
20171031,-0.05571035333806962,2.2633841736831783,combined_50_50,8
20171031,-0.06229669097031321,3.2603329406255686,combined_50_50,9
20171031,-0.027157817817653473,4.202277481404362,combined_50_50,10
20171130,-0.008157728506784201,1.3069800573314618,pbroe_common,1
20171130,-0.010509513414878047,1.2492960989401947,pbroe_common,2
20171130,-0.009359048583396201,1.634630295417893,pbroe_common,3
20171130,-0.002620573751815236,1.6092316078869062,pbroe_common,4
20171130,0.008863244705726636,2.394493235318284,pbroe_common,5
20171130,-0.006517825879677197,2.2703034578453014,pbroe_common,6
20171130,0.0005145456707196239,2.1750744719488524,pbroe_common,7
20171130,0.002730978211580082,2.6411018106677604,pbroe_common,8
20171130,-0.007307737183018359,3.1394848071102426,pbroe_common,9
20171130,-0.016864865619583447,3.3034836191623884,pbroe_common,10
20171130,-0.02332996837746748,1.5194417470722568,revision_common,1
20171130,-0.023528230993877575,1.9035924024916058,revision_common,2
20171130,-0.023821910397969548,1.6669627517906322,revision_common,3
20171130,-0.011397708658399397,1.6536339386344399,revision_common,4
20171130,-0.009044707867536972,1.6811391340135722,revision_common,5
20171130,-0.016957308642400526,2.279075076642642,revision_common,6
20171130,0.0013093246417306137,1.7863457208348297,revision_common,7
20171130,0.025747073125920172,2.635902598844217,revision_common,8
20171130,0.002874726291161034,2.4298205771923294,revision_common,9
20171130,0.02445073134382425,3.4032134208449767,revision_common,10
20171130,-0.024746739031912157,1.3322635710195327,combined_50_50,1
20171130,-0.028242528005275713,1.4488939094714213,combined_50_50,2
20171130,-0.00745939627561476,1.4236484447471163,combined_50_50,3
20171130,-0.0030922970648087356,1.7367508673716592,combined_50_50,4
20171130,0.0021248551363775015,1.5705932848171322,combined_50_50,5
20171130,-0.015963258583957307,2.0849761053156417,combined_50_50,6
20171130,0.004573817684812687,2.564088104418268,combined_50_50,7
20171130,-0.0003540659832437232,2.262582786340265,combined_50_50,8
20171130,-0.0033962017343551754,3.2492601922380406,combined_50_50,9
20171130,0.02248324343914465,4.296758309017612,combined_50_50,10
20171229,-0.03297965963396354,1.263876299892292,pbroe_common,1
20171229,-0.03272828814609596,1.2084087762342863,pbroe_common,2
20171229,-0.04057524280952307,1.5683047742775096,pbroe_common,3
20171229,-0.061522467774476786,1.5102277081490145,pbroe_common,4
20171229,-0.04192214060281241,2.294110953234788,pbroe_common,5
20171229,-0.043077344971054865,2.1725048126027207,pbroe_common,6
20171229,-0.01886341781559986,2.134045133404436,pbroe_common,7
20171229,-0.01248699963966371,2.608122373309637,pbroe_common,8
20171229,-0.015756534598093674,3.0900174061268206,pbroe_common,9
20171229,-0.015452662700560782,3.252436001058644,pbroe_common,10
20171229,-0.030613521689739187,1.472926284191965,revision_common,1
20171229,-0.029296812052824195,1.8478232136506252,revision_common,2
20171229,-0.04380045704131097,1.5939490213913612,revision_common,3
20171229,-0.04620015415839385,1.5772357957479768,revision_common,4
20171229,-0.041596725104863674,1.611209251592981,revision_common,5
20171229,-0.04029440193661571,2.1872411094606803,revision_common,6
20171229,-0.02028648830510349,1.7501070392602422,revision_common,7
20171229,-0.03290136058619331,2.5491778169695594,revision_common,8
20171229,-0.03532996598358795,2.3439750988539023,revision_common,9
20171229,0.0041262553213212705,3.4172559483323304,revision_common,10
20171229,-0.04030787120316526,1.2785628625902083,combined_50_50,1
20171229,-0.030119083798922808,1.4052545523963027,combined_50_50,2
20171229,-0.048720679440776626,1.3542873252342318,combined_50_50,3
20171229,-0.04545836452243335,1.657801013358026,combined_50_50,4
20171229,-0.03075320139553761,1.522292513218672,combined_50_50,5
20171229,-0.040104472559411186,2.0013592383129826,combined_50_50,6
20171229,-0.048590703900233345,2.4394972585623695,combined_50_50,7
20171229,-0.03238576511363689,2.189307311671691,combined_50_50,8
20171229,-0.016644053301160366,3.1951793324090922,combined_50_50,9
20171229,0.0165637356562347,4.367928677826909,combined_50_50,10
20180131,-0.028731513908133888,1.2275632204037759,pbroe_common,1
20180131,-0.033420427263523234,1.1680232386235452,pbroe_common,2
20180131,-0.027101033221863302,1.525802094487808,pbroe_common,3
20180131,-0.010630315161538562,1.4941735116457024,pbroe_common,4
20180131,-0.029123834877363475,2.227297644642427,pbroe_common,5
20180131,-0.010022531306192017,2.150730815105557,pbroe_common,6
20180131,-0.02368720692258941,2.08349556474734,pbroe_common,7
20180131,-0.03148919503996672,2.525994699208389,pbroe_common,8
20180131,-0.015618852615388312,3.0417548796815415,pbroe_common,9
20180131,-0.018826902497838582,3.191202705586253,pbroe_common,10
20180131,-0.033862973604563806,1.4230486203089043,revision_common,1
20180131,-0.026687837139671156,1.7985088086618135,revision_common,2
20180131,-0.004808828803215093,1.5862839934264379,revision_common,3
20180131,-0.017129687858102094,1.5502182388881887,revision_common,4
20180131,-0.021623578151863554,1.5763691424221546,revision_common,5
20180131,-0.03992227055369357,2.09992147812263,revision_common,6
20180131,-0.005517266023861378,1.740451233154411,revision_common,7
20180131,-0.02032098414412986,2.4973760149703534,revision_common,8
20180131,-0.022022833950341547,2.2923541244681074,revision_common,9
20180131,-0.04539604916625495,3.262126029288159,revision_common,10
20180131,-0.03693346586522639,1.2313411047481868,combined_50_50,1
20180131,-0.012188363271369851,1.3881267994229503,combined_50_50,2
20180131,-0.02824750124344666,1.3160320923306938,combined_50_50,3
20180131,-0.011170606654193338,1.6392823703268804,combined_50_50,4
20180131,-0.02134948480171006,1.489792352343953,combined_50_50,5
20180131,-0.03238228396521181,1.9365506551415315,combined_50_50,6
20180131,-0.028715677474061452,2.3694454420866355,combined_50_50,7
20180131,-0.009765369560595039,2.167927916691504,combined_50_50,8
20180131,-0.010815388675589954,3.160622226040876,combined_50_50,9
20180131,-0.0384221489061527,4.200103471755989,combined_50_50,10
20180228,0.009032754457143799,1.238651497554304,pbroe_common,1
20180228,0.07400307345469614,1.2544605481481954,pbroe_common,2
20180228,0.09615126359975568,1.6725098938759644,pbroe_common,3
20180228,0.085578521604186,1.6220426717924765,pbroe_common,4
20180228,0.04626320455536348,2.330339571182199,pbroe_common,5
20180228,0.05509169378078771,2.269218218576256,pbroe_common,6
20180228,0.05190508842396979,2.1916395862664997,pbroe_common,7
20180228,0.07187834694136708,2.7075590225701434,pbroe_common,8
20180228,0.030859140986456035,3.1356208223598747,pbroe_common,9
20180228,0.03787521395669735,3.3120701908395236,pbroe_common,10
20180228,0.08437306819169188,1.5431155985903204,revision_common,1
20180228,0.060408627068261556,1.9071542565632482,revision_common,2
20180228,0.06815096429000778,1.694390777216254,revision_common,3
20180228,0.03732691006790012,1.6080830956767866,revision_common,4
20180228,0.07680007115952692,1.6974344047338585,revision_common,5
20180228,0.04951257068635884,2.20389398874398,revision_common,6
20180228,0.03710079265846811,1.8050233534878481,revision_common,7
20180228,0.0437327635359166,2.6065931696933218,revision_common,8
20180228,0.03851430209778539,2.3806425437329763,revision_common,9
20180228,0.05680743481069195,3.447439041041207,revision_common,10
20180228,0.06768249854396369,1.3146813472774286,combined_50_50,1
20180228,0.0731554258883067,1.4896758066217084,combined_50_50,2
20180228,0.0609967847239441,1.3963058185563908,combined_50_50,3
20180228,0.062369684713914575,1.7415238949212464,combined_50_50,4
20180228,0.026466702834943012,1.529222243819211,combined_50_50,5
20180228,0.08730169748954464,2.105614814609877,combined_50_50,6
20180228,0.04927461563048885,2.4861989555028683,combined_50_50,7
20180228,0.07041989367014301,2.3205931700694546,combined_50_50,8
20180228,0.03431565894970112,3.2690810604185394,combined_50_50,9
20180228,0.02459598604990565,4.30340915815546,combined_50_50,10
20180330,-0.03950827408431512,1.1897145146939812,pbroe_common,1
20180330,-0.03180865297837043,1.214557847897093,pbroe_common,2
20180330,-0.01930506143131705,1.6402219876302033,pbroe_common,3
20180330,-0.04474912293085109,1.5494576848733488,pbroe_common,4
20180330,-0.05155798712534421,2.210191953573507,pbroe_common,5
20180330,-0.02333766498711387,2.216259964008468,pbroe_common,6
20180330,-0.056115314229636115,2.0686550422050454,pbroe_common,7
20180330,-0.054791424267613076,2.559208007434899,pbroe_common,8
20180330,-0.0549246336698086,2.9633979973643347,pbroe_common,9
20180330,-0.05827841161302505,3.1190480009665476,pbroe_common,10
20180330,-0.042741112083952926,1.4771611218324754,revision_common,1
20180330,-0.053279118591229024,1.8055427587560477,revision_common,2
20180330,-0.060240398390299155,1.5923200017678982,revision_common,3
20180330,-0.05818798489521182,1.5145119807953002,revision_common,4
20180330,-0.048106748255833165,1.6157763551445368,revision_common,5
20180330,-0.030091297762894875,2.1375759584908307,revision_common,6
20180330,-0.023959569891906174,1.7617757702934331,revision_common,7
20180330,-0.03917162290549869,2.5044886849820465,revision_common,8
20180330,-0.057138578858458855,2.2446160120140877,revision_common,9
20180330,-0.020949987548250837,3.37521523605804,revision_common,10
20180330,-0.03954050386571828,1.2626981843832177,combined_50_50,1
20180330,-0.05149311052411332,1.4129677656662392,combined_50_50,2
20180330,-0.03818855405183874,1.3429829183315531,combined_50_50,3
20180330,-0.04655727302162893,1.6604432914717073,combined_50_50,4
20180330,-0.030423323856116125,1.4826982202475225,combined_50_50,5
20180330,-0.0323440097152875,2.037510788589482,combined_50_50,6
20180330,-0.05503409028267259,2.3493732577250372,combined_50_50,7
20180330,-0.026766705559643555,2.2584785359624857,combined_50_50,8
20180330,-0.0499210312040671,3.105885162792761,combined_50_50,9
20180330,-0.06003116679394793,4.045070485199626,combined_50_50,10
20180427,-0.06072011932184185,1.1174749074028354,pbroe_common,1
20180427,-0.035005327714073387,1.1720418524037557,pbroe_common,2
20180427,0.01796457710641941,1.6696878819986305,pbroe_common,3
20180427,-0.06706656073995132,1.445540886936806,pbroe_common,4
20180427,-0.05681005059932509,2.0846308368567747,pbroe_common,5
20180427,-0.0007202958140759552,2.2146636012334886,pbroe_common,6
20180427,-0.016905804429061533,2.033682764630335,pbroe_common,7
20180427,0.0010595690060342111,2.5619196649195715,pbroe_common,8
20180427,-0.032862615792850325,2.8660129875356484,pbroe_common,9
20180427,-0.03796964010478299,3.000618870900305,pbroe_common,10
20180427,0.011100011588342618,1.4935576274026652,revision_common,1
20180427,-0.03050453912933826,1.7504655090218806,revision_common,2
20180427,-0.032118075054434425,1.5411777484404396,revision_common,3
20180427,-0.03390114817957879,1.4631682857146113,revision_common,4
20180427,-0.03884166373545783,1.553016913286309,revision_common,5
20180427,-0.03330284417045992,2.066388599442689,revision_common,6
20180427,0.0022441111864144325,1.7657293910075027,revision_common,7
20180427,-0.05639728246920772,2.3632423291741795,revision_common,8
20180427,-0.044987153141153646,2.143637127738524,revision_common,9
20180427,-0.0359359569639619,3.25392364659095,revision_common,10
20180427,-0.008562693510409836,1.2518860868341932,combined_50_50,1
20180427,-0.033873300778950344,1.3651058835488652,combined_50_50,2
20180427,-0.040194290698789326,1.2890026725086263,combined_50_50,3
20180427,-0.012735558563766958,1.6392966186913553,combined_50_50,4
20180427,-0.016666634568382133,1.4579866308354665,combined_50_50,5
20180427,-0.045465880093500055,1.9448735673862598,combined_50_50,6
20180427,-0.028901178657960602,2.281473601469291,combined_50_50,7
20180427,-0.04408557047019235,2.158912221309895,combined_50_50,8
20180427,-0.014474891987719118,3.0609278105350763,combined_50_50,9
20180427,-0.04634302159579706,3.8576096963474984,combined_50_50,10
20180531,-0.08738791105525723,1.0198211095882346,pbroe_common,1
20180531,-0.08060531295701445,1.077569052092032,pbroe_common,2
20180531,-0.15495465395574337,1.4109619740294346,pbroe_common,3
20180531,-0.06968207245959535,1.3448126021099678,pbroe_common,4
20180531,-0.15023394499887444,1.7714485223694765,pbroe_common,5
20180531,-0.09652434338246307,2.000894651311385,pbroe_common,6
20180531,-0.0919507379730592,1.8466841336194844,pbroe_common,7
20180531,-0.09588017455807651,2.316282360243314,pbroe_common,8
20180531,-0.10123491197442536,2.575872415024917,pbroe_common,9
20180531,-0.060894347761308865,2.817898141876556,pbroe_common,10
20180531,-0.07691677274012598,1.3786779948014527,revision_common,1
20180531,-0.11477468447984507,1.5495563825310428,revision_common,2
20180531,-0.04606306357579337,1.4701863798324295,revision_common,3
20180531,-0.08578197048822711,1.3376548270101307,revision_common,4
20180531,-0.1105841005776309,1.3812779347486939,revision_common,5
20180531,-0.08537699693291745,1.889966546325855,revision_common,6
20180531,-0.0899393627276438,1.6069208148308174,revision_common,7
20180531,-0.12373197852661988,2.070833680047601,revision_common,8
20180531,-0.0966088666678323,1.936542774280618,revision_common,9
20180531,-0.1696447470366963,2.701912592688304,revision_common,10
20180531,-0.08157914822090795,1.1497582862006541,combined_50_50,1
20180531,-0.06784845018687258,1.2724855650090934,combined_50_50,2
20180531,-0.08753245436615387,1.1761731048994146,combined_50_50,3
20180531,-0.1289138055709732,1.4279686531162241,combined_50_50,4
20180531,-0.1196115249320564,1.2835946265906852,combined_50_50,5
20180531,-0.10801772540933963,1.734792748428448,combined_50_50,6
20180531,-0.08460807772796963,2.0884425056618663,combined_50_50,7
20180531,-0.10205669301694431,1.9385807794891414,combined_50_50,8
20180531,-0.127347963260402,2.6711248881763128,combined_50_50,9
20180531,-0.08733066097625286,3.520722091777069,combined_50_50,10
20180629,-0.009179189128890819,1.010459978745689,pbroe_common,1
20180629,-0.019203083337173465,1.0568764037831497,pbroe_common,2
20180629,0.00019352411338591224,1.41123502919448,pbroe_common,3
20180629,-0.02392886074555145,1.3126327686252157,pbroe_common,4
20180629,-0.016264625158003643,1.7426365761664375,pbroe_common,5
20180629,-0.004566192664168911,1.9917581808327922,pbroe_common,6
20180629,0.006284366019506438,1.8582893726375644,pbroe_common,7
20180629,0.0018653188796302622,2.3206029654604303,pbroe_common,8
20180629,0.020554679099759943,2.628818645917678,pbroe_common,9
20180629,-0.010473589386952864,2.7883846338042835,pbroe_common,10
20180629,-0.021053373916832707,1.3496521714659886,revision_common,1
20180629,-0.017605304121762533,1.5222759711627656,revision_common,2
20180629,-0.002293086241330289,1.4668151156726446,revision_common,3
20180629,-0.011021753727539996,1.32291152493437,revision_common,4
20180629,-0.02136544266041629,1.3517663202357224,revision_common,5
20180629,-0.008520953865402747,1.8738622285774578,revision_common,6
20180629,-0.006950846335811001,1.5957513551731122,revision_common,7
20180629,0.0018203629080915107,2.074603348867586,revision_common,8
20180629,-0.007403167867794269,1.9222062230394545,revision_common,9
20180629,0.030311108194345904,2.7838105576169445,revision_common,10
20180629,-0.02211150669695161,1.1243353981554527,combined_50_50,1
20180629,-0.017354982329499613,1.2504016005138172,combined_50_50,2
20180629,-0.002794190487349746,1.172886653198228,combined_50_50,3
20180629,-0.011233070751358265,1.4119281802050478,combined_50_50,4
20180629,-0.043713920807804674,1.2274836727345764,combined_50_50,5
20180629,-0.006726616928419138,1.7231234621595704,combined_50_50,6
20180629,0.008261185777287405,2.1056955171863225,combined_50_50,7
20180629,0.006902555766307161,1.9519619414270564,combined_50_50,8
20180629,0.023676017023315676,2.734366486500177,combined_50_50,9
20180629,0.012350243430767183,3.564203866662596,combined_50_50,10
20180731,-0.0807288172986953,0.9288867397338847,pbroe_common,1
20180731,-0.07514130605544445,0.9774613304637025,pbroe_common,2
20180731,-0.07046662726703523,1.311790056406049,pbroe_common,3
20180731,-0.08495155377658059,1.2011225753924488,pbroe_common,4
20180731,-0.07041054237989786,1.6199365896675104,pbroe_common,5
20180731,-0.10027864312652279,1.7920273730227283,pbroe_common,6
20180731,-0.08669790939740685,1.6971795689744689,pbroe_common,7
20180731,-0.09458111830084648,2.1011177418549223,pbroe_common,8
20180731,-0.09875017513401352,2.369222344237747,pbroe_common,9
20180731,-0.11862177673766194,2.4576214943144246,pbroe_common,10
20180731,-0.08363574362676784,1.2367730084679487,revision_common,1
20180731,-0.10370229491077065,1.3644124594656646,revision_common,2
20180731,-0.07622420236782246,1.355008303459432,revision_common,3
20180731,-0.09078298130942619,1.2028136726922285,revision_common,4
20180731,-0.10708989318975848,1.207005809384166,revision_common,5
20180731,-0.08203343541868746,1.7201428724659311,revision_common,6
20180731,-0.08849700319996179,1.454532142388014,revision_common,7
20180731,-0.10271361177809724,1.8615133458984605,revision_common,8
20180731,-0.07030370427869426,1.787068005172223,revision_common,9
20180731,-0.07514285190461045,2.5746270931554434,revision_common,10
20180731,-0.06828456887429346,1.0475606402223006,combined_50_50,1
20180731,-0.09767727554381722,1.128265778839999,combined_50_50,2
20180731,-0.08803280782590805,1.069634147855656,combined_50_50,3
20180731,-0.07416895314425409,1.3072069451643678,combined_50_50,4
20180731,-0.06708058412342666,1.145143350965572,combined_50_50,5
20180731,-0.09973066649156326,1.5512752108311465,combined_50_50,6
20180731,-0.1049470304654424,1.884709025593224,combined_50_50,7
20180731,-0.09468700571637123,1.7671365099210137,combined_50_50,8
20180731,-0.08456885025266359,2.5031242565674416,combined_50_50,9
20180731,-0.10137730520889854,3.2028744834452056,combined_50_50,10
20180831,-0.024882053462840226,0.9057741302149028,pbroe_common,1
20180831,-0.030124557463202306,0.9480157404460906,pbroe_common,2
20180831,-0.01552333468785938,1.291426700320252,pbroe_common,3
20180831,-0.03083462978056939,1.1640864054591387,pbroe_common,4
20180831,-0.026637030340417533,1.5767862895789844,pbroe_common,5
20180831,-0.023710187568365737,1.7495380678807138,pbroe_common,6
20180831,-0.024232369231218964,1.6560528870073985,pbroe_common,7
20180831,-0.02847525725538924,2.041287873631741,pbroe_common,8
20180831,-0.03479126876694161,2.286794092890728,pbroe_common,9
20180831,-0.018350647402718967,2.4125225488229174,pbroe_common,10
20180831,-0.035412819257511496,1.1929753894565045,revision_common,1
20180831,-0.039907979688732276,1.3099615147462556,revision_common,2
20180831,-0.023347522939079823,1.3233722160117694,revision_common,3
20180831,-0.03025747831346126,1.1664195640756088,revision_common,4
20180831,-0.03459888405856659,1.165244755327267,revision_common,5
20180831,-0.01723817057579924,1.6904907562156182,revision_common,6
20180831,-0.03796046586988944,1.3993174246402367,revision_common,7
20180831,-0.025407538880703684,1.8142168731855965,revision_common,8
20180831,-0.002511024251214744,1.7825806340726655,revision_common,9
20180831,-0.008891977812031993,2.5517335661688487,revision_common,10
20180831,-0.049415169763651345,0.9957952533479962,combined_50_50,1
20180831,-0.02642861462451518,1.0984472773770082,combined_50_50,2
20180831,-0.032621064526055066,1.0347415432991847,combined_50_50,3
20180831,-0.026508823382075053,1.2725544271311837,combined_50_50,4
20180831,-0.008064864538855687,1.1359079249624633,combined_50_50,5
20180831,-0.029241077375992908,1.5059142523597733,combined_50_50,6
20180831,-0.00984008369729339,1.8661633310363424,combined_50_50,7
20180831,-0.0312581236012911,1.7118991384735485,combined_50_50,8
20180831,-0.022025928087788138,2.447990621697489,combined_50_50,9
20180831,-0.020188884975230303,3.1382120189088303,combined_50_50,10
20180928,-0.10098142170507485,0.8143077708021244,pbroe_common,1
20180928,-0.09636279328466713,0.8566622956188733,pbroe_common,2
20180928,-0.09218714281037299,1.1723737626687,pbroe_common,3
20180928,-0.07546807375621989,1.0762350467533355,pbroe_common,4
20180928,-0.08450502806271554,1.4435399199292072,pbroe_common,5
20180928,-0.08361449404848986,1.6032513275162954,pbroe_common,6
20180928,-0.07900869594565585,1.5252103079879054,pbroe_common,7
20180928,-0.07553442581254532,1.8871003661788557,pbroe_common,8
20180928,-0.08823989153820777,2.085007630163836,pbroe_common,9
20180928,-0.09685196207447455,2.1788650064205055,pbroe_common,10
20180928,-0.09140647826447612,1.0839297104500936,revision_common,1
20180928,-0.08955053120401724,1.1926537652439093,revision_common,2
20180928,-0.08893131094916262,1.2056829899681443,revision_common,3
20180928,-0.10097146440364291,1.0486444725818358,revision_common,4
20180928,-0.08650179742016695,1.0644489895570357,revision_common,5
20180928,-0.09331209843750354,1.5327475163639366,revision_common,6
20180928,-0.08020411861407539,1.2870864039356487,revision_common,7
20180928,-0.06823254119182731,1.6904282456550521,revision_common,8
20180928,-0.10169128936919458,1.6013077109892597,revision_common,9
20180928,-0.07336086053506319,2.3645361958984963,revision_common,10
20180928,-0.09835708030800061,0.8978517396441216,combined_50_50,1
20180928,-0.08879450326395821,1.0009111970206694,combined_50_50,2
20180928,-0.08773557145318234,0.9439579026914828,combined_50_50,3
20180928,-0.09077784819956469,1.1570346745193851,combined_50_50,4
20180928,-0.07826298682966637,1.0470083779914123,combined_50_50,5
20180928,-0.08038843939577012,1.3848561557487231,combined_50_50,6
20180928,-0.0935379735874372,1.6916061946680212,combined_50_50,7
20180928,-0.0905786481973998,1.5568376286603212,combined_50_50,8
20180928,-0.08705481051978614,2.2348812619714007,combined_50_50,9
20180928,-0.07603975834609622,2.899583135352188,combined_50_50,10
20181031,0.056371948063903776,0.8602118861658149,pbroe_common,1
20181031,0.049341896078152425,0.8989316375833712,pbroe_common,2
20181031,0.057710720622085265,1.2400322973507363,pbroe_common,3
20181031,0.055425114271806075,1.1358854972029617,pbroe_common,4
20181031,0.06332694194598942,1.5349548886352824,pbroe_common,5
20181031,0.05390310901742712,1.6896715586057411,pbroe_common,6
20181031,0.05542919147010861,1.6097514821815502,pbroe_common,7
20181031,0.06735586054266474,2.0142076352732103,pbroe_common,8
20181031,0.07612263033451772,2.2437238952394463,pbroe_common,9
20181031,0.07870395817442954,2.350350306753553,pbroe_common,10
20181031,0.0672277908175054,1.1567999102851116,revision_common,1
20181031,0.09320050852487305,1.3038097026587463,revision_common,2
20181031,0.05931360242474404,1.2771963914853914,revision_common,3
20181031,0.08192569745843348,1.1345554023840339,revision_common,4
20181031,0.04936788866361197,1.1169985887615816,revision_common,5
20181031,0.06615909584348367,1.63415270620292,revision_common,6
20181031,0.04119891723370572,1.3401129701640213,revision_common,7
20181031,0.0567487342099664,1.7863579088687505,revision_common,8
20181031,0.0575084858175432,1.693396492776208,revision_common,9
20181031,0.03964589539745944,2.4582803505845945,revision_common,10
20181031,0.06499276962736822,0.9562056109183438,combined_50_50,1
20181031,0.051410465213415746,1.052368507296819,combined_50_50,2
20181031,0.06874114172580126,1.0088466466635881,combined_50_50,3
20181031,0.06081371743696917,1.2273982542803827,combined_50_50,4
20181031,0.06937838502931348,1.1196481283686175,combined_50_50,5
20181031,0.05904310879194408,1.4666223684137885,combined_50_50,6
20181031,0.06222245990162634,1.7968620932850947,combined_50_50,7
20181031,0.06892985831620324,1.6641502258252108,combined_50_50,8
20181031,0.06250967566045085,2.374582964796852,combined_50_50,9
20181031,0.04396912000154796,3.027075254184953,combined_50_50,10
20181130,-0.06795319291597945,0.8017577419165707,pbroe_common,1
20181130,-0.054475777549139015,0.8499616376624962,pbroe_common,2
20181130,-0.05740544013534188,1.168847697539278,pbroe_common,3
20181130,-0.046119025116984846,1.0834995654274395,pbroe_common,4
20181130,-0.07162963381766196,1.425006632035707,pbroe_common,5
20181130,-0.0711884662809551,1.5693864318300474,pbroe_common,6
20181130,-0.05795193707088275,1.5164632655864048,pbroe_common,7
20181130,-0.05962028997778113,1.8941199919827607,pbroe_common,8
20181130,-0.07068652168829836,2.08512285745605,pbroe_common,9
20181130,-0.0649091478403836,2.1977910712157955,pbroe_common,10
20181130,-0.06632593977395773,1.0800740691050217,revision_common,1
20181130,-0.07048692528844547,1.211908165557089,revision_common,2
20181130,-0.05273373305657281,1.2098450579159827,revision_common,3
20181130,-0.06628898348639145,1.0593468780510025,revision_common,4
20181130,-0.06551074719332195,1.0438231765979242,revision_common,5
20181130,-0.061727615708415895,1.5332803559455583,revision_common,6
20181130,-0.0661456938048216,1.251470267975682,revision_common,7
20181130,-0.05560184742573915,1.6870331089720678,revision_common,8
20181130,-0.05545763000495085,1.5994847366281435,revision_common,9
20181130,-0.06029935761560923,2.310047624605269,revision_common,10
20181130,-0.06308257264675965,0.8958857010023482,combined_50_50,1
20181130,-0.06601353791322218,0.9828979389416994,combined_50_50,2
20181130,-0.05645787889886256,0.9518893048587317,combined_50_50,3
20181130,-0.05176313799914989,1.1638642690641516,combined_50_50,4
20181130,-0.06766013868622489,1.0438925807234247,combined_50_50,5
20181130,-0.07391506555673466,1.3582168799055099,combined_50_50,6
20181130,-0.060131290973293394,1.6888144559148877,combined_50_50,7
20181130,-0.05785058176744884,1.567878167112791,combined_50_50,8
20181130,-0.06992917046659086,2.20853034786451,combined_50_50,9
20181130,-0.05434793005158711,2.862559980009619,combined_50_50,10
20181228,0.007865350107241431,0.8080638472579359,pbroe_common,1
20181228,-0.003565994504973191,0.8469306791331538,pbroe_common,2
20181228,-0.002073894124299702,1.16642363116715,pbroe_common,3
20181228,-0.011708570740802338,1.0708133341180037,pbroe_common,4
20181228,0.016775779870202623,1.448912229608317,pbroe_common,5
20181228,0.010345818008110852,1.5856230182381594,pbroe_common,6
20181228,0.012243884465761301,1.5350306666068156,pbroe_common,7
20181228,0.01829552362346032,1.92877390904175,pbroe_common,8
20181228,-0.0044435013429467984,2.075857611238735,pbroe_common,9
20181228,0.010221916106831763,2.2202567071661075,pbroe_common,10
20181228,-0.018667708801170635,1.0599115608992737,revision_common,1
20181228,0.014784564884635643,1.2298257004649875,revision_common,2
20181228,-0.0014340463630290179,1.2081100840108496,revision_common,3
20181228,0.009717700130167595,1.0696412933457313,revision_common,4
20181228,-0.00013501109302205272,1.04368224888993,revision_common,5
20181228,0.02447989924822802,1.5708149045783928,revision_common,6
20181228,-0.004338951878879227,1.2460401987050873,revision_common,7
20181228,-0.003197034366805629,1.6816396061447452,revision_common,8
20181228,0.010607605916287621,1.616451440383412,revision_common,9
20181228,0.02046860668363215,2.357331080853773,revision_common,10
20181228,-0.009518317815391586,0.887358376173943,combined_50_50,1
20181228,0.007247423558760957,0.9900214166202431,combined_50_50,2
20181228,0.013664185622380476,0.9648960970122801,combined_50_50,3
20181228,-0.003710539223886866,1.1595457050425086,combined_50_50,4
20181228,0.005636203149071095,1.04977617137419,combined_50_50,5
20181228,-0.0027879596982990362,1.3544302259827838,combined_50_50,6
20181228,0.0017754940793206497,1.6918129359824357,combined_50_50,7
20181228,0.003635138415777117,1.573577621269321,combined_50_50,8
20181228,0.0207106976478999,2.254270552145343,combined_50_50,9
20181228,0.015903850139627584,2.9080857049473874,combined_50_50,10
20190131,0.20292061505917913,0.9720366601506027,pbroe_common,1
20190131,0.18563060578143742,1.0041469341555254,pbroe_common,2
20190131,0.17735761815669848,1.3732977481526432,pbroe_common,3
20190131,0.18188917517888958,1.2655826882312842,pbroe_common,4
20190131,0.19233709223962858,1.7275917947616177,pbroe_common,5
20190131,0.1960070100474478,1.8964162451054307,pbroe_common,6
20190131,0.19955121529644293,1.8413479016455145,pbroe_common,7
20190131,0.17811035055173563,2.2723085061162176,pbroe_common,8
20190131,0.19777971508461945,2.4864201381457707,pbroe_common,9
20190131,0.21869130567353312,2.7058075453866826,pbroe_common,10
20190131,0.23171405637123033,1.3055079680700068,revision_common,1
20190131,0.21700191506624233,1.4967002326635728,revision_common,2
20190131,0.2032738425541636,1.4536872630161684,revision_common,3
20190131,0.19403937364807833,1.2771938199346575,revision_common,4
20190131,0.1716859060288256,1.2228677813967999,revision_common,5
20190131,0.16481423742410883,1.829707565210905,revision_common,6
20190131,0.20099142031168982,1.496483588008283,revision_common,7
20190131,0.16038131238963538,1.9513431731446291,revision_common,8
20190131,0.17270956989388142,1.8956280734063764,revision_common,9
20190131,0.2066260873144279,2.8444171785952794,revision_common,10
20190131,0.20909255173273955,1.072898403349573,combined_50_50,1
20190131,0.1937304252151748,1.1818186866342126,combined_50_50,2
20190131,0.19815798501332926,1.1560979633434594,combined_50_50,3
20190131,0.18595858637128293,1.3751731851851061,combined_50_50,4
20190131,0.19254696729960363,1.2519073895156791,combined_50_50,5
20190131,0.19505298192431253,1.6186158803691462,combined_50_50,6
20190131,0.19102901938073136,2.0149983021187965,combined_50_50,7
20190131,0.18484836968329055,1.8644508791310654,combined_50_50,8
20190131,0.18332395656855738,2.6675323489406138,combined_50_50,9
20190131,0.1865816051259126,3.450681003620192,combined_50_50,10
20190228,0.10628896775631325,1.0753534333793047,pbroe_common,1
20190228,0.08812117711993905,1.0926335439946882,pbroe_common,2
20190228,0.09176886169858833,1.499323719273846,pbroe_common,3
20190228,0.09780071723668682,1.3893575828626379,pbroe_common,4
20190228,0.12311389599097922,1.9402823512967686,pbroe_common,5
20190228,0.09456779617928657,2.075756150043649,pbroe_common,6
20190228,0.11340624095629348,2.050168245463891,pbroe_common,7
20190228,0.09066649941048133,2.478330763946435,pbroe_common,8
20190228,0.10491994175059927,2.747295194207542,pbroe_common,9
20190228,0.12530604238326548,3.0448615803498655,pbroe_common,10
20190228,0.07998220608846185,1.4099253754223111,revision_common,1
20190228,0.10229483395784733,1.6498049344485644,revision_common,2
20190228,0.09262248967634279,1.5883313965275145,revision_common,3
20190228,0.09719912068353187,1.4013359361747473,revision_common,4
20190228,0.0979621430355948,1.3426625299116137,revision_common,5
20190228,0.10539470152353281,2.0225490479216583,revision_common,6
20190228,0.12919384077056817,1.6898200503931937,revision_common,7
20190228,0.09864238317775431,2.1438283141412566,revision_common,8
20190228,0.11969307913296667,2.122521634403279,revision_common,9
20190228,0.11186726493868004,3.1626143487093303,revision_common,10
20190228,0.09382330968074704,1.173561282503019,combined_50_50,1
20190228,0.10033865403519471,1.300400782964731,combined_50_50,2
20190228,0.08579842575010654,1.2552893486112326,combined_50_50,3
20190228,0.10967072373150555,1.5259894236605163,combined_50_50,4
20190228,0.0957353354526651,1.371759163406633,combined_50_50,5
20190228,0.0945470910743984,1.7716513034248755,combined_50_50,6
20190228,0.11502775989598768,2.2467790430057404,combined_50_50,7
20190228,0.09343599083007637,2.0386576943766834,combined_50_50,8
20190228,0.10431182640483883,2.945787520252599,combined_50_50,9
20190228,0.14277925833189298,3.943366678057035,combined_50_50,10
20190329,-0.07847179223417722,0.9909685221768547,pbroe_common,1
20190329,-0.08737951467363281,0.9971597552043009,pbroe_common,2
20190329,-0.07369460744591494,1.3888316463476107,pbroe_common,3
20190329,-0.09568326958243989,1.256419306715185,pbroe_common,4
20190329,-0.06912678807121797,1.8061568644003525,pbroe_common,5
20190329,-0.05279388140684971,1.9661689260287059,pbroe_common,6
20190329,-0.08083148068792867,1.8844501105236722,pbroe_common,7
20190329,-0.08554272648438843,2.26632759326832,pbroe_common,8
20190329,-0.10054442417058673,2.4710699808793244,pbroe_common,9
20190329,-0.04475910816484163,2.908576291528015,pbroe_common,10
20190329,-0.08168478963495251,1.2947559177299581,revision_common,1
20190329,-0.09793844057270518,1.4882256119195179,revision_common,2
20190329,-0.07973472472741616,1.4616862298494806,revision_common,3
20190329,-0.07480622317089503,1.296507287395864,revision_common,4
20190329,-0.09465296239549947,1.2155755439580436,revision_common,5
20190329,-0.09139306730080277,1.8377020866657796,revision_common,6
20190329,-0.06742669312229344,1.5758810724234333,revision_common,7
20190329,-0.06059784586929162,2.0139169363907015,revision_common,8
20190329,-0.06217588470061386,1.9905519739880624,revision_common,9
20190329,-0.054067186964361746,2.9916206874214897,revision_common,10
20190329,-0.09058053492575657,1.0672594737657386,combined_50_50,1
20190329,-0.06881830110271869,1.210909410328453,combined_50_50,2
20190329,-0.08990963592476231,1.1424267402973647,combined_50_50,3
20190329,-0.08670451314836036,1.3936792536124842,combined_50_50,4
20190329,-0.07228778900469879,1.2725977264370323,combined_50_50,5
20190329,-0.0992267946018146,1.5958560234338983,combined_50_50,6
20190329,-0.08734799555243677,2.050527397149967,combined_50_50,7
20190329,-0.062379044559292884,1.911488175218015,combined_50_50,8
20190329,-0.06833616929470998,2.7444836855623733,combined_50_50,9
20190329,-0.040411598545606275,3.784008926945273,combined_50_50,10
20190430,-0.007787333489243653,0.9832515198173206,pbroe_common,1
20190430,-0.007150457309977765,0.9900296069434846,pbroe_common,2
20190430,-0.01610432988931898,1.3664654433541028,pbroe_common,3
20190430,-0.030923669633796336,1.2175662111528012,pbroe_common,4
20190430,-0.0562046125073693,1.7046425177092055,pbroe_common,5
20190430,-0.02409788337715546,1.918788416549479,pbroe_common,6
20190430,-0.024442145470920495,1.8383901067895603,pbroe_common,7
20190430,-0.036010446137445085,2.1847161255411254,pbroe_common,8
20190430,-0.046305708915824084,2.3566453336340953,pbroe_common,9
20190430,-0.059270701208718246,2.7361829352100964,pbroe_common,10
20190430,-0.05975098202479978,1.2173929801631722,revision_common,1
20190430,-0.04390996286941706,1.4228776805588164,revision_common,2
20190430,-0.0305303109571905,1.4170604947303325,revision_common,3
20190430,-0.04973761030737722,1.2320221131746938,revision_common,4
20190430,-0.02693211760509817,1.1828375204502843,revision_common,5
20190430,-0.003449209302183287,1.8313634675338104,revision_common,6
20190430,-0.02482733482667343,1.5367561453913596,revision_common,7
20190430,-0.04293010260357677,1.9274592756763678,revision_common,8
20190430,-0.0006037944012606822,1.98935008985075,revision_common,9
20190430,-0.010397402571070136,2.960515602794427,revision_common,10
20190430,-0.05219078486424511,1.0115583641761035,combined_50_50,1
20190430,-0.021560531043992026,1.1848015603956044,combined_50_50,2
20190430,-0.027071916445442268,1.1114990590389955,combined_50_50,3
20190430,-0.01930559302955681,1.366773449128505,combined_50_50,4
20190430,-0.02495398962421924,1.2408413359757176,combined_50_50,5
20190430,-0.040940902206870966,1.5305202380422451,combined_50_50,6
20190430,-0.0023077823999573255,2.045795226112194,combined_50_50,7
20190430,-0.030631634125310003,1.8529361687998804,combined_50_50,8
20190430,-0.029850206250159772,2.6625602814981377,combined_50_50,9
20190430,-0.05436890133440209,3.5782765189476886,combined_50_50,10
20190531,0.014071083096022008,0.9970869336569601,pbroe_common,1
20190531,0.02263925789747878,1.0124431425412177,pbroe_common,2
20190531,-0.01925696934381982,1.3401514602020437,pbroe_common,3
20190531,-0.015362818568067205,1.1988609623562516,pbroe_common,4
20190531,-0.013935555867838678,1.6808873766689756,pbroe_common,5
20190531,0.03441715555626401,1.9848276559614202,pbroe_common,6
20190531,0.07468547277034987,1.9756911410514726,pbroe_common,7
20190531,0.08055073449410899,2.360696614114587,pbroe_common,8
20190531,0.0055849692521907635,2.3698071253607607,pbroe_common,9
20190531,0.007703422795091397,2.757260909204734,pbroe_common,10
20190531,0.03627222043158351,1.2615505266915132,revision_common,1
20190531,0.0005916602279605332,1.4237195406916558,revision_common,2
20190531,0.01769360677237941,1.4421334058967645,revision_common,3
20190531,0.0034598221807169427,1.2362846906089895,revision_common,4
20190531,0.005764145424385525,1.1896555679315794,revision_common,5
20190531,0.010588959627731986,1.8507557013552294,revision_common,6
20190531,0.026734872201647608,1.5778411245434942,revision_common,7
20190531,0.0014882931791930787,1.9303279001695295,revision_common,8
20190531,0.011865219282461537,2.0129541648964135,revision_common,9
20190531,0.07044437965046058,3.1690672878787898,revision_common,10
20190531,0.019516767287927506,1.031300713367885,combined_50_50,1
20190531,-0.0053577941611818725,1.1784536375131576,combined_50_50,2
20190531,0.027181013513170482,1.1417107299826106,combined_50_50,3
20190531,1.4491622905898893e-05,1.3667932558939277,combined_50_50,4
20190531,-0.002237629399249763,1.238064792922534,combined_50_50,5
20190531,0.0018866195679334563,1.5334077474724537,combined_50_50,6
20190531,0.03736007022600796,2.1222262794277773,combined_50_50,7
20190531,0.02860006115977831,1.9059302565527223,combined_50_50,8
20190531,0.03968877148903793,2.768234028086306,combined_50_50,9
20190531,0.06463640872779286,3.8095634625674553,combined_50_50,10
20190628,-0.040169554524555395,0.957034395709705,pbroe_common,1
20190628,-0.023757388826469272,0.9883901371391736,pbroe_common,2
20190628,0.002558601723048337,1.3435803740372625,pbroe_common,3
20190628,-0.025828100291904854,1.1678966611844648,pbroe_common,4
20190628,-0.018993393519448842,1.6489616212620277,pbroe_common,5
20190628,-0.006150974778148743,1.9726190311106293,pbroe_common,6
20190628,-0.020768161524689632,1.9346596683112172,pbroe_common,7
20190628,-0.020988255890064478,2.3111497094987414,pbroe_common,8
20190628,-0.020803950761257295,2.3205057746110787,pbroe_common,9
20190628,-0.03817526054404452,2.6520017556079343,pbroe_common,10
20190628,-0.021919460436832794,1.233898019832633,revision_common,1
20190628,-0.03539642348484795,1.3733249609056808,revision_common,2
20190628,-0.03795380981112473,1.3873989488870893,revision_common,3
20190628,-0.007244508345833789,1.2273284158500462,revision_common,4
20190628,-0.03671057887358242,1.1459826233726307,revision_common,5
20190628,-0.0040210388673802555,1.8433137407460545,revision_common,6
20190628,0.01308421537174742,1.5984859376394216,revision_common,7
20190628,-0.03820297451079124,1.8565836326018839,revision_common,8
20190628,-0.02027006728762082,1.9721514485270666,revision_common,9
20190628,-0.033011777844959456,3.064450742595607,revision_common,10
20190628,-0.0241587876155116,1.0063857384659047,combined_50_50,1
20190628,-0.026194677443572956,1.1475844245962952,combined_50_50,2
20190628,-0.010658401540292739,1.1295419185795952,combined_50_50,3
20190628,-0.03764000257956701,1.3153471542163455,combined_50_50,4
20190628,0.00018483246901457306,1.2382936274950098,combined_50_50,5
20190628,-0.008778328032400973,1.5199469912577155,combined_50_50,6
20190628,-0.04063510153685235,2.035989399079053,combined_50_50,7
20190628,-0.03480854063230798,1.8395876057751617,combined_50_50,8
20190628,-0.013422113150414527,2.7310784777345036,combined_50_50,9
20190628,-0.019482143543622432,3.735345000351177,combined_50_50,10
20190731,0.022557392481967753,0.9786225961924717,pbroe_common,1
20190731,0.04646356776178595,1.0343142692512204,pbroe_common,2
20190731,0.029937537911942202,1.3838038624227444,pbroe_common,3
20190731,0.00842915254187071,1.1777410402947301,pbroe_common,4
20190731,0.0025223511963639034,1.6531208815801763,pbroe_common,5
20190731,0.03352311722855861,2.0387473701378367,pbroe_common,6
20190731,0.00955797044998219,1.9531510882517082,pbroe_common,7
20190731,-0.003650145067154109,2.30271367778716,pbroe_common,8
20190731,0.012486743993204152,2.3494813361533993,pbroe_common,9
20190731,-0.023702110746968597,2.58914371629536,pbroe_common,10
20190731,0.010217474767252543,1.2465053417156358,revision_common,1
20190731,0.023125139475875356,1.4050832921723257,revision_common,2
20190731,0.0333238576610273,1.4336324339788615,revision_common,3
20190731,0.01891628355041286,1.2505449081737448,revision_common,4
20190731,0.023558464599639173,1.1729802144371564,revision_common,5
20190731,-0.009147106384749915,1.826452753858979,revision_common,6
20190731,-0.011833905436038683,1.579569606212559,revision_common,7
20190731,0.019749908560550367,1.8932509895807854,revision_common,8
20190731,0.008415933142208454,1.9887489432641798,revision_common,9
20190731,0.022028669287651015,3.131956514552542,revision_common,10
20190731,0.034033823188921675,1.0406368927487057,combined_50_50,1
20190731,0.03189565895664681,1.1841873860271783,combined_50_50,2
20190731,0.040393240784939666,1.1751677772734634,combined_50_50,3
20190731,-0.007299150413369815,1.3057462374919224,combined_50_50,4
20190731,0.01752218920798443,1.2599912427310187,combined_50_50,5
20190731,0.00829818821809436,1.532559797472698,combined_50_50,6
20190731,0.013088469295345906,2.062637383814549,combined_50_50,7
20190731,0.008979258854516559,1.8561057390729774,combined_50_50,8
20190731,0.00032538282613603364,2.7319671237679883,combined_50_50,9
20190731,-0.010735906172873122,3.695242686904096,combined_50_50,10
20190830,0.02127830414489229,0.9994460254373192,pbroe_common,1
20190830,0.012377369198052213,1.0471163588285564,pbroe_common,2
20190830,0.024811243013027173,1.4181377563356807,pbroe_common,3
20190830,0.02988260906478568,1.2129350153814116,pbroe_common,4
20190830,0.014143932284565786,1.6765025113874479,pbroe_common,5
20190830,0.015388351453056615,2.070120331193513,pbroe_common,6
20190830,0.014731714512685512,1.9819243524839736,pbroe_common,7
20190830,0.01409538579074665,2.335171315441199,pbroe_common,8
20190830,0.022351308403700143,2.4019953180865015,pbroe_common,9
20190830,0.024667769850861943,2.653012117599739,pbroe_common,10
20190830,0.040444836161370956,1.2969200460355983,revision_common,1
20190830,0.021289182317186572,1.4349963665502152,revision_common,2
20190830,0.029793591508849415,1.4763454930906652,revision_common,3
20190830,0.012192529067392988,1.2657922133167334,revision_common,4
20190830,0.029935080361513045,1.2080934714187974,revision_common,5
20190830,0.010739790509187719,1.8460684738103532,revision_common,6
20190830,0.020171337408298573,1.6114316376993658,revision_common,7
20190830,0.006168465601769979,1.9049294431855315,revision_common,8
20190830,-0.006359934820938551,1.9761006296098091,revision_common,9
20190830,0.027001380586794355,3.2165236643832653,revision_common,10
20190830,0.025487646922355056,1.0671602784454615,combined_50_50,1
20190830,0.026063202935019847,1.2150511021822954,combined_50_50,2
20190830,0.017303778341572595,1.195502620005562,combined_50_50,3
20190830,0.024835886316425748,1.3381756026043725,combined_50_50,4
20190830,0.028399816164605962,1.295774762393593,combined_50_50,5
20190830,0.02285785310202404,1.5675908241933967,combined_50_50,6
20190830,0.018422693100508702,2.100636719314201,combined_50_50,7
20190830,0.008077803412217532,1.8710989963454976,combined_50_50,8
20190830,0.0090523832476741,2.756697937192382,combined_50_50,9
20190830,0.004438586994496063,3.711644343035695,combined_50_50,10
20190930,-0.0026094995354768447,0.9968379714982063,pbroe_common,1
20190930,0.015874318393314768,1.0637386173034493,pbroe_common,2
20190930,0.010496792839241875,1.4330236545814437,pbroe_common,3
20190930,0.0008830457923056922,1.2140060925430844,pbroe_common,4
20190930,0.006720150438807915,1.6877688604750107,pbroe_common,5
20190930,-0.002579178845712793,2.0647811206272184,pbroe_common,6
20190930,-0.0018737609249428466,1.9782107000760965,pbroe_common,7
20190930,-0.015422357481470472,2.299157468633989,pbroe_common,8
20190930,-0.022721665397553714,2.3474179841824494,pbroe_common,9
20190930,0.00760494348696894,2.6731881248243288,pbroe_common,10
20190930,-0.011386148659218498,1.2821531215923165,revision_common,1
20190930,0.0012913418842763758,1.436849437462126,revision_common,2
20190930,-0.011665667854666606,1.4591229369295355,revision_common,3
20190930,0.00014224565145393164,1.265972266754722,revision_common,4
20190930,-0.01613325946384192,1.1886029859878244,revision_common,5
20190930,0.009921960451292788,1.8643850921978782,revision_common,6
20190930,-0.014824741485435222,1.5875425802490213,revision_common,7
20190930,0.0016123169859145747,1.9080007932837484,revision_common,8
20190930,0.008464348640593089,1.992827034287722,revision_common,9
20190930,0.02416509211602591,3.294251255026464,revision_common,10
20190930,-0.0035747608847208623,1.0633454356243468,combined_50_50,1
20190930,-0.012930593189304895,1.1993397706757596,combined_50_50,2
20190930,0.00815550775792917,1.2052525508976422,combined_50_50,3
20190930,-0.013302587893973206,1.3203744040331573,combined_50_50,4
20190930,0.012356179236447273,1.311785587607793,combined_50_50,5
20190930,0.007444149976503445,1.579260205390483,combined_50_50,6
20190930,-0.003093409800005942,2.094138589100422,combined_50_50,7
20190930,0.002263105040756219,1.8753334899158811,combined_50_50,8
20190930,-0.0007382834576348252,2.7546627127076566,combined_50_50,9
20190930,-0.005421226962865178,3.691522676646664,combined_50_50,10
20191031,-0.019986725646906178,0.9769144444474531,pbroe_common,1
20191031,-0.0094286910264898,1.0537089545479497,pbroe_common,2
20191031,-0.004673615984956525,1.426326252322571,pbroe_common,3
20191031,-0.01641082902609381,1.1940832461217237,pbroe_common,4
20191031,-0.007971733758481592,1.674314416473448,pbroe_common,5
20191031,-0.007531204699942173,2.0492308313471987,pbroe_common,6
20191031,-0.0035600297180558016,1.9711682111952495,pbroe_common,7
20191031,-0.0021671227704553875,2.29417491213085,pbroe_common,8
20191031,0.0017353802870783142,2.3514916470777325,pbroe_common,9
20191031,-0.005622812240914432,2.6581572899137993,pbroe_common,10
20191031,0.009488673887064092,1.2943190544363874,revision_common,1
20191031,-0.010928889630315686,1.4211462685447211,revision_common,2
20191031,-0.006332082615246759,1.4498836499470962,revision_common,3
20191031,-0.0071980726819234064,1.2568597063653222,revision_common,4
20191031,-0.00828196854888541,1.178759013440762,revision_common,5
20191031,-0.0006092816029413806,1.863249156660404,revision_common,6
20191031,-0.009271139009374929,1.5728242523042308,revision_common,7
20191031,-0.020179710267415607,1.8694978900852832,revision_common,8
20191031,-0.012191642682847115,1.968531199156968,revision_common,9
20191031,-0.014856296415249992,3.2453108819154814,revision_common,10
20191031,-0.0071679622165031764,1.0557234157187003,combined_50_50,1
20191031,-0.0048134900528896685,1.1935667606195768,combined_50_50,2
20191031,-0.014900928494505083,1.1872931688188966,combined_50_50,3
20191031,-0.015410964099040858,1.30002616149531,combined_50_50,4
20191031,0.001991037131779505,1.3143974014216533,combined_50_50,5
20191031,-0.008058630363462438,1.5665335311475153,combined_50_50,6
20191031,-0.01162044307910215,2.069803770826029,combined_50_50,7
20191031,-0.001177613530800925,1.873125071823392,combined_50_50,8
20191031,-0.003658247135113313,2.7445854757306902,combined_50_50,9
20191031,-0.014977675252232037,3.6362322488095997,combined_50_50,10
20191129,0.08271322662040737,1.0577181902797848,pbroe_common,1
20191129,0.07800122824396749,1.1358995472143567,pbroe_common,2
20191129,0.09005726308681772,1.5547772908756197,pbroe_common,3
20191129,0.09196517212671607,1.303897317384936,pbroe_common,4
20191129,0.09085231791590243,1.8264297621300722,pbroe_common,5
20191129,0.09452779887192642,2.242940111214937,pbroe_common,6
20191129,0.08116485035423038,2.131157784079928,pbroe_common,7
20191129,0.09478110211078694,2.5116193387375296,pbroe_common,8
20191129,0.10502862226599374,2.5984655750402994,pbroe_common,9
20191129,0.10066316627782879,2.9257358191810146,pbroe_common,10
20191129,0.10697166477516484,1.432774518439665,revision_common,1
20191129,0.0915984766114597,1.551321101785478,revision_common,2
20191129,0.08235786872452056,1.5692929772552677,revision_common,3
20191129,0.09435902291105513,1.3754557601942297,revision_common,4
20191129,0.09195407286166057,1.287150705649033,revision_common,5
20191129,0.0966943870327095,2.0434148917528945,revision_common,6
20191129,0.07693834361827911,1.6938347450791766,revision_common,7
20191129,0.10106203464138486,2.058433150615078,revision_common,8
20191129,0.07632268148161336,2.1187747788568436,revision_common,9
20191129,0.08893119728478749,3.5339202642055745,revision_common,10
20191129,0.0799756343704685,1.1401555656105613,combined_50_50,1
20191129,0.09621614595238137,1.308407154263261,combined_50_50,2
20191129,0.10539934939588491,1.312433096354587,combined_50_50,3
20191129,0.08238466635674446,1.4071283830651402,combined_50_50,4
20191129,0.10229944571031835,1.4488595270301712,combined_50_50,5
20191129,0.0700693945979387,1.676299587292393,combined_50_50,6
20191129,0.08185800333920112,2.2392337748097972,combined_50_50,7
20191129,0.08466230654277562,2.031708160847063,combined_50_50,8
20191129,0.11514619478164656,3.0606140495140544,combined_50_50,9
20191129,0.08967900431383913,3.962325936336717,combined_50_50,10
20191231,-0.07535665649060408,0.9780120839510076,pbroe_common,1
20191231,-0.05222527129416177,1.0765768851981714,pbroe_common,2
20191231,-0.06394761563513707,1.4553529902804658,pbroe_common,3
20191231,-0.07537370606859295,1.205617744240737,pbroe_common,4
20191231,-0.05791738547178682,1.7206477255596409,pbroe_common,5
20191231,-0.05189682738757351,2.1265386354225506,pbroe_common,6
20191231,-0.07948094035575726,1.9617713593547634,pbroe_common,7
20191231,-0.07571719168044777,2.3214465758380207,pbroe_common,8
20191231,-0.09975204632048595,2.3392633166366914,pbroe_common,9
20191231,-0.11436922216671597,2.5911216892759823,pbroe_common,10
20191231,-0.08991254690091344,1.303950112352025,revision_common,1
20191231,-0.084119247689047,1.42082513777914,revision_common,2
20191231,-0.06844385182253931,1.4618845212538567,revision_common,3
20191231,-0.06388983684915894,1.2875781160821844,revision_common,4
20191231,-0.07771450259146795,1.1871204287992614,revision_common,5
20191231,-0.0899929739162495,1.8595219086993005,revision_common,6
20191231,-0.06958185828095953,1.5759745758957122,revision_common,7
20191231,-0.07459468007908432,1.9048849882807648,revision_common,8
20191231,-0.07092690069084862,1.9684966505305894,revision_common,9
20191231,-0.05345654082260887,3.3450091113382245,revision_common,10
20191231,-0.08634876010336645,1.0417045461951369,combined_50_50,1
20191231,-0.07302095916212847,1.2128660088843666,combined_50_50,2
20191231,-0.053812288497146255,1.241808067940351,combined_50_50,3
20191231,-0.07173882271279686,1.3061826494582855,combined_50_50,4
20191231,-0.05689551043451457,1.3664259246918802,combined_50_50,5
20191231,-0.08809047976502804,1.5286335524178876,combined_50_50,6
20191231,-0.06906941711044634,2.08457120320966,combined_50_50,7
20191231,-0.07927303025219434,1.8706484983486036,combined_50_50,8
20191231,-0.07045947932327201,2.844964777175803,combined_50_50,9
20191231,-0.10118710429301903,3.5613896485736793,combined_50_50,10
20200123,0.15152949662345172,1.1262097627237568,pbroe_common,1
20200123,0.15471343219066447,1.2431377901243155,pbroe_common,2
20200123,0.18352576058747294,1.7224477547449415,pbroe_common,3
20200123,0.14017827715790987,1.374619162539409,pbroe_common,4
20200123,0.13642154816100271,1.9553811521201951,pbroe_common,5
20200123,0.14072941791870863,2.425805179767211,pbroe_common,6
20200123,0.14683221185760087,2.2498225872077158,pbroe_common,7
20200123,0.1364361873648745,2.638175895816603,pbroe_common,8
20200123,0.12211429993042988,2.6249208189007165,pbroe_common,9
20200123,0.11031931760683644,2.8769724658731817,pbroe_common,10
20200123,0.13945644574532579,1.4857943604498567,revision_common,1
20200123,0.15065574844525176,1.6348806123210844,revision_common,2
20200123,0.11877517360703438,1.6355201090592197,revision_common,3
20200123,0.13249819627552095,1.458179894026907,revision_common,4
20200123,0.15559735500716165,1.371833227595394,revision_common,5
20200123,0.13023514336850384,2.1016970110756277,revision_common,6
20200123,0.09969097456373666,1.7330850172544272,revision_common,7
20200123,0.13148875780905,2.1553559491589094,revision_common,8
20200123,0.15387553051181224,2.2714001169417095,revision_common,9
20200123,0.17545606001787029,3.9319112307375073,revision_common,10
20200123,0.14763054882548476,1.1954919600639276,combined_50_50,1
20200123,0.1503864871544871,1.3952646673495694,combined_50_50,2
20200123,0.1534153099366995,1.4323204375653138,combined_50_50,3
20200123,0.13446987065758065,1.4818248613861174,combined_50_50,4
20200123,0.14381327754908124,1.5629361154498536,combined_50_50,5
20200123,0.1289172660704938,1.7257008108192284,combined_50_50,6
20200123,0.15016604249852605,2.3976030111020457,combined_50_50,7
20200123,0.13182873923195348,2.117253731432047,combined_50_50,8
20200123,0.12148584082351221,3.1905877152442814,combined_50_50,9
20200123,0.1253235833377968,4.00771576099507,combined_50_50,10
20200228,-0.09033406104134634,1.0244746612725089,pbroe_common,1
20200228,-0.07974016187959054,1.144009781501166,pbroe_common,2
20200228,-0.09333847247230753,1.5616771124036928,pbroe_common,3
20200228,-0.09058344669719387,1.2501014209005792,pbroe_common,4
20200228,-0.07153213682665815,1.8155085599984648,pbroe_common,5
20200228,-0.10371719085161535,2.174207480968458,pbroe_common,6
20200228,-0.09902714476209284,2.027029080175271,pbroe_common,7
20200228,-0.07682030638891046,2.4355104151921334,pbroe_common,8
20200228,-0.05502144135982234,2.480493891989394,pbroe_common,9
20200228,-0.04510319059677337,2.7472118284032345,pbroe_common,10
20200228,-0.09252963942638448,1.348314344015676,revision_common,1
20200228,-0.06464012231936,1.5292017295630993,revision_common,2
20200228,-0.08040443449286216,1.504017039588609,revision_common,3
20200228,-0.06593756628938385,1.362031060602661,revision_common,4
20200228,-0.08541197770154696,1.254662238549775,revision_common,5
20200228,-0.08502347871749694,1.9230034199838122,revision_common,6
20200228,-0.06858351689416764,1.6142239516945294,revision_common,7
20200228,-0.0666525337579088,2.0116960139972857,revision_common,8
20200228,-0.10036238739931058,2.0434369784663664,revision_common,9
20200228,-0.09810278394402194,3.546179792781392,revision_common,10
20200228,-0.0863334425019383,1.092281023668219,combined_50_50,1
20200228,-0.07549939844688613,1.2899230242904822,combined_50_50,2
20200228,-0.07777475099278741,1.3209220721917911,combined_50_50,3
20200228,-0.09513228826449305,1.3408554715152408,combined_50_50,4
20200228,-0.08740211910709872,1.4263321869305192,combined_50_50,5
20200228,-0.07908088753275277,1.5892308590836528,combined_50_50,6
20200228,-0.07675151740462283,2.213583341866071,combined_50_50,7
20200228,-0.09144714305728097,1.923636926565219,combined_50_50,8
20200228,-0.07787812102966674,2.9421107390007193,combined_50_50,9
20200228,-0.06300930886394196,3.7551923607716433,combined_50_50,10
20200331,0.0815759171132795,1.1080471213251302,pbroe_common,1
20200331,0.07254312527593099,1.2269998263974955,pbroe_common,2
20200331,0.06865005609554209,1.6688863337733304,pbroe_common,3
20200331,0.06640608753589983,1.3331157652856558,pbroe_common,4
20200331,0.07487884650440568,1.9514517467900245,pbroe_common,5
20200331,0.0755488508358313,2.3384663576342923,pbroe_common,6
20200331,0.06536482212232486,2.1595254754377073,pbroe_common,7
20200331,0.034562472554072965,2.5196876770723704,pbroe_common,8
20200331,0.03979941924304842,2.579216108326501,pbroe_common,9
20200331,0.020815227070851927,2.804395666423178,pbroe_common,10
20200331,0.007440935542621707,1.3583470641406887,revision_common,1
20200331,0.032797175396838574,1.579355226904729,revision_common,2
20200331,0.06106919699934488,1.5958661524696172,revision_common,3
20200331,0.06784358364623433,1.4544361287914271,revision_common,4
20200331,0.061508447532171884,1.331834565020211,revision_common,5
20200331,0.03016444933289031,1.9810097592128886,revision_common,6
20200331,0.08468625822019105,1.7509265380929495,revision_common,7
20200331,0.08980876554462802,2.1923639496654306,revision_common,8
20200331,0.06709883073187672,2.1805492103957387,revision_common,9
20200331,0.09569642637684583,3.885536526240355,revision_common,10
20200331,0.04099731115959426,1.137061608669265,combined_50_50,1
20200331,0.05706349431017532,1.3635305394476462,combined_50_50,2
20200331,0.058420216510614464,1.398090625642885,combined_50_50,3
20200331,0.0643031294105958,1.4270766744209908,combined_50_50,4
20200331,0.08099875197632955,1.54186331397556,combined_50_50,5
20200331,0.06572632583526317,1.6936851643552402,combined_50_50,6
20200331,0.05671803375357065,2.3391334365663723,combined_50_50,7
20200331,0.06330669352867568,2.0454160199357267,combined_50_50,8
20200331,0.06800879233747237,3.142200137283267,combined_50_50,9
20200331,0.04272371571118705,3.9156281316340724,combined_50_50,10
20200430,0.01645950500880944,1.1262850284685781,pbroe_common,1
20200430,0.10492494278576414,1.3557427129803952,pbroe_common,2
20200430,0.018906906715802307,1.7004398120052602,pbroe_common,3
20200430,0.052043474076009844,1.40249574105662,pbroe_common,4
20200430,0.03932491902749202,2.0281924287186,pbroe_common,5
20200430,0.03708547581743571,2.4251894951902258,pbroe_common,6
20200430,0.013694545111959222,2.189099194481514,pbroe_common,7
20200430,0.024529462780107147,2.5814942621646115,pbroe_common,8
20200430,-0.013678767362219624,2.543935611203813,pbroe_common,9
20200430,0.007499130541625876,2.825426195616055,pbroe_common,10
20200430,0.015795610144517358,1.3798029848068047,revision_common,1
20200430,0.04274841221653691,1.6468701551807947,revision_common,2
20200430,0.06643578945648199,1.7018887801758145,revision_common,3
20200430,-0.004759823243190131,1.4475132698998703,revision_common,4
20200430,0.06292066703000954,1.4156344842249053,revision_common,5
20200430,-0.01685990813614968,1.9476101166557434,revision_common,6
20200430,0.017246124761464143,1.781123235617059,revision_common,7
20200430,0.04489763586804729,2.290795907967743,revision_common,8
20200430,0.027042699032603146,2.239517146418251,revision_common,9
20200430,0.047364501566202755,4.069573027123004,revision_common,10
20200430,0.08002903538109019,1.228059552379937,combined_50_50,1
20200430,0.014583944084742617,1.3834161925927897,combined_50_50,2
20200430,0.015726336894470005,1.4200774698307455,combined_50_50,3
20200430,0.0519636368296319,1.5012327684586422,combined_50_50,4
20200430,0.01606588935016129,1.5666347193709642,combined_50_50,5
20200430,0.012063987685930533,1.714117761321865,combined_50_50,6
20200430,0.06724352669410161,2.4964250182491887,combined_50_50,7
20200430,0.018319565646748526,2.0828871529878503,combined_50_50,8
20200430,0.035291166418257136,3.253092045247601,combined_50_50,9
20200430,-0.011350344876466467,3.8711844019320316,combined_50_50,10
20200529,0.03822893175812281,1.1693417019620989,pbroe_common,1
20200529,0.09252274347229239,1.48117974822791,pbroe_common,2
20200529,0.11109244989943123,1.8893458366274527,pbroe_common,3
20200529,0.04330377112182471,1.4632290956266698,pbroe_common,4
20200529,0.07538805742524524,2.1810939160042855,pbroe_common,5
20200529,0.06461857004625626,2.58190177246062,pbroe_common,6
20200529,0.03313474836661667,2.2616344454402224,pbroe_common,7
20200529,0.08317418246223807,2.7962079369511117,pbroe_common,8
20200529,0.0360266137974794,2.6355849969943077,pbroe_common,9
20200529,0.06979544562367512,3.0226280760158826,pbroe_common,10
20200529,0.0400839277255749,1.4351109079253332,revision_common,1
20200529,0.03208911448261498,1.6997167601283931,revision_common,2
20200529,0.11098777533681425,1.8907776297582126,revision_common,3
20200529,0.04093007211933308,1.5067600924305635,revision_common,4
20200529,0.06036558916417212,1.5010900939062608,revision_common,5
20200529,0.05566457413912684,2.0560230043884404,revision_common,6
20200529,0.10050238481355422,1.9601303684434073,revision_common,7
20200529,0.02902945458789641,2.3572964637482317,revision_common,8
20200529,0.09208829545099562,2.4457504630651856,revision_common,9
20200529,0.0511505902474767,4.2777340895155564,revision_common,10
20200529,0.03838059756950285,1.275193211851215,combined_50_50,1
20200529,0.07947619201247402,1.49336484354846,combined_50_50,2
20200529,0.042567601267881505,1.4805267613360027,combined_50_50,3
20200529,0.09276983384964121,1.6405018829581872,combined_50_50,4
20200529,0.05298490969685643,1.6496427185047948,combined_50_50,5
20200529,0.0853482431154704,1.8604147007437095,combined_50_50,6
20200529,0.03874744277398823,2.5931551037833516,combined_50_50,7
20200529,0.08726158572927445,2.264643188852704,combined_50_50,8
20200529,0.0642963770243632,3.4622540778837974,combined_50_50,9
20200529,0.05308048476018046,4.076668746582633,combined_50_50,10
20200630,0.1779241288708393,1.37739580563605,pbroe_common,1
20200630,0.09917305882752236,1.6280728745330515,pbroe_common,2
20200630,0.11775186156849915,2.1118198260370287,pbroe_common,3
20200630,0.1415672647376871,1.670374436379137,pbroe_common,4
20200630,0.10825509500602992,2.4172084450984035,pbroe_common,5
20200630,0.15087749255295346,2.971452637907505,pbroe_common,6
20200630,0.12470766566957403,2.543677597728974,pbroe_common,7
20200630,0.16183716824356198,3.248738311287452,pbroe_common,8
20200630,0.17304855647752282,3.091669176197989,pbroe_common,9
20200630,0.19070636985174172,3.599062503804826,pbroe_common,10
20200630,0.1663227267906655,1.6738024673785024,revision_common,1
20200630,0.14295104091086186,1.9426930402423848,revision_common,2
20200630,0.1533638911725015,2.1807546443998516,revision_common,3
20200630,0.1379492910267064,1.7146165789286945,revision_common,4
20200630,0.14310440214951514,1.715902694367276,revision_common,5
20200630,0.1380793156146889,2.3399172537224526,revision_common,6
20200630,0.14781285593191784,2.2498628362019097,revision_common,7
20200630,0.08602354388904199,2.5600794595569614,revision_common,8
20200630,0.14288616560160716,2.795214368750925,revision_common,9
20200630,0.16655322307291298,4.990204489573245,revision_common,10
20200630,0.1453187677024257,1.460502717979932,combined_50_50,1
20200630,0.1364789387156662,1.697177692511241,combined_50_50,2
20200630,0.11030263853450584,1.6438327695323103,combined_50_50,3
20200630,0.1414395509605071,1.8725337326336595,combined_50_50,4
20200630,0.1438236688557175,1.8869003865812741,combined_50_50,5
20200630,0.14202061717365022,2.124631944742263,combined_50_50,6
20200630,0.1424787507937484,2.9626246035848363,combined_50_50,7
20200630,0.15618414976802453,2.6183445598316117,combined_50_50,8
20200630,0.10751795099565897,3.8345085421642278,combined_50_50,9
20200630,0.22090086104540885,4.977208382899644,combined_50_50,10
20200731,-0.004287400744373171,1.3714903578336695,pbroe_common,1
20200731,0.028247846404739096,1.674062427028583,pbroe_common,2
20200731,0.03236435821282502,2.1801675193678367,pbroe_common,3
20200731,0.03472708814636816,1.7283816766687152,pbroe_common,4
20200731,0.004210642191283975,2.4273864449624627,pbroe_common,5
20200731,0.005347623642576016,2.987342848286774,pbroe_common,6
20200731,0.016500597208681356,2.585649797197846,pbroe_common,7
20200731,0.04457457938617515,3.393549455048843,pbroe_common,8
20200731,0.034266375297312246,3.1976094724847215,pbroe_common,9
20200731,0.024774250691420807,3.6882265805281795,pbroe_common,10
20200731,0.004146964126686692,1.6807436661658808,revision_common,1
20200731,0.022647538993473493,1.9866902566236235,revision_common,2
20200731,0.03564365622854182,2.258484713263636,revision_common,3
20200731,0.04944124966173469,1.7993893652816573,revision_common,4
20200731,0.026615395454088198,1.7615721231385963,revision_common,5
20200731,0.0034923223593430475,2.3480889990666403,revision_common,6
20200731,0.019308065000256613,2.293303334084958,revision_common,7
20200731,0.031189922582781415,2.639928139706312,revision_common,8
20200731,0.015034155738348431,2.8372380568927955,revision_common,9
20200731,0.01276935369954657,5.053926175733672,revision_common,10
20200731,0.0012985774927987137,1.462399293937672,combined_50_50,1
20200731,0.01090612839249383,1.7156873303306448,combined_50_50,2
20200731,0.01905856573849052,1.6751618644335269,combined_50_50,3
20200731,0.04071505290817723,1.9487740426301854,combined_50_50,4
20200731,0.032424940428495974,1.948083019210678,combined_50_50,5
20200731,0.0457901273364989,2.2219191120352044,combined_50_50,6
20200731,0.02630647294450572,3.0405608075637676,combined_50_50,7
20200731,0.013904323533946883,2.65475086971486,combined_50_50,8
20200731,0.02645468249181615,3.935949248159339,combined_50_50,9
20200731,0.009340772923307039,5.023699356196289,combined_50_50,10
20200831,-0.04130480979601314,1.3148412094662838,pbroe_common,1
20200831,-0.0584028055292839,1.5762924846589517,pbroe_common,2
20200831,-0.07377259714924767,2.0193308992436387,pbroe_common,3
20200831,-0.04439408191569649,1.6516517589330955,pbroe_common,4
20200831,-0.061881043501329946,2.277177238767202,pbroe_common,5
20200831,-0.04609901736693023,2.8496292784426274,pbroe_common,6
20200831,-0.04965675239018019,2.457254825450673,pbroe_common,7
20200831,-0.051303976499198156,3.2194468735581507,pbroe_common,8
20200831,-0.06447493109275937,2.9914438220847144,pbroe_common,9
20200831,-0.0563522546475842,3.480386697064267,pbroe_common,10
20200831,-0.06488475538557492,1.5716890245208532,revision_common,1
20200831,-0.06565200205867527,1.8562600638058193,revision_common,2
20200831,-0.057711866669160394,2.128143344617428,revision_common,3
20200831,-0.06619554570232555,1.6802778043158768,revision_common,4
20200831,-0.051263595726627975,1.6712676019747217,revision_common,5
20200831,-0.06582805876440179,2.193518858452036,revision_common,6
20200831,-0.05622105996200466,2.164371389828302,revision_common,7
20200831,-0.045463197675825406,2.51990856484087,revision_common,8
20200831,-0.031242950845892237,2.748594367743199,revision_common,9
20200831,-0.035355993191459545,4.875239596274293,revision_common,10
20200831,-0.07672637509189095,1.3501946971768937,combined_50_50,1
20200831,-0.04978034996537595,1.6302798145956237,combined_50_50,2
20200831,-0.050550914649362566,1.5904809000006805,combined_50_50,3
20200831,-0.05032872571080105,1.850694728366322,combined_50_50,4
20200831,-0.06230795210301876,1.8267019557569948,combined_50_50,5
20200831,-0.0651892083176111,2.07707396417586,combined_50_50,6
20200831,-0.05826417727913169,2.8634050336438923,combined_50_50,7
20200831,-0.04734089697000765,2.5290725823106506,combined_50_50,8
20200831,-0.05194454276459981,3.731498164119032,combined_50_50,9
20200831,-0.035243129030806286,4.846648471573885,combined_50_50,10
20200930,-0.005992198616029176,1.3069624197906218,pbroe_common,1
20200930,-0.01824736662123594,1.5475292977890809,pbroe_common,2
20200930,-0.009291236599044739,2.0005688180870043,pbroe_common,3
20200930,-0.0250533388525912,1.6102723677500663,pbroe_common,4
20200930,-0.020171385979206535,2.231243417740965,pbroe_common,5
20200930,-0.024509136399754494,2.779787325768543,pbroe_common,6
20200930,-0.022137787684123333,2.4028566398390585,pbroe_common,7
20200930,-0.013911372260188348,3.1746599496281838,pbroe_common,8
20200930,-0.009843782089711928,2.9619967009664974,pbroe_common,9
20200930,-0.0035910344123815108,3.4678885086667144,pbroe_common,10
20200930,-0.026383907216678715,1.5302217271244227,revision_common,1
20200930,-0.025595597257713543,1.808747978807068,revision_common,2
20200930,-0.009546698768032602,2.107826601171172,revision_common,3
20200930,-0.025432216832020127,1.6375446148584847,revision_common,4
20200930,0.000848856557686295,1.6726862684383066,revision_common,5
20200930,-0.0047463523227045945,2.183107645123326,revision_common,6
20200930,-0.022622630649605013,2.115407615287644,revision_common,7
20200930,-0.006258611244109535,2.504137436762829,revision_common,8
20200930,-0.011388190124430375,2.7172928525084012,revision_common,9
20200930,-0.016313816844222506,4.795705830428973,revision_common,10
20200930,-0.01221718188906884,1.3336991229758273,combined_50_50,1
20200930,-0.0338847020940658,1.5750382687480822,combined_50_50,2
20200930,-0.025371802058616333,1.5501275334278533,combined_50_50,3
20200930,-0.00866533304477135,1.834657842180825,combined_50_50,4
20200930,-0.016266268991954158,1.7969883303765228,combined_50_50,5
20200930,-0.02880049145609942,2.0172532132169265,combined_50_50,6
20200930,0.00843169594783566,2.8875483942630797,combined_50_50,7
20200930,-0.019715072306108916,2.4792117334829986,combined_50_50,8
20200930,-0.0023716493893100044,3.7226483587768877,combined_50_50,9
20200930,-0.012824187963073275,4.7844941405834795,combined_50_50,10
20201030,0.030412964138037957,1.3467110209934772,pbroe_common,1
20201030,-0.0009617196829836416,1.5460410084034033,pbroe_common,2
20201030,0.0034016751248364674,2.0073741032710144,pbroe_common,3
20201030,0.007523142383219605,1.6223866760484142,pbroe_common,4
20201030,0.022272357585079394,2.2809384690002465,pbroe_common,5
20201030,0.022351534768736192,2.841919838830151,pbroe_common,6
20201030,0.009890314171572712,2.4266216469163164,pbroe_common,7
20201030,0.02187166522163908,3.244095049238997,pbroe_common,8
20201030,0.05950169753518164,3.138240532767612,pbroe_common,9
20201030,0.0767410950850358,3.7340180704546095,pbroe_common,10
20201030,0.019256145988257423,1.5596879000963342,revision_common,1
20201030,0.02969301572265537,1.8624551609801072,revision_common,2
20201030,0.033334548367009775,2.1780900489571824,revision_common,3
20201030,0.02813125477101397,1.6836107996179708,revision_common,4
20201030,0.012722848423678101,1.693967602292015,revision_common,5
20201030,0.025546677385282823,2.2388787918306363,revision_common,6
20201030,0.02824861862583372,2.175164958250089,revision_common,7
20201030,0.03312874422060896,2.587096365398596,revision_common,8
20201030,0.017773315785093224,2.7655881564566096,revision_common,9
20201030,0.02324986479066693,4.90720534256226,revision_common,10
20201030,0.022006084076953147,1.3630486180093921,combined_50_50,1
20201030,0.014834267617334529,1.5984028079342345,combined_50_50,2
20201030,0.00656975573205032,1.5603114926759998,combined_50_50,3
20201030,0.012200699294994788,1.8570419508224771,combined_50_50,4
20201030,0.02107074424257216,1.8348522118927735,combined_50_50,5
20201030,0.02585029035503883,2.069399794498219,combined_50_50,6
20201030,0.02926264882976537,2.9720457089033534,combined_50_50,7
20201030,0.025663201253446788,2.5428362431492797,combined_50_50,8
20201030,0.04600890907234856,3.893923348624181,combined_50_50,9
20201030,0.049140285771283265,5.019605549922782,combined_50_50,10
20201130,0.029593619231597756,1.3865650741637545,pbroe_common,1
20201130,0.05163156055975793,1.6258655183566528,pbroe_common,2
20201130,0.026384763845911374,2.060338194936218,pbroe_common,3
20201130,0.030232114086210293,1.6714348551306575,pbroe_common,4
20201130,0.01689602697549386,2.319477266901916,pbroe_common,5
20201130,0.012802641090891465,2.8783039185357775,pbroe_common,6
20201130,0.012275680427010549,2.4564100787711274,pbroe_common,7
20201130,-0.013048539950125781,3.2017643453869966,pbroe_common,8
20201130,-0.007217299118463472,3.115590912136942,pbroe_common,9
20201130,-0.015711287906608584,3.675351837501218,pbroe_common,10
20201130,-0.04388692927671234,1.4912379875310624,revision_common,1
20201130,-0.007980836042236872,1.8475912117043072,revision_common,2
20201130,-0.006716162940885062,2.1634616412884657,revision_common,3
20201130,-0.010158901613460669,1.666507163149292,revision_common,4
20201130,-0.009463323774390964,1.6779370384081969,revision_common,5
20201130,-0.013596601024356891,2.208437650156221,revision_common,6
20201130,0.051243074701609714,2.286627098694022,revision_common,7
20201130,0.038047410692831685,2.6855286833148484,revision_common,8
20201130,0.03743826245146065,2.869126971690683,revision_common,9
20201130,0.10808152299125484,5.437583569617211,revision_common,10
20201130,-0.00883534288711052,1.351005616097477,combined_50_50,1
20201130,-0.014133397862850616,1.5758119451046024,combined_50_50,2
20201130,0.02175869034688538,1.5942618272898235,combined_50_50,3
20201130,0.00486400920055674,1.8660746199570974,combined_50_50,4
20201130,0.021936224238486846,1.875101941457337,combined_50_50,5
20201130,0.01696698375915795,2.104511267202675,combined_50_50,6
20201130,0.029874917441895965,3.0608353290903825,combined_50_50,7
20201130,0.011533643553468087,2.5721644099926033,combined_50_50,8
20201130,0.03927806812945889,4.046869135202332,combined_50_50,9
20201130,0.021464161149793437,5.127347172354722,combined_50_50,10
20201231,0.011866270088168429,1.403018429828603,pbroe_common,1
20201231,-0.00023740204003785959,1.6254795345657678,pbroe_common,2
20201231,-0.017388542725141676,2.0245119162053284,pbroe_common,3
20201231,-0.018775120034515758,1.640053465095706,pbroe_common,4
20201231,-0.015595161261345636,2.2833046448825556,pbroe_common,5
20201231,-0.026642380519097508,2.801619050288538,pbroe_common,6
20201231,-0.04546767641337679,2.3447228201710044,pbroe_common,7
20201231,-0.029627645343238584,3.106903606889244,pbroe_common,8
20201231,-0.028114361100617047,3.027998064191323,pbroe_common,9
20201231,-0.005549379576319291,3.6549559150784012,pbroe_common,10
20201231,-0.0541233087246108,1.4105272535500515,revision_common,1
20201231,-0.04670095556785592,1.7613069366189433,revision_common,2
20201231,-0.026483961466258643,2.1061646065468533,revision_common,3
20201231,-0.040566133911464686,1.5989034104045627,revision_common,4
20201231,-0.043635213575892284,1.604719897370355,revision_common,5
20201231,-0.04088488996441597,2.1181459198363104,revision_common,6
20201231,0.007509308463013564,2.3037980869180013,revision_common,7
20201231,0.020823039156748768,2.7414495522440854,revision_common,8
20201231,0.018987217159714298,2.9236037085609676,revision_common,9
20201231,0.031677385597114416,5.60983200106851,revision_common,10
20201231,-0.029644667466591,1.3109555038627705,combined_50_50,1
20201231,-0.031050543367216132,1.5268821279645548,combined_50_50,2
20201231,-0.045987315250781924,1.5209460060459588,combined_50_50,3
20201231,-0.026454301433706418,1.8167089194629633,combined_50_50,4
20201231,-0.003996306336403355,1.8676084596872888,combined_50_50,5
20201231,-0.04371735191549242,2.012507607524257,combined_50_50,6
20201231,0.0002936607378460909,3.061734176251549,combined_50_50,7
20201231,-0.026325654350150995,2.504450498803378,combined_50_50,8
20201231,0.009582862417649496,4.085649725347208,combined_50_50,9
20201231,0.023925884007786724,5.250023486068135,combined_50_50,10
20210129,-0.005502318840605036,1.395298575088441,pbroe_common,1
20210129,-0.02894139737074386,1.5784358854378882,pbroe_common,2
20210129,-0.008575666020960604,2.0071503781564966,pbroe_common,3
20210129,0.01769466328037872,1.6690736589223927,pbroe_common,4
20210129,0.01723310625832708,2.3226530764479483,pbroe_common,5
20210129,0.0005418751494716822,2.8031371780301755,pbroe_common,6
20210129,0.023865383624023684,2.400680529766388,pbroe_common,7
20210129,0.041939059353792496,3.2372042216650843,pbroe_common,8
20210129,0.046393631118209155,3.1684778894080665,pbroe_common,9
20210129,0.07673791280312003,3.9354296033889358,pbroe_common,10
20210129,0.0444717336382221,1.4732558458593823,revision_common,1
20210129,0.030983635084983252,1.8158786280157946,revision_common,2
20210129,0.019991154675211842,2.148269268967788,revision_common,3
20210129,0.006902925079080413,1.6099405208552715,revision_common,4
20210129,0.06427108333403808,1.707856983622034,revision_common,5
20210129,0.0031949031941567174,2.1249131910012853,revision_common,6
20210129,0.014338620337190688,2.336831373019865,revision_common,7
20210129,0.01064102900932773,2.770621396457123,revision_common,8
20210129,-0.006237523010539259,2.9053676631551206,revision_common,9
20210129,-0.019027639105781535,5.503090142308114,revision_common,10
20210129,0.013634092941823495,1.3288291930450307,combined_50_50,1
20210129,0.020214056349329823,1.5577466093380148,combined_50_50,2
20210129,0.031200866030861585,1.5684008386207726,combined_50_50,3
20210129,-0.006270418321421167,1.8053173945696734,combined_50_50,4
20210129,-0.008237329989186137,1.852224352514249,combined_50_50,5
20210129,0.006980199520898234,2.0265553121621016,combined_50_50,6
20210129,0.0011809393592447925,3.065349898647829,combined_50_50,7
20210129,0.029090257579602596,2.5773056089089326,combined_50_50,8
20210129,0.03053519477195832,4.2104058354806835,combined_50_50,9
20210129,0.05389482438724502,5.532972579878689,combined_50_50,10
20210226,-0.028224133717214883,1.3559174815297055,pbroe_common,1
20210226,-0.03200958756461525,1.527910803747833,pbroe_common,2
20210226,-0.0343134543545498,1.9382781152729063,pbroe_common,3
20210226,-0.01802071295752783,1.6389957616099815,pbroe_common,4
20210226,-0.0324435531310906,2.247297957957118,pbroe_common,5
20210226,-0.02134005996683286,2.743318062555753,pbroe_common,6
20210226,-0.019596376984813757,2.3536358890849836,pbroe_common,7
20210226,-0.038857562743549456,3.11141435550805,pbroe_common,8
20210226,-0.01108255352954346,3.133363063591527,pbroe_common,9
20210226,-0.0016283014257162387,3.929021537754932,pbroe_common,10
20210226,-0.03239770668543962,1.4255257350926207,revision_common,1
20210226,-0.040266657319574906,1.7427592655675428,revision_common,2
20210226,-0.027311286945214452,2.0895972705274226,revision_common,3
20210226,-0.014727708903445103,1.5862297855122542,revision_common,4
20210226,-0.006537319538776676,1.6966921767935657,revision_common,5
20210226,-0.02301469549405455,2.076008960959091,revision_common,6
20210226,-0.044267217424624916,2.2333863505457097,revision_common,7
20210226,-0.012353911182114041,2.7363933858060268,revision_common,8
20210226,-0.02516660922388525,2.832249410524783,revision_common,9
20210226,-0.01976691356251936,5.394311035138357,revision_common,10
20210226,-0.030349205608798724,1.288500282646333,combined_50_50,1
20210226,-0.04003343631362466,1.4953846596603166,combined_50_50,2
20210226,-0.037823707088323055,1.5090781047037003,combined_50_50,3
20210226,-0.03357684297553509,1.7447005358912053,combined_50_50,4
20210226,-0.031362644913579096,1.7941336978460607,combined_50_50,5
20210226,-0.007627078623034023,2.011098615462314,combined_50_50,6
20210226,-0.023239357453813114,2.994113136632142,combined_50_50,7
20210226,-0.0023586477995712896,2.571226652705657,combined_50_50,8
20210226,-0.01286320612254055,4.156246517359348,combined_50_50,9
20210226,-0.024637431402920407,5.396654347487688,combined_50_50,10
20210331,0.04056328267141707,1.4109179456121108,pbroe_common,1
20210331,0.05692793633310167,1.614891612706248,pbroe_common,2
20210331,0.05059703331545595,2.0363492376459886,pbroe_common,3
20210331,0.03005534190039083,1.6882563395984609,pbroe_common,4
20210331,0.02966934918991937,2.3139738258055407,pbroe_common,5
20210331,0.026381816537007108,2.8156917763847567,pbroe_common,6
20210331,0.05020838862547117,2.471808154487019,pbroe_common,7
20210331,0.01707272287863093,3.164534670560233,pbroe_common,8
20210331,-0.007859887629119156,3.1087351820104647,pbroe_common,9
20210331,0.005031532681551765,3.9487905380286668,pbroe_common,10
20210331,0.002363760394549219,1.4288953363666435,revision_common,1
20210331,-0.00010717164246631938,1.7425724911946285,revision_common,2
20210331,-0.008594553701611218,2.0716381145711344,revision_common,3
20210331,0.02488476821024621,1.6257027460529152,revision_common,4
20210331,0.02009703502834448,1.730790658902904,revision_common,5
20210331,0.02319390513401598,2.124159715856943,revision_common,6
20210331,0.04069794378865721,2.3242805826985733,revision_common,7
20210331,0.04616214423590215,2.8627111719677734,revision_common,8
20210331,0.06689479631458495,3.0217121579539414,revision_common,9
20210331,0.07680356432194357,5.8086133496981756,revision_common,10
20210331,0.011683152695462606,1.3035540281966367,combined_50_50,1
20210331,0.038190673828695454,1.5524944074458387,combined_50_50,2
20210331,0.022797198131100815,1.5434808572519367,combined_50_50,3
20210331,0.030798160988884105,1.798434103872975,combined_50_50,4
20210331,0.009193794260191845,1.8106285939393347,combined_50_50,5
20210331,0.043911945970873445,2.0994098692065934,combined_50_50,6
20210331,0.030940864488993247,3.0867535854573918,combined_50_50,7
20210331,0.025144924746850483,2.635879953395037,combined_50_50,8
20210331,0.028629661335264123,4.275238447577217,combined_50_50,9
20210331,0.05062650852914152,5.669868114839602,combined_50_50,10
20210430,0.1250448343957411,1.5873459464671564,pbroe_common,1
20210430,0.08477560018414443,1.7517950184057611,pbroe_common,2
20210430,0.0625978337120372,2.163820288603786,pbroe_common,3
20210430,0.10429728044495756,1.864336884512539,pbroe_common,4
20210430,0.05613595599239796,2.443870958658521,pbroe_common,5
20210430,0.12995153371291734,3.1815952411888047,pbroe_common,6
20210430,0.075463638351704,2.65833979113202,pbroe_common,7
20210430,0.048365497545278524,3.3175889644011627,pbroe_common,8
20210430,0.022181980672428603,3.1776930857335195,pbroe_common,9
20210430,-0.017663784001776706,3.879039954896669,pbroe_common,10
20210430,0.06311886077336348,1.519085582162478,revision_common,1
20210430,0.04359907929385898,1.8185470474135204,revision_common,2
20210430,0.04148807376639341,2.1575863894857337,revision_common,3
20210430,0.048704025856354916,1.7048810146314237,revision_common,4
20210430,0.09433815937524659,1.8940702639276743,revision_common,5
20210430,0.08104330653983416,2.2963086428487043,revision_common,6
20210430,0.12382392724687308,2.612082132471961,revision_common,7
20210430,0.08182773775265195,3.0969603510091392,revision_common,8
20210430,0.0666580339554681,3.223133549582486,revision_common,9
20210430,0.05300378412169282,6.116491837731961,revision_common,10
20210430,0.003544213274409236,1.3081741016872808,combined_50_50,1
20210430,0.0855682296636846,1.6853386054537502,combined_50_50,2
20210430,0.13441556495731377,1.7509487086802549,combined_50_50,3
20210430,0.13590813169017624,2.0428559228982475,combined_50_50,4
20210430,0.10194975402213435,1.995221733716893,combined_50_50,5
20210430,0.07507248807812639,2.2570177915837064,combined_50_50,6
20210430,0.04013343257067614,3.210635602341639,combined_50_50,7
20210430,0.04914094178280126,2.765409576731275,combined_50_50,8
20210430,0.07279602257505591,4.586458802120795,combined_50_50,9
20210430,0.0015719345038516241,5.678780776161607,combined_50_50,10
20210531,0.05269447369504032,1.670990305688199,pbroe_common,1
20210531,0.1792543513190148,2.0658118980739673,pbroe_common,2
20210531,0.03130807074933406,2.2315653272882376,pbroe_common,3
20210531,0.01462907614557274,1.8916104107570726,pbroe_common,4
20210531,-0.02045264356055876,2.3938873370330773,pbroe_common,5
20210531,0.021760241193639507,3.2508275210176087,pbroe_common,6
20210531,0.03657539917402808,2.755569630132876,pbroe_common,7
20210531,-0.008167513590155107,3.2904925114478676,pbroe_common,8
20210531,0.006050272893553865,3.1969189960741664,pbroe_common,9
20210531,-0.005629833971441012,3.8572016039820145,pbroe_common,10
20210531,0.0076561629233056205,1.5307159488739586,revision_common,1
20210531,0.05809585510838766,1.9241970931878425,revision_common,2
20210531,-0.00969908177304546,2.1366597826617015,revision_common,3
20210531,0.024609722646187437,1.7468376635462537,revision_common,4
20210531,0.023433822508013957,1.9384555703102624,revision_common,5
20210531,-0.016849404056905826,2.2576172106859813,revision_common,6
20210531,0.04665976024849661,2.733961258522484,revision_common,7
20210531,0.005884712299684125,3.1151850716783565,revision_common,8
20210531,0.11629865043736198,3.5979796315783132,revision_common,9
20210531,0.04382379204829756,6.384539704093836,revision_common,10
20210531,0.040272294004668696,1.3608572737197244,combined_50_50,1
20210531,0.03369853774092024,1.7421320520558634,combined_50_50,2
20210531,0.010558289892718786,1.7694357327337826,combined_50_50,3
20210531,-0.027839666930195794,1.9859834944183825,combined_50_50,4
20210531,0.09015538937130096,2.1751017260022216,combined_50_50,5
20210531,0.09477482758641353,2.47092626364052,combined_50_50,6
20210531,0.03924649600212682,3.3366417996732265,combined_50_50,7
20210531,0.010183047447911209,2.7935698736640378,combined_50_50,8
20210531,0.026268275969075328,4.706937167655699,combined_50_50,9
20210531,-0.019447169978482948,5.56834456113705,combined_50_50,10
20210630,0.10194108084549591,1.8413328635323996,pbroe_common,1
20210630,0.03569807145608794,2.1395573988262484,pbroe_common,2
20210630,-0.03565320090932489,2.1520028803321467,pbroe_common,3
20210630,-0.032944194584610176,1.8292928293068171,pbroe_common,4
20210630,0.014925657479302634,2.429617679469673,pbroe_common,5
20210630,-0.01611791958582698,3.1984309444464536,pbroe_common,6
20210630,0.049623572505017144,2.892310839466398,pbroe_common,7
20210630,0.010997419089926908,3.3266794366085257,pbroe_common,8
20210630,-0.06674071307038698,2.9835543426479108,pbroe_common,9
20210630,-0.029544583227603782,3.7432421901675212,pbroe_common,10
20210630,-0.06144958137667034,1.4366540946090611,revision_common,1
20210630,-0.0029651590734057764,1.9184915427179556,revision_common,2
20210630,-0.006144819456178285,2.123530394057968,revision_common,3
20210630,-0.007116263610736917,1.7344067062472948,revision_common,4
20210630,0.008987912099752027,1.9558782385854858,revision_common,5
20210630,-0.04510333693957791,2.1557911409518216,revision_common,6
20210630,-0.011446409867020946,2.7026672173968795,revision_common,7
20210630,0.019851608900979922,3.177026507375486,revision_common,8
20210630,0.025949003363502365,3.691343617139952,revision_common,9
20210630,0.11291735694956873,7.105465052819694,revision_common,10
20210630,0.05062519356207451,1.4297509366121426,combined_50_50,1
20210630,-0.03679233948309313,1.6780349381722464,combined_50_50,2
20210630,-0.02562112791137361,1.7241007934944552,combined_50_50,3
20210630,0.060678989697474206,2.1064909664155493,combined_50_50,4
20210630,-0.06728151901735546,2.0287575778595204,combined_50_50,5
20210630,-0.007938254642244735,2.451311421757531,combined_50_50,6
20210630,0.007076676573632534,3.360254134531577,combined_50_50,7
20210630,0.01353971374286278,2.8313940100741344,combined_50_50,8
20210630,-0.02261314419652649,4.600498518759511,combined_50_50,9
20210630,0.05158508095070946,5.855588066084748,combined_50_50,10
20210730,0.01135761279735914,1.862246009227453,pbroe_common,1
20210730,0.008024037842482956,2.1567252883605947,pbroe_common,2
20210730,0.022409093466071006,2.2002273140167636,pbroe_common,3
20210730,0.03357463051249754,1.8907106601499546,pbroe_common,4
20210730,0.03907877055357023,2.524564151298566,pbroe_common,5
20210730,0.042562092531639006,3.3345628582600413,pbroe_common,6
20210730,0.054518472886946334,3.0499952095484675,pbroe_common,7
20210730,0.009439603345276604,3.3580819709469982,pbroe_common,8
20210730,0.06715868786697321,3.183925937479954,pbroe_common,9
20210730,0.0463114870431669,3.9165973023569,pbroe_common,10
20210730,-0.006127000962241169,1.4278517135889837,revision_common,1
20210730,0.0363996927920498,1.988324045497035,revision_common,2
20210730,0.004412252576355913,2.1328999465101206,revision_common,3
20210730,-0.00495672353240717,1.725809731711674,revision_common,4
20210730,0.012561600674875883,1.9804471999872764,revision_common,5
20210730,0.042153509354805996,2.246665302978942,revision_common,6
20210730,0.03583579934119685,2.799519457485545,revision_common,7
20210730,0.024031486154835635,3.253375175901026,revision_common,8
20210730,0.09687451335048003,4.048940733659785,revision_common,9
20210730,0.08886988027891518,7.736926881389795,revision_common,10
20210730,-0.0009095940000176661,1.4284504437386805,combined_50_50,1
20210730,0.01156419166533773,1.6974400558184033,combined_50_50,2
20210730,0.003211459320331178,1.7296376730569132,combined_50_50,3
20210730,-0.006830635774829341,2.0921022938609966,combined_50_50,4
20210730,0.04269267118774556,2.115370658050724,combined_50_50,5
20210730,0.02439290265974914,2.5111060226571937,combined_50_50,6
20210730,0.011133979422291329,3.397667134919121,combined_50_50,7
20210730,0.059882422609815356,3.0009447427602933,combined_50_50,8
20210730,0.08929945680196716,5.01132053750299,combined_50_50,9
20210730,0.0954546546668753,6.414531202804344,combined_50_50,10
20210831,-0.021888112089999634,1.821484959838328,pbroe_common,1
20210831,-0.034813580823443435,2.0816419582202887,pbroe_common,2
20210831,-0.03141271906647314,2.131112191519174,pbroe_common,3
20210831,-0.02243682280944692,1.8482891200842377,pbroe_common,4
20210831,-0.05465182350467179,2.3865921168755753,pbroe_common,5
20210831,-0.011255751904001188,3.297029846019169,pbroe_common,6
20210831,-0.003265876859550154,3.040034300771864,pbroe_common,7
20210831,-0.004229723286218068,3.3438782134374545,pbroe_common,8
20210831,-7.055061030092347e-05,3.1837013095619118,pbroe_common,9
20210831,0.018004846542286845,3.9871150357537704,pbroe_common,10
20210831,-0.015147095731296467,1.4062239069931557,revision_common,1
20210831,-0.018543938844489904,1.9514526859943093,revision_common,2
20210831,0.006880603867157831,2.1475755861303387,revision_common,3
20210831,0.015362098586923167,1.7523217909525002,revision_common,4
20210831,-0.018284049218260323,1.9442366059085432,revision_common,5
20210831,-0.022615106419826336,2.195856728062342,revision_common,6
20210831,-0.0005636331033151976,2.7979415556459313,revision_common,7
20210831,-0.025327967628065218,3.170973794763854,revision_common,8
20210831,-0.06292983990256584,3.7941415415155975,revision_common,9
20210831,-0.03089436790938993,7.4978994158280905,revision_common,10
20210831,-0.027226307295668883,1.3895590130008166,combined_50_50,1
20210831,-0.014794476914110177,1.672327318099512,combined_50_50,2
20210831,-0.010082620483309879,1.712198392825845,combined_50_50,3
20210831,-0.010633610478022582,2.0698556929879013,combined_50_50,4
20210831,-0.021896151240905604,2.0690521821914714,combined_50_50,5
20210831,-0.022420504931578766,2.454805757692491,combined_50_50,6
20210831,-0.023003972986081034,3.319507291931746,combined_50_50,7
20210831,-0.03158103574693005,2.9061717995646186,combined_50_50,8
20210831,0.005085212292683217,5.036804166302876,combined_50_50,9
20210831,-0.014785243778354995,6.319690795247017,combined_50_50,10
20210930,-0.014022383004344774,1.7959434000948213,pbroe_common,1
20210930,0.007905272817900766,2.0980979058092095,pbroe_common,2
20210930,0.00072134526743306,2.1326494592128955,pbroe_common,3
20210930,-0.005430856464825884,1.838251327167561,pbroe_common,4
20210930,-0.009665702343425564,2.36352402785869,pbroe_common,5
20210930,-0.010711423258386477,3.261713963842925,pbroe_common,6
20210930,0.009976820218544402,3.0703641764488734,pbroe_common,7
20210930,-0.03218564612795294,3.236253332564785,pbroe_common,8
20210930,-0.026973168069081677,3.097826799057343,pbroe_common,9
20210930,-0.04446368152827418,3.809833222587421,pbroe_common,10
20210930,-0.00800402111701981,1.3949684611463244,revision_common,1
20210930,-0.008021431333394502,1.9357992422732377,revision_common,2
20210930,-0.0037283377895906966,2.1395686989165665,revision_common,3
20210930,-0.03650808987785348,1.688347869513485,revision_common,4
20210930,-0.009224464578548863,1.9263020642050217,revision_common,5
20210930,-0.024751282479467895,2.141506457901631,revision_common,6
20210930,-0.009487214472147398,2.7713968840269847,revision_common,7
20210930,0.014251378330644382,3.2161645419895923,revision_common,8
20210930,-0.007600553407173027,3.7653039660949346,revision_common,9
20210930,-0.020154346998927486,7.346784149238435,revision_common,10
20210930,-0.001497199402514915,1.3874785660767925,combined_50_50,1
20210930,-0.011109981910780942,1.6537477918465215,combined_50_50,2
20210930,-0.008730698591526975,1.6972497047291857,combined_50_50,3
20210930,-0.008077427499080359,2.053136583694233,combined_50_50,4
20210930,-0.007384523160144596,2.053773218432531,combined_50_50,5
20210930,-0.008595522896585384,2.4337054185955753,combined_50_50,6
20210930,-0.010739796775403931,3.2838564582219276,combined_50_50,7
20210930,-0.009073567984929976,2.8798024521653827,combined_50_50,8
20210930,-0.021998979576586697,4.925999614317113,combined_50_50,9
20210930,-0.03762751374789253,6.0818965429664305,combined_50_50,10
20211029,0.07688441949967473,1.9340234658653839,pbroe_common,1
20211029,0.07815598725219641,2.262076818989494,pbroe_common,2
20211029,0.06602043564205062,2.2734479055819143,pbroe_common,3
20211029,0.09405531488657637,2.011148634584973,pbroe_common,4
20211029,0.1105653068638568,2.624847787278985,pbroe_common,5
20211029,0.0876346664813974,3.547553179222016,pbroe_common,6
20211029,0.10359116968979132,3.388426792860845,pbroe_common,7
20211029,0.09816369882579323,3.5539359300266447,pbroe_common,8
20211029,0.09311728278346831,3.3862880131193718,pbroe_common,9
20211029,0.05514932087623592,4.0199429374648386,pbroe_common,10
20211029,0.0678464985280649,1.4896121867921854,revision_common,1
20211029,0.11048471852292363,2.149675476672685,revision_common,2
20211029,0.11282866098348587,2.380973370297502,revision_common,3
20211029,0.09383847364274045,1.8467798565666032,revision_common,4
20211029,0.10381691972402773,2.1262848109688233,revision_common,5
20211029,0.09469165332490181,2.3442892450062907,revision_common,6
20211029,0.0961196888101894,3.037782690089187,revision_common,7
20211029,0.05397482051883751,3.38975644590253,revision_common,8
20211029,0.07449069334116154,4.045784069169572,revision_common,9
20211029,0.043324810878145215,7.665082183066746,revision_common,10
20211029,0.08403567056319639,1.504076257769118,combined_50_50,1
20211029,0.07895562512391541,1.7843204825490584,combined_50_50,2
20211029,0.0880678295676025,1.8467228024589393,combined_50_50,3
20211029,0.08823031518465574,2.2342854715907223,combined_50_50,4
20211029,0.09124075265462017,2.2411610326642166,combined_50_50,5
20211029,0.1338323549703191,2.7594139460702474,combined_50_50,6
20211029,0.10633204036679023,3.6330356156963264,combined_50_50,7
20211029,0.10854902277851286,3.1924021941431002,combined_50_50,8
20211029,0.06323181220890084,5.237479496870731,combined_50_50,9
20211029,0.012075751225254505,6.155340012597029,combined_50_50,10
20211130,0.0083401541563215,1.9501535197126443,pbroe_common,1
20211130,-0.0028544556281365763,2.2556198210822522,pbroe_common,2
20211130,0.018757595316688525,2.316092321368393,pbroe_common,3
20211130,0.01049016816413717,2.032245921964844,pbroe_common,4
20211130,-0.004775963925002347,2.6123116089383185,pbroe_common,5
20211130,0.017833297482018118,3.6108177504003613,pbroe_common,6
20211130,-0.003797560432533875,3.3755590373437387,pbroe_common,7
20211130,0.008317563349933721,3.583496017266247,pbroe_common,8
20211130,0.05541967024834116,3.573954978172358,pbroe_common,9
20211130,0.07343868587096036,4.315162264068505,pbroe_common,10
20211130,0.04026255456176697,1.5495877787387788,revision_common,1
20211130,0.047782955288595774,2.252393323859527,revision_common,2
20211130,0.0214604225231938,2.432070064840559,revision_common,3
20211130,0.02956376056567489,1.9013776140636496,revision_common,4
20211130,0.012879291831841222,2.153669853566902,revision_common,5
20211130,0.01870888774678381,2.388148289337106,revision_common,6
20211130,0.018318688694196394,3.0934308855095494,revision_common,7
20211130,0.01285525880683891,3.4333326423067576,revision_common,8
20211130,0.0016182958346202536,4.052331344676482,revision_common,9
20211130,-0.025401057734325105,7.470380987996321,revision_common,10
20211130,0.034456902432886904,1.5559020666346903,combined_50_50,1
20211130,0.022201736737914812,1.8239354961586818,combined_50_50,2
20211130,-0.001042490484894687,1.8447976115091378,combined_50_50,3
20211130,0.020805513376660922,2.280770927857182,combined_50_50,4
20211130,0.01930290870873619,2.284421959479311,combined_50_50,5
20211130,0.011568442441534321,2.791336067477728,combined_50_50,6
20211130,0.024347688162116743,3.7214916339491646,combined_50_50,7
20211130,-0.0015806815154179032,3.1873560230050386,combined_50_50,8
20211130,0.0180898670001568,5.332224804385171,combined_50_50,9
20211130,0.029340903555272524,6.335943250256548,combined_50_50,10
20211231,-0.12685241435894334,1.7027718373665042,pbroe_common,1
20211231,-0.10695097468626469,2.0143790826958474,pbroe_common,2
20211231,-0.12681699742695118,2.022372447408836,pbroe_common,3
20211231,-0.10213167703526793,1.8246892378064903,pbroe_common,4
20211231,-0.10216130775069221,2.345434438716865,pbroe_common,5
20211231,-0.09283732240723164,3.275599098752688,pbroe_common,6
20211231,-0.10496513118565842,3.0212430401640185,pbroe_common,7
20211231,-0.07387729801088616,3.318757014077845,pbroe_common,8
20211231,-0.0718900942097469,3.317023018090153,pbroe_common,9
20211231,-0.04423166536550349,4.124295450806378,pbroe_common,10
20211231,-0.08918365251797655,1.4113898807336365,revision_common,1
20211231,-0.08635186753487367,2.057894953921175,revision_common,2
20211231,-0.10320310826220858,2.1810728746375423,revision_common,3
20211231,-0.11281675198492058,1.6868703673481509,revision_common,4
20211231,-0.09314734659918511,1.9530612212564895,revision_common,5
20211231,-0.08582471149831006,2.1831861513895663,revision_common,6
20211231,-0.09736747279476987,2.7922313379221975,revision_common,7
20211231,-0.10036541673594868,3.0887447808685042,revision_common,8
20211231,-0.10234502911377019,3.637595375226924,revision_common,9
20211231,-0.08706133873365829,6.819999618330892,revision_common,10
20211231,-0.11270325515231028,1.380546839026754,combined_50_50,1
20211231,-0.10647695258999113,1.6297284028069918,combined_50_50,2
20211231,-0.10895343061524654,1.6438005829444045,combined_50_50,3
20211231,-0.10504784736885919,2.0411808515443095,combined_50_50,4
20211231,-0.09808405669941522,2.0603565864803532,combined_50_50,5
20211231,-0.10469916679196944,2.4990855069764373,combined_50_50,6
20211231,-0.08875255424928541,3.3911997458188297,combined_50_50,7
20211231,-0.09817476054208396,2.8744381086841497,combined_50_50,8
20211231,-0.06601918214704894,4.980195683775454,combined_50_50,9
20211231,-0.06355734617913289,5.933247511728652,combined_50_50,10
20220128,0.010241518994530185,1.7202108074822444,pbroe_common,1
20220128,0.00970997663662021,2.0339386565261206,pbroe_common,2
20220128,0.026352486590739854,2.0756669902106593,pbroe_common,3
20220128,0.011969418074288196,1.8465297061494503,pbroe_common,4
20220128,0.030230631644315498,2.4163384032796067,pbroe_common,5
20220128,0.004258619769701655,3.2895486298322534,pbroe_common,6
20220128,0.023962548029643926,3.0936397216231764,pbroe_common,7
20220128,0.031769893494006274,3.424193570947584,pbroe_common,8
20220128,0.025994881339042264,3.4032486378442783,pbroe_common,9
20220128,0.03246380722398112,4.258185783256098,pbroe_common,10
20220128,0.0029446342519090507,1.4155459077192427,revision_common,1
20220128,0.0033954899642527625,2.0648825155847006,revision_common,2
20220128,-0.001994788560238936,2.176722095418168,revision_common,3
20220128,-0.0060853039651012075,1.6766052484131155,revision_common,4
20220128,0.021687637335029875,1.9954185047162107,revision_common,5
20220128,0.01174870217748536,2.2088357552802527,revision_common,6
20220128,0.01562191638976329,2.8358513424240948,revision_common,7
20220128,0.03775889062140547,3.205372357206755,revision_common,8
20220128,0.04720184873340649,3.809296601881724,revision_common,9
20220128,0.07060431768491204,7.3015210379945055,revision_common,10
20220128,-0.016493974195586958,1.3577761350880475,combined_50_50,1
20220128,0.021161876785470435,1.664216514460975,combined_50_50,2
20220128,0.004779562322306585,1.651657230276031,combined_50_50,3
20220128,0.007816394681931849,2.0571355266971816,combined_50_50,4
20220128,0.014724799340684491,2.090694923786534,combined_50_50,5
20220128,0.006253563559813102,2.5147136970357225,combined_50_50,6
20220128,0.04308082621021114,3.537295432712563,combined_50_50,7
20220128,0.020895956611264088,2.9345022426849776,combined_50_50,8
20220128,0.026956477340747353,5.1144442158776355,combined_50_50,9
20220128,0.07715867160677892,6.391049008047862,combined_50_50,10
20220228,-0.09019976549983,1.5650481960370728,pbroe_common,1
20220228,-0.12362615391966458,1.7824906431112666,pbroe_common,2
20220228,-0.11311720537079017,1.8408733409976301,pbroe_common,3
20220228,-0.1272296784333119,1.611596325418498,pbroe_common,4
20220228,-0.11720496826069826,2.133131537416114,pbroe_common,5
20220228,-0.13466988915273137,2.8465454804902244,pbroe_common,6
20220228,-0.10442285528990058,2.770593028653031,pbroe_common,7
20220228,-0.1239200679236776,2.999867271051939,pbroe_common,8
20220228,-0.08754396064403192,3.1053147730309836,pbroe_common,9
20220228,-0.06725002482709175,3.9718226836137567,pbroe_common,10
20220228,-0.12813404285217234,1.234166287720328,revision_common,1
20220228,-0.11502792442316567,1.8273633656393073,revision_common,2
20220228,-0.10866752849170402,1.9401830850957924,revision_common,3
20220228,-0.11282182754300962,1.4874475802189462,revision_common,4
20220228,-0.10169585770211176,1.7924927084044304,revision_common,5
20220228,-0.10867835103727264,1.968783127684226,revision_common,6
20220228,-0.1091825089192584,2.526225977936185,revision_common,7
20220228,-0.1271486699755665,2.7978135252114695,revision_common,8
20220228,-0.09163418786292932,3.4602348014392756,revision_common,9
20220228,-0.0861925435518236,6.672184367932608,revision_common,10
20220228,-0.10733230978923225,1.2120428863323507,combined_50_50,1
20220228,-0.12500579832147596,1.4561798004909967,combined_50_50,2
20220228,-0.130609941453236,1.4359343761288648,combined_50_50,3
20220228,-0.11841804027739355,1.8135335690406975,combined_50_50,4
20220228,-0.09830813953739248,1.8851625954888094,combined_50_50,5
20220228,-0.13077340976038954,2.185856012303206,combined_50_50,6
20220228,-0.10925323545561749,3.150834461926337,combined_50_50,7
20220228,-0.0927835649572123,2.662228663233731,combined_50_50,8
20220228,-0.10918324387684142,4.556032605760967,combined_50_50,9
20220228,-0.06626806609956926,5.967526549936959,combined_50_50,10
20220331,-0.12414746950870459,1.3707514228399071,pbroe_common,1
20220331,-0.1402423530951098,1.532509960951327,pbroe_common,2
20220331,-0.12369732746833062,1.6131622285085263,pbroe_common,3
20220331,-0.11469825748827167,1.4267490351184946,pbroe_common,4
20220331,-0.1394466063579668,1.8356735836082847,pbroe_common,5
20220331,-0.14560903752120624,2.4320627328157034,pbroe_common,6
20220331,-0.1296855493753064,2.4112871496367685,pbroe_common,7
20220331,-0.1184968115657844,2.6443925643117336,pbroe_common,8
20220331,-0.10665807710396702,2.774107870536957,pbroe_common,9
20220331,-0.10166591983984685,3.5680236770433953,pbroe_common,10
20220331,-0.12784486029088227,1.076384471091006,revision_common,1
20220331,-0.163203283359579,1.5291316644759614,revision_common,2
20220331,-0.11307072595089751,1.7208051751863591,revision_common,3
20220331,-0.12216320592484564,1.3057362151742458,revision_common,4
20220331,-0.11010769997331993,1.5951254590630717,revision_common,5
20220331,-0.12023777329780128,1.7320610283051938,revision_common,6
20220331,-0.1112492993601486,2.245185107865378,revision_common,7
20220331,-0.13180478123911266,2.429048325573141,revision_common,8
20220331,-0.1126369876525134,3.070484376834763,revision_common,9
20220331,-0.13937837775146023,5.742226134671509,revision_common,10
20220331,-0.12225475940845654,1.063864874871058,combined_50_50,1
20220331,-0.13946073950583493,1.2530998886610631,combined_50_50,2
20220331,-0.14436340117704638,1.2286380057238617,combined_50_50,3
20220331,-0.1111297565486965,1.611996025020316,combined_50_50,4
20220331,-0.13922432959574538,1.6227020969529045,combined_50_50,5
20220331,-0.134829565699068,1.8911379954836678,combined_50_50,6
20220331,-0.1231078781199948,2.76294191701123,combined_50_50,7
20220331,-0.12095635870727983,2.3402151780828295,combined_50_50,8
20220331,-0.10629096968873031,4.071767482161161,combined_50_50,9
20220331,-0.10311962329563407,5.3521574601007655,combined_50_50,10
20220429,0.1337314998826371,1.5540640665825467,pbroe_common,1
20220429,0.11117523865928636,1.7028871216078245,pbroe_common,2
20220429,0.10163537869073602,1.777116582492582,pbroe_common,3
20220429,0.13794089694737832,1.6235560767415465,pbroe_common,4
20220429,0.12827058252025259,2.071136503494759,pbroe_common,5
20220429,0.1162237502524115,2.714726184472673,pbroe_common,6
20220429,0.14152754738477102,2.752550705965276,pbroe_common,7
20220429,0.12557760546995755,2.9764690504605618,pbroe_common,8
20220429,0.09959898591597005,3.0504062012639492,pbroe_common,9
20220429,0.04662511079911624,3.734383176319414,pbroe_common,10
20220429,0.11142893681124577,1.196324848304812,revision_common,1
20220429,0.1655270834594642,1.7822443691221832,revision_common,2
20220429,0.11609747810287407,1.9205863163318697,revision_common,3
20220429,0.10018250095986847,1.4365481348042748,revision_common,4
20220429,0.08959149531912369,1.7380351341621358,revision_common,5
20220429,0.1245110387351196,1.947721746092093,revision_common,6
20220429,0.12536454146655918,2.5266517094204684,revision_common,7
20220429,0.09953352647622626,2.6708200713986083,revision_common,8
20220429,0.0967545582969116,3.3675677364729784,revision_common,9
20220429,0.11709988506193358,6.414640155041174,revision_common,10
20220429,0.11558804788907207,1.1868349389751556,combined_50_50,1
20220429,0.1536297125531343,1.4456132643564268,combined_50_50,2
20220429,0.12063482012134075,1.3768545305386026,combined_50_50,3
20220429,0.10207541150540322,1.776541182619339,combined_50_50,4
20220429,0.15955952313492316,1.8816196697327499,combined_50_50,5
20220429,0.0856108509207949,2.053039928485671,combined_50_50,6
20220429,0.11348816488378777,3.076503124853329,combined_50_50,7
20220429,0.11330901879135236,2.605382663672025,combined_50_50,8
20220429,0.08861081952721817,4.43257013567974,combined_50_50,9
20220429,0.09942459341785548,5.884293539479626,combined_50_50,10
20220531,0.0977863783622257,1.7060303633965268,pbroe_common,1
20220531,0.1477759487915753,1.9545328816883756,pbroe_common,2
20220531,0.14852871686363756,2.041069428207298,pbroe_common,3
20220531,0.09878689685536068,1.7839421434335077,pbroe_common,4
20220531,0.13939151134200545,2.35983535091249,pbroe_common,5
20220531,0.14312863161874145,3.103281228475814,pbroe_common,6
20220531,0.13818218949540095,3.1329041892126694,pbroe_common,7
20220531,0.09810858298540359,3.2684862113011572,pbroe_common,8
20220531,0.09895725465939798,3.3522660245370326,pbroe_common,9
20220531,0.12191080283851585,4.18964482745116,pbroe_common,10
20220531,0.07716233217985446,1.2886360636447218,revision_common,1
20220531,0.09768494525809612,1.9563428127564337,revision_common,2
20220531,0.15270883632288723,2.21387681775657,revision_common,3
20220531,0.16569795784554042,1.6745812270881633,revision_common,4
20220531,0.13500129348597856,1.9726721253981006,revision_common,5
20220531,0.08519832409927464,2.113664374670852,revision_common,6
20220531,0.1489689761285231,2.9030444276062184,revision_common,7
20220531,0.1536363862987895,3.0811552156225654,revision_common,8
20220531,0.12654546586348303,3.7937181645117866,revision_common,9
20220531,0.08809659414209481,6.97974810534742,revision_common,10
20220531,0.08577979421355031,1.288641395805896,combined_50_50,1
20220531,0.1311135276309645,1.635152719036312,combined_50_50,2
20220531,0.1579891504001718,1.594382608043024,combined_50_50,3
20220531,0.15226193565261026,2.047040781851537,combined_50_50,4
20220531,0.11388946704440439,2.095916331098881,combined_50_50,5
20220531,0.15322979122919445,2.3676268081127305,combined_50_50,6
20220531,0.0666996404826179,3.2817047772246966,combined_50_50,7
20220531,0.11586788720597929,2.907262848274789,combined_50_50,8
20220531,0.13118440182879976,5.014054197493088,combined_50_50,9
20220531,0.1171501573541407,6.573639453547617,combined_50_50,10
20220630,-0.028110592071810325,1.6580728397889648,pbroe_common,1
20220630,-0.01836579686086459,1.9186363278254066,pbroe_common,2
20220630,-0.00016024365563482856,2.0407423597807175,pbroe_common,3
20220630,0.022251755118200656,1.823637987154228,pbroe_common,4
20220630,-0.034309209642384486,2.2788712651365235,pbroe_common,5
20220630,0.000544692386191814,3.1049715621331764,pbroe_common,6
20220630,0.010707584240278845,3.1664500247353864,pbroe_common,7
20220630,-0.003984269113657679,3.255463682641054,pbroe_common,8
20220630,-0.038007333838081414,3.2248553306283956,pbroe_common,9
20220630,0.004730395993614467,4.2094635065576025,pbroe_common,10
20220630,0.054182592467182156,1.3584577063196976,revision_common,1
20220630,-0.0025819360627208354,1.9512916606971331,revision_common,2
20220630,-0.01676462284571445,2.1767620078800105,revision_common,3
20220630,-0.04432177066816778,1.6003608219759426,revision_common,4
20220630,-0.03903572573059977,1.895667437354661,revision_common,5
20220630,-0.02016464912321858,2.0710430741913672,revision_common,6
20220630,0.021917499301212562,2.966671901819667,revision_common,7
20220630,-0.002656536540624921,3.072970014204927,revision_common,8
20220630,-0.021400618766698187,3.712530248364772,revision_common,9
20220630,-0.014584586180338976,6.877951367587923,revision_common,10
20220630,0.038044622304878484,1.3376672709957627,combined_50_50,1
20220630,-0.045198835909329604,1.5612457196018956,combined_50_50,2
20220630,-0.0023142626790521037,1.5906927878771002,combined_50_50,3
20220630,-0.014294199346258751,2.0177799728458297,combined_50_50,4
20220630,0.008753406346512671,2.1142627384132817,combined_50_50,5
20220630,-0.034788061037038576,2.285261662199176,combined_50_50,6
20220630,-0.02488016747075561,3.2000554127777674,combined_50_50,7
20220630,0.03214637807774268,3.0007208189668053,combined_50_50,8
20220630,-0.020996235651975614,4.908777933990746,combined_50_50,9
20220630,-0.021780300356794124,6.430463611812078,combined_50_50,10
20220729,-0.02043128099662095,1.6241962876863711,pbroe_common,1
20220729,-0.04333844138033649,1.835485619801761,pbroe_common,2
20220729,-0.03315146597891028,1.973088758868726,pbroe_common,3
20220729,-0.02024764107201149,1.7867136197450437,pbroe_common,4
20220729,-0.04798917036333661,2.1695101237577745,pbroe_common,5
20220729,-0.03234157823052952,3.0045518814528767,pbroe_common,6
20220729,-0.06616337192850819,2.956947014055785,pbroe_common,7
20220729,-0.020861935185157554,3.187548410296162,pbroe_common,8
20220729,-0.0572752544969779,3.0401509208507185,pbroe_common,9
20220729,-0.007931684531194305,4.176075369978013,pbroe_common,10
20220729,-0.03557130308717016,1.3101355955170977,revision_common,1
20220729,-0.06288486502773905,1.8285849479844412,revision_common,2
20220729,-0.03524919181740516,2.100032906323408,revision_common,3
20220729,-0.029414184053514814,1.553287514206308,revision_common,4
20220729,-0.03788546765708123,1.8238491899681788,revision_common,5
20220729,-0.022099985319438464,2.0252730526558134,revision_common,6
20220729,-0.013023454885971675,2.9280355841448387,revision_common,7
20220729,-0.04308783416065454,2.9405623918522013,revision_common,8
20220729,-0.04386132074867488,3.5496937683520873,revision_common,9
20220729,-0.027941100037631172,6.685773840372187,revision_common,10
20220729,-0.04202704565661164,1.2814490675242687,combined_50_50,1
20220729,-0.04608157770615928,1.4893010536556524,combined_50_50,2
20220729,-0.018430143598430315,1.561376091375538,combined_50_50,3
20220729,-0.04759047400915806,1.9217528674919107,combined_50_50,4
20220729,-0.04563849598996206,2.017770966904481,combined_50_50,5
20220729,-0.019571218764591447,2.2405363062739423,combined_50_50,6
20220729,-0.03357467234229572,3.092614600816564,combined_50_50,7
20220729,-0.027602612030309892,2.917893086389591,combined_50_50,8
20220729,-0.03811817979418897,4.721664254133139,combined_50_50,9
20220729,-0.03269675641806735,6.2202083094414125,combined_50_50,10
20220831,-0.05563552884523071,1.5338332682724793,pbroe_common,1
20220831,-0.08260895106275978,1.683858078059158,pbroe_common,2
20220831,-0.07837820911945348,1.81844159551487,pbroe_common,3
20220831,-0.07913917149852434,1.6453145841732915,pbroe_common,4
20220831,-0.07493990677357565,2.0069272373390383,pbroe_common,5
20220831,-0.08107481197510902,2.7609584025946248,pbroe_common,6
20220831,-0.07950779458490753,2.721846678263782,pbroe_common,7
20220831,-0.08469952567117034,2.917564571890184,pbroe_common,8
20220831,-0.07388557528475947,2.8155276211111717,pbroe_common,9
20220831,-0.08251197713675451,3.8314991345290235,pbroe_common,10
20220831,-0.07417755445583885,1.2129529410360953,revision_common,1
20220831,-0.09284279889871683,1.6588140033895011,revision_common,2
20220831,-0.07637127210086547,1.9396507218138117,revision_common,3
20220831,-0.086250562103517,1.4193155929976393,revision_common,4
20220831,-0.08017950144912822,1.6776138711981339,revision_common,5
20220831,-0.08404666548453676,1.8550556058844037,revision_common,6
20220831,-0.08090936524450498,2.6911300836183565,revision_common,7
20220831,-0.06880639398404531,2.738232897383752,revision_common,8
20220831,-0.06963650807186406,3.3025054895995916,revision_common,9
20220831,-0.05946670046670277,6.288192930018657,revision_common,10
20220831,-0.08375203875680848,1.1741250955561,combined_50_50,1
20220831,-0.06794380364449748,1.3881122752985295,combined_50_50,2
20220831,-0.09505934849373388,1.4129526973756865,combined_50_50,3
20220831,-0.07273383705347514,1.7819764075707054,combined_50_50,4
20220831,-0.07823386007670241,1.8599129554128433,combined_50_50,5
20220831,-0.07752164698869368,2.066846241673622,combined_50_50,6
20220831,-0.0713853991618556,2.8718470730834906,combined_50_50,7
20220831,-0.07395566250343755,2.7020983700714485,combined_50_50,8
20220831,-0.08460686930819028,4.322179023666543,combined_50_50,9
20220831,-0.06859714343737,5.793519787828339,combined_50_50,10
20220930,0.06259159107835499,1.629838332982567,pbroe_common,1
20220930,0.014212939995615015,1.7077906518837447,pbroe_common,2
20220930,0.03345799462893595,1.8792830046506401,pbroe_common,3
20220930,0.012718515197164715,1.6662405427162161,pbroe_common,4
20220930,0.030766666485325,2.068673698310563,pbroe_common,5
20220930,0.04406648909417932,2.8826241459320436,pbroe_common,6
20220930,0.02659333228091265,2.7942296513965488,pbroe_common,7
20220930,0.028235839871979973,2.9999444579582373,pbroe_common,8
20220930,0.012478335970495857,2.8506607207016077,pbroe_common,9
20220930,-0.006948932123942542,3.8048743071102367,pbroe_common,10
20220930,0.016568114082612828,1.2330492837400222,revision_common,1
20220930,0.0068595637849482305,1.6701927438531168,revision_common,2
20220930,0.02823224127459434,1.9944114089805005,revision_common,3
20220930,0.03664305188590533,1.4713236479143263,revision_common,4
20220930,0.006881696974770257,1.6891587015003906,revision_common,5
20220930,0.04888898461460456,1.9457473908597223,revision_common,6
20220930,0.054334717201382166,2.8373518756638916,revision_common,7
20220930,0.043054648504784465,2.856126552304847,revision_common,8
20220930,0.02645887187503093,3.389886059215493,revision_common,9
20220930,-0.009831623852712523,6.226369782417428,revision_common,10
20220930,0.030992613229965382,1.2105143005262664,combined_50_50,1
20220930,0.04331953518369702,1.448244653847246,combined_50_50,2
20220930,0.01787978177270899,1.4382159832599244,combined_50_50,3
20220930,0.0390051833289049,1.8514827240357843,combined_50_50,4
20220930,0.022773880872779317,1.9022703914931545,combined_50_50,5
20220930,0.026134575526302495,2.1208623908778956,combined_50_50,6
20220930,0.02396462058570492,2.9406697985701036,combined_50_50,7
20220930,0.021378604438465842,2.7598654622790293,combined_50_50,8
20220930,0.014153406932999157,4.383352582225768,combined_50_50,9
20220930,0.01450695535301616,5.877566120727181,combined_50_50,10
20221031,0.024290988254889845,1.6694287167864157,pbroe_common,1
20221031,0.04574769315569549,1.7859181346002875,pbroe_common,2
20221031,0.06087767117292553,1.9936893774486293,pbroe_common,3
20221031,0.045914619501119525,1.74274534323237,pbroe_common,4
20221031,0.06369860785859238,2.200445333006632,pbroe_common,5
20221031,0.05812346594449114,3.0501722523088923,pbroe_common,6
20221031,0.0716931711637141,2.9945568360648465,pbroe_common,7
20221031,0.07062813657697209,3.211824944858242,pbroe_common,8
20221031,0.10852099936949111,3.1600172709754997,pbroe_common,9
20221031,0.11588696359167994,4.245809637409239,pbroe_common,10
20221031,0.10429099609655568,1.3616452217774138,revision_common,1
20221031,0.07509110812152087,1.795609367765571,revision_common,2
20221031,0.09045860068690925,2.1748230742308836,revision_common,3
20221031,0.08836064160550072,1.601330749453382,revision_common,4
20221031,0.08101309344281549,1.8260026732247865,revision_common,5
20221031,0.06690794824786006,2.0759333565907734,revision_common,6
20221031,0.05058784374773895,2.980887389007331,revision_common,7
20221031,0.06256303424109233,3.0348144955935883,revision_common,8
20221031,0.021199261003301606,3.4617491385562555,revision_common,9
20221031,0.014727570281315217,6.318069080985438,revision_common,10
20221031,0.0643580312540164,1.2884206177129696,combined_50_50,1
20221031,0.07594640887832504,1.5582336344841774,combined_50_50,2
20221031,0.07971635553430767,1.5528653199165963,combined_50_50,3
20221031,0.06234639426963162,1.9669159959319307,combined_50_50,4
20221031,0.05344733473599672,2.003941673865665,combined_50_50,5
20221031,0.055384610015666746,2.2383255272935623,combined_50_50,6
20221031,0.07914035172794542,3.173395440744688,combined_50_50,7
20221031,0.05268242685702007,2.9052618726307604,combined_50_50,8
20221031,0.05540287830852075,4.626202931922163,combined_50_50,9
20221031,0.07641321651388577,6.326689853284987,combined_50_50,10
20221130,-0.042247609833288124,1.5988993437151364,pbroe_common,1
20221130,-0.03056037572921333,1.7313398053852869,pbroe_common,2
20221130,-0.031237620735718563,1.9314112648110582,pbroe_common,3
20221130,-0.03596539098349916,1.6800668255783455,pbroe_common,4
20221130,-0.03396608554972125,2.1257048185782437,pbroe_common,5
20221130,-0.03495010424337419,2.943568414130449,pbroe_common,6
20221130,-0.048786584469375005,2.8484626360338243,pbroe_common,7
20221130,-0.022270537424999737,3.1402958772212286,pbroe_common,8
20221130,-0.05266699743905556,2.993588649457662,pbroe_common,9
20221130,-0.041011939829976085,4.071680748030278,pbroe_common,10
20221130,-0.03858680009160331,1.3091036898090018,revision_common,1
20221130,-0.02190713823247359,1.756272705134406,revision_common,2
20221130,-0.032824814139567726,2.1034349110328114,revision_common,3
20221130,-0.03882186085717554,1.539164109911786,revision_common,4
20221130,-0.04312239662056372,1.7472610617197777,revision_common,5
20221130,-0.022399724095666373,2.0294330221621495,revision_common,6
20221130,-0.034950095562516825,2.8767050899004234,revision_common,7
20221130,-0.038741172110856814,2.917242224895274,revision_common,8
20221130,-0.04910391444525053,3.2917637050256694,revision_common,9
20221130,-0.055030069294206174,5.970385301653228,revision_common,10
20221130,-0.04294858052883832,1.2330847810581085,combined_50_50,1
20221130,-0.019542139556480986,1.527782415337485,combined_50_50,2
20221130,-0.0302451122214189,1.5058987340509693,combined_50_50,3
20221130,-0.04453642136142888,1.8793165963545717,combined_50_50,4
20221130,-0.032382076456695996,1.9390498813677874,combined_50_50,5
20221130,-0.024653596437304248,2.1831427530483505,combined_50_50,6
20221130,-0.04230750925414706,3.039136983768314,combined_50_50,7
20221130,-0.035264663329233725,2.8028087908091774,combined_50_50,8
20221130,-0.045679553465983624,4.414880047748934,combined_50_50,9
20221130,-0.05769440892808675,5.9616752217283855,combined_50_50,10
20221230,0.06698384643732758,1.7059997718232949,pbroe_common,1
20221230,0.0742823888548314,1.859947862048765,pbroe_common,2
20221230,0.08700426496307179,2.099452282247341,pbroe_common,3
20221230,0.08236700267244168,1.8184488942906378,pbroe_common,4
20221230,0.10529429934132928,2.3495294180569273,pbroe_common,5
20221230,0.0933431934545832,3.2183304900574283,pbroe_common,6
20221230,0.10613404360205503,3.1507814936454626,pbroe_common,7
20221230,0.09153368610414692,3.427738734320943,pbroe_common,8
20221230,0.09929653390329385,3.29084162628105,pbroe_common,9
20221230,0.09153196144151887,4.444369673261161,pbroe_common,10
20221230,0.10060001221858328,1.4407995369991797,revision_common,1
20221230,0.0854066834038647,1.9062701320326692,revision_common,2
20221230,0.0974463845145106,2.3084070381745603,revision_common,3
20221230,0.08628662797170916,1.6719733908511514,revision_common,4
20221230,0.09703534899217003,1.916807148624186,revision_common,5
20221230,0.08214133380508537,2.1961333574706337,revision_common,6
20221230,0.08452185060334139,3.1198495277388587,revision_common,7
20221230,0.10330148303625641,3.218597673102944,revision_common,8
20221230,0.0720850816472598,3.5290507604659314,revision_common,9
20221230,0.08693515748047798,6.489421688071583,revision_common,10
20221230,0.07617398061276881,1.3270137572643292,combined_50_50,1
20221230,0.0739643524346929,1.6407838523490332,combined_50_50,2
20221230,0.10449088245291493,1.6632514216566825,combined_50_50,3
20221230,0.09329327422955558,2.054644194942434,combined_50_50,4
20221230,0.09648121044608304,2.1261317610374855,combined_50_50,5
20221230,0.08217678182468302,2.362546398757743,combined_50_50,6
20221230,0.09414729943053524,3.3252635233895633,combined_50_50,7
20221230,0.0926494517605605,3.062487488667327,combined_50_50,8
20221230,0.09641788791342809,4.84055345734402,combined_50_50,9
20221230,0.0866905046058013,6.478495854995922,combined_50_50,10
20230131,-0.0006932236031300665,1.7048171325145325,pbroe_common,1
20230131,0.0010804422723680318,1.8619574283433231,pbroe_common,2
20230131,0.011777463677346223,2.1241785052438305,pbroe_common,3
20230131,0.016095278311420547,1.8477173353393406,pbroe_common,4
20230131,0.0219933041260707,2.401203333101403,pbroe_common,5
20230131,0.014378771206617458,3.2646061278412453,pbroe_common,6
20230131,0.023050110967947735,3.2234073567097465,pbroe_common,7
20230131,0.014219602959710365,3.476479818172607,pbroe_common,8
20230131,0.035256260571421505,3.4068643961564953,pbroe_common,9
20230131,0.03672901320616906,4.607606985683467,pbroe_common,10
20230131,0.01460334976775246,1.4618400365831945,revision_common,1
20230131,0.005321525228120683,1.916414396631894,revision_common,2
20230131,0.016501981924101905,2.3465003293919864,revision_common,3
20230131,0.024429812793346217,1.7128193877851015,revision_common,4
20230131,0.029825313923167007,1.973976523562073,revision_common,5
20230131,0.005122124513350146,2.20738222597552,revision_common,6
20230131,0.03344740773213095,3.2242004069560366,revision_common,7
20230131,0.019436483654858172,3.2811558941677736,revision_common,8
20230131,0.019692975891115072,3.5985482720103086,revision_common,9
20230131,0.0036339629598480805,6.51300400611687,revision_common,10
20230131,-0.009425476735769656,1.314506019967188,combined_50_50,1
20230131,0.014016069213285576,1.6637811923875987,combined_50_50,2
20230131,0.01122894226758886,1.6819279758469503,combined_50_50,3
20230131,0.018046957554631815,2.0917242715184305,combined_50_50,4
20230131,0.016564461661514596,2.1613499890805192,combined_50_50,5
20230131,0.027363052862444448,2.427192880756929,combined_50_50,6
20230131,0.01816386157315364,3.3856631497226686,combined_50_50,7
20230131,0.023991644101114984,3.1359615985595513,combined_50_50,8
20230131,0.033083731637652214,5.0006970289045,combined_50_50,9
20230131,0.01997446352543175,6.607900334151199,combined_50_50,10
20230228,0.0002601006164664188,1.705260556501662,pbroe_common,1
20230228,-0.013927012599277089,1.836025923779468,pbroe_common,2
20230228,-0.032971264842275305,2.0541416531751677,pbroe_common,3
20230228,-0.03973411116877057,1.7742999293285027,pbroe_common,4
20230228,-0.0268667185349164,2.3366908790058645,pbroe_common,5
20230228,-0.022350772408846642,3.1916396592733394,pbroe_common,6
20230228,-0.015130401635391366,3.174635908768253,pbroe_common,7
20230228,-0.02200977901273904,3.3999632656323806,pbroe_common,8
20230228,-0.02921157128243368,3.3073445339985845,pbroe_common,9
20230228,-0.007992659500062671,4.570779951936789,pbroe_common,10
20230228,0.0029502062081632197,1.4661527661344638,revision_common,1
20230228,-0.04086296007719237,1.8381040316509683,revision_common,2
20230228,0.005217799787408772,2.3587438983118427,revision_common,3
20230228,-0.04295453229501378,1.6392460320769606,revision_common,4
20230228,-0.017558741708577852,1.9393159796460502,revision_common,5
20230228,-0.028969220692909636,2.143436083117629,revision_common,6
20230228,-0.024068021649412685,3.1466002817593735,revision_common,7
20230228,-0.00908383295583537,3.251350422123099,revision_common,8
20230228,-0.023132014936639078,3.5153065996319492,revision_common,9
20230228,-0.032841204461968365,6.299109109890367,revision_common,10
20230228,0.02310147538228935,1.3448730484273312,combined_50_50,1
20230228,-0.03609687723812305,1.6037238869348855,combined_50_50,2
20230228,-0.04234186675809104,1.610712005596933,combined_50_50,3
20230228,-0.015287840834630084,2.0597463237855242,combined_50_50,4
20230228,-0.041229767518900395,2.0722380315037516,combined_50_50,5
20230228,-0.027439816779370352,2.3605911528207666,combined_50_50,6
20230228,-0.023744599951592615,3.305271932661655,combined_50_50,7
20230228,-0.009586711477496457,3.1058980395096523,combined_50_50,8
20230228,-0.026772269142165905,4.866817022148239,combined_50_50,9
20230228,-0.010496623663135418,6.538539691140107,combined_50_50,10
20230331,-0.02032278890051531,1.6706049061915036,pbroe_common,1
20230331,-0.03645594665023366,1.7690918606537178,pbroe_common,2
20230331,-0.04676226269989925,1.9580853415665853,pbroe_common,3
20230331,-0.03663651616278274,1.7092957612900348,pbroe_common,4
20230331,-0.05206968005043022,2.2150201325592707,pbroe_common,5
20230331,-0.01759927862276378,3.135469103646325,pbroe_common,6
20230331,-0.048399615142270425,3.0209847525670375,pbroe_common,7
20230331,-0.04668394231750639,3.241239576657958,pbroe_common,8
20230331,-0.04018434252468439,3.174441068397243,pbroe_common,9
20230331,-0.049333864876520916,4.345285711407628,pbroe_common,10
20230331,-0.0795658824512141,1.3494970274886866,revision_common,1
20230331,-0.025198621175362534,1.791786344476489,revision_common,2
20230331,-0.0489372864745341,2.2433133724400967,revision_common,3
20230331,-0.060917826364762395,1.5393867269257706,revision_common,4
20230331,-0.03351820715986564,1.8743135848918362,revision_common,5
20230331,-0.046330705407254924,2.044129177391426,revision_common,6
20230331,-0.02640526685600042,3.063513461630351,revision_common,7
20230331,-0.021347365037164834,3.1819426577982974,revision_common,8
20230331,-0.043995236648899816,3.3606498538877023,revision_common,9
20230331,-0.006307316818257802,6.259378633061514,revision_common,10
20230331,-0.05961670295826238,1.2646961513826662,combined_50_50,1
20230331,-0.04622207576820736,1.5295964399216972,combined_50_50,2
20230331,-0.038407024696091696,1.5488493498196803,combined_50_50,3
20230331,-0.05423826963954892,1.9480292472869754,combined_50_50,4
20230331,-0.001847387729858374,2.0684098043910057,combined_50_50,5
20230331,-0.03828644488550692,2.270212509751079,combined_50_50,6
20230331,-0.05060468327726142,3.13800969336409,combined_50_50,7
20230331,-0.03338993863573503,3.002192294561575,combined_50_50,8
20230331,-0.05988040969118591,4.575390024969965,combined_50_50,9
20230331,-0.014880630874342327,6.441242095539015,combined_50_50,10
20230428,-0.04451095286559592,1.5962446899549803,pbroe_common,1
20230428,0.02696187145164397,1.8167898879868132,pbroe_common,2
20230428,0.020652147691103018,1.9985240092324021,pbroe_common,3
20230428,-0.009762324118504861,1.692609062053935,pbroe_common,4
20230428,-0.004636325328305935,2.2047505786159785,pbroe_common,5
20230428,-0.013300009180855943,3.0937673357815387,pbroe_common,6
20230428,0.005097637923551668,3.0363846390081943,pbroe_common,7
20230428,-0.004601184460560015,3.2263260354848873,pbroe_common,8
20230428,-0.031018453915529265,3.0759748144095993,pbroe_common,9
20230428,-0.040350664922199075,4.1699505436754,pbroe_common,10
20230428,-0.016100665334581432,1.3277692274790789,revision_common,1
20230428,0.006608146720163743,1.8036267315319756,revision_common,2
20230428,-0.002556004173192239,2.237579454098362,revision_common,3
20230428,-0.0008877256454139504,1.5380201738500687,revision_common,4
20230428,0.015527380941559255,1.9034167659283914,revision_common,5
20230428,-0.040375027220246884,1.961597406212546,revision_common,6
20230428,-0.01782172257732051,3.0089163746052883,revision_common,7
20230428,-0.005954006731365147,3.1629973497949484,revision_common,8
20230428,-0.023281188103736694,3.2824099324885476,revision_common,9
20230428,-0.011734924936148694,6.185925294655604,revision_common,10
20230428,0.006573151886191342,1.273009191275586,combined_50_50,1
20230428,-0.007686292959904084,1.5178395135740328,combined_50_50,2
20230428,-0.01799129229008045,1.5209835484537733,combined_50_50,3
20230428,0.029852669817575395,2.0061831212012136,combined_50_50,4
20230428,-0.03268628028331655,2.0008011817839213,combined_50_50,5
20230428,0.008111825874825174,2.2886280783290296,combined_50_50,6
20230428,-0.014338226756935524,3.093016198815174,combined_50_50,7
20230428,-0.022966187262752458,2.9332433841258814,combined_50_50,8
20230428,0.0027064738525035548,4.587773198437552,combined_50_50,9
20230428,-0.04961174878052588,6.121680810860585,combined_50_50,10
20230531,0.025631426774527677,1.6371587188397898,pbroe_common,1
20230531,0.12761348635693825,2.048636779570842,pbroe_common,2
20230531,0.023364700041462516,2.045218923233778,pbroe_common,3
20230531,0.03901760144599531,1.7586506078410353,pbroe_common,4
20230531,0.02207615722448253,2.2534229990302737,pbroe_common,5
20230531,0.03215974783624964,3.1932621131642986,pbroe_common,6
20230531,0.01953140082382676,3.095689484447974,pbroe_common,7
20230531,-0.006945721626270385,3.2039168729668206,pbroe_common,8
20230531,0.009171398465401603,3.104185805102089,pbroe_common,9
20230531,0.01276995660213709,4.223200631151193,pbroe_common,10
20230531,-0.019843525648448712,1.3014216047583769,revision_common,1
20230531,0.046887119099517705,1.8881935929043892,revision_common,2
20230531,0.08542385913800765,2.4287221261953604,revision_common,3
20230531,0.028473570190774122,1.5818130992250152,revision_common,4
20230531,0.021100382952332408,1.9435795886073706,revision_common,5
20230531,0.059648379956077635,2.0786035136191683,revision_common,6
20230531,-0.014895400872074638,2.964097359014993,revision_common,7
20230531,0.05735193582075149,3.3444013708015956,revision_common,8
20230531,0.018095564299589917,3.3418069924795066,revision_common,9
20230531,0.02561453815688708,6.344374914151213,revision_common,10
20230531,0.09191738231228697,1.3900208637971194,combined_50_50,1
20230531,0.06694194705991974,1.6194466459371601,combined_50_50,2
20230531,0.023225148003186646,1.5563086164770241,combined_50_50,3
20230531,0.05599763910001676,2.118524639590784,combined_50_50,4
20230531,-0.04120473098089328,1.9183587073422614,combined_50_50,5
20230531,-0.01837328810379124,2.2465784552834642,combined_50_50,6
20230531,0.03593549811587993,3.204165276600083,combined_50_50,7
20230531,0.06155648340264097,3.1138035318167323,combined_50_50,8
20230531,0.016818312784109724,4.66493180307143,combined_50_50,9
20230531,0.010151530775554196,6.183825242010156,combined_50_50,10
20230630,-0.011800249565364629,1.6178398373793677,pbroe_common,1
20230630,-0.04773119053213615,1.9508529071140042,pbroe_common,2
20230630,-0.006513801818390674,2.031896772492611,pbroe_common,3
20230630,-0.04130140763339063,1.6860158622018826,pbroe_common,4
20230630,0.029114909060836247,2.319031204722637,pbroe_common,5
20230630,0.005416861054428734,3.2105595703416814,pbroe_common,6
20230630,-0.0051292985448236905,3.079810768880169,pbroe_common,7
20230630,-0.016626908247569183,3.1506456410871624,pbroe_common,8
20230630,0.0018285460833566969,3.1098619518980204,pbroe_common,9
20230630,0.0167311532230372,4.293859648002611,pbroe_common,10
20230630,-0.014040139477275781,1.2831494639088292,revision_common,1
20230630,-0.01695125135171205,1.8561863487103747,revision_common,2
20230630,-0.043634367833402465,2.3227463715758287,revision_common,3
20230630,-0.03444572536553192,1.5273263996295094,revision_common,4
20230630,0.03552384584631163,2.0126230103030966,revision_common,5
20230630,-0.03887453471619362,1.9977987691677779,revision_common,6
20230630,0.013108742615951963,3.0029529483829434,revision_common,7
20230630,-0.00856581496412212,3.3157538474935526,revision_common,8
20230630,0.027455202024318615,3.433556978584312,revision_common,9
20230630,0.003958111968828781,6.369486660433652,revision_common,10
20230630,-0.06835348254935159,1.2950080969403284,combined_50_50,1
20230630,-0.012455866297471863,1.5992750350394775,combined_50_50,2
20230630,-0.017532885471350235,1.529022035746257,combined_50_50,3
20230630,0.005276822233283962,2.1297037175107367,combined_50_50,4
20230630,-0.01173289867885341,1.8958507989993185,combined_50_50,5
20230630,0.01929418733780719,2.2899243608687847,combined_50_50,6
20230630,-0.020310044829022322,3.1390885361927388,combined_50_50,7
20230630,0.02563373173936645,3.193621936240414,combined_50_50,8
20230630,0.0046653769290598834,4.686695468281117,combined_50_50,9
20230630,0.007165952356133376,6.228138239073055,combined_50_50,10
20230731,-0.049230425639498754,1.538192893568644,pbroe_common,1
20230731,-0.05273193462069492,1.8479806591614758,pbroe_common,2
20230731,-0.05826732783499999,1.9135035771229056,pbroe_common,3
20230731,-0.053636171696175516,1.595584425934347,pbroe_common,4
20230731,-0.05152917978076266,2.1995334288572854,pbroe_common,5
20230731,-0.050137963799778085,3.049588650826859,pbroe_common,6
20230731,-0.04793725580786257,2.9321730922125506,pbroe_common,7
20230731,-0.0606737105368923,2.9594842794555185,pbroe_common,8
20230731,-0.06276466990271656,2.9146724930441232,pbroe_common,9
20230731,-0.06191873225486266,4.0279893021179785,pbroe_common,10
20230731,-0.05823828937169506,1.2084210341225714,revision_common,1
20230731,-0.06342387836196317,1.7384598115126313,revision_common,2
20230731,-0.06784451374072331,2.165160773453237,revision_common,3
20230731,-0.05192194208263823,1.4480246467666618,revision_common,4
20230731,-0.053513219920216404,1.904921072536259,revision_common,5
20230731,-0.07144773517894432,1.8550605717674575,revision_common,6
20230731,-0.0535328041414419,2.8421964563511937,revision_common,7
20230731,-0.030949845434085854,3.2131317784161517,revision_common,8
20230731,-0.051735615337385465,3.2559197955012786,revision_common,9
20230731,-0.04752460787843915,6.066779304509594,revision_common,10
20230731,-0.05565961514380935,1.2229284446565127,combined_50_50,1
20230731,-0.06051981288519759,1.5024872091669206,combined_50_50,2
20230731,-0.04806822766810581,1.4555246564224553,combined_50_50,3
20230731,-0.055750132212479486,2.010972453686104,combined_50_50,4
20230731,-0.06474849211193656,1.7730973184949026,combined_50_50,5
20230731,-0.05433961897631623,2.1654907436145905,combined_50_50,6
20230731,-0.05090091282873366,2.979306064250315,combined_50_50,7
20230731,-0.05394070601562728,3.0213557142526115,combined_50_50,8
20230731,-0.05224477023880014,4.441840140361545,combined_50_50,9
20230731,-0.05373932464028286,5.893442296338948,combined_50_50,10
20230831,-0.007255018117253154,1.5270332762579735,pbroe_common,1
20230831,-0.02387122345051851,1.8038670999143958,pbroe_common,2
20230831,-0.015806655676465664,1.8832574849436385,pbroe_common,3
20230831,-0.005138806987955324,1.587385025536483,pbroe_common,4
20230831,-0.011936700439325154,2.1732782572107343,pbroe_common,5
20230831,-0.010468889372707735,3.0176628446090876,pbroe_common,6
20230831,-0.00524181537513424,2.916803182215236,pbroe_common,7
20230831,0.0012068814942760575,2.9630560262649945,pbroe_common,8
20230831,-0.00881524445570947,2.888978942509607,pbroe_common,9
20230831,-0.009209168635385123,3.9908948693732467,pbroe_common,10
20230831,-0.01502771838698802,1.1902612231288645,revision_common,1
20230831,0.0037168948630152965,1.7449214838556013,revision_common,2
20230831,-0.018045090270403796,2.1260902518463363,revision_common,3
20230831,-0.003275441137168933,1.4432817272710077,revision_common,4
20230831,-0.021258258493893067,1.8644257679658192,revision_common,5
20230831,-0.00880367594878384,1.8387292196282512,revision_common,6
20230831,-0.013700514661639795,2.8032569021296934,revision_common,7
20230831,0.0005342269255423915,3.2148483199274978,revision_common,8
20230831,-0.00918065311448557,3.2260283252901947,revision_common,9
20230831,-0.012313210218757753,5.992077775582358,revision_common,10
20230831,-0.016007207282626612,1.2033527755510758,combined_50_50,1
20230831,-0.01908898768509515,1.4738062493341202,combined_50_50,2
20230831,-0.013931034738825732,1.4352476918706167,combined_50_50,3
20230831,0.006001100951645633,2.0230405023916527,combined_50_50,4
20230831,-0.00655921801075976,1.761467186628601,combined_50_50,5
20230831,-0.009000627995899513,2.145999967002752,combined_50_50,6
20230831,-0.006177885463111266,2.960900252625824,combined_50_50,7
20230831,-0.009012874717776898,2.9941246137222133,combined_50_50,8
20230831,-0.01275216342036356,4.385197069004524,combined_50_50,9
20230831,-0.01069365147044321,5.830419878460731,combined_50_50,10
20230928,-0.012400887511600622,1.5080967083726273,pbroe_common,1
20230928,-0.029906598785921168,1.7499195702941328,pbroe_common,2
20230928,-0.01283071369190747,1.859093947346185,pbroe_common,3
20230928,-0.025087671716970017,1.5475612311273896,pbroe_common,4
20230928,-0.02444775747490091,2.120146477452971,pbroe_common,5
20230928,-0.03790866905085344,2.9032672625257447,pbroe_common,6
20230928,-0.02378110100795716,2.8474383911186445,pbroe_common,7
20230928,-0.021226639809182823,2.900160303261039,pbroe_common,8
20230928,-0.023066763741803276,2.8223395477876934,pbroe_common,9
20230928,-0.03166078955828577,3.864539986764778,pbroe_common,10
20230928,-0.01915869394644376,1.1674573726386188,revision_common,1
20230928,-0.028288265746963526,1.6955606812127082,revision_common,2
20230928,-0.014535327888879346,2.0951868329143997,revision_common,3
20230928,-0.021705225879624646,1.4119549713726556,revision_common,4
20230928,-0.0123157819796047,1.841463906690395,revision_common,5
20230928,-0.019273172015756068,1.803291075087959,revision_common,6
20230928,-0.02375707797319815,2.7366597093268923,revision_common,7
20230928,-0.021122430921013957,3.1469429083682914,revision_common,8
20230928,-0.030471944705716902,3.1277249685428754,revision_common,9
20230928,-0.04652899232115215,5.713272434774541,revision_common,10
20230928,-0.019742304781270925,1.179595818296758,combined_50_50,1
20230928,-0.024369332390889453,1.437890574964327,combined_50_50,2
20230928,-0.00364884174691793,1.4300107001753517,combined_50_50,3
20230928,-0.017742859613395945,1.9871459787655035,combined_50_50,4
20230928,-0.028524886412530925,1.7112215352106197,combined_50_50,5
20230928,-0.03080610268880901,2.0798900716490842,combined_50_50,6
20230928,-0.02575224395622311,2.884650426990161,combined_50_50,7
20230928,-0.023892152671361466,2.922588531334081,combined_50_50,8
20230928,-0.02462418338681227,4.277215172190044,combined_50_50,9
20230928,-0.04524678567231322,5.566612119840424,combined_50_50,10
20231031,0.022551352665080904,1.542106329096186,pbroe_common,1
20231031,0.027293520305031738,1.7976810356181283,pbroe_common,2
20231031,0.01877289672897109,1.8939945260291702,pbroe_common,3
20231031,0.02286769538729394,1.5829503899539963,pbroe_common,4
20231031,0.020455044770419706,2.1635141685691193,pbroe_common,5
20231031,0.015466440506862744,2.9481704729171216,pbroe_common,6
20231031,0.032876913873143065,2.9410533778625334,pbroe_common,7
20231031,0.019311069395923974,2.956165500136617,pbroe_common,8
20231031,0.01675197673237694,2.8696193142231,pbroe_common,9
20231031,0.0024377323747757362,3.87396070100413,pbroe_common,10
20231031,0.018193043799146436,1.1886969757526695,revision_common,1
20231031,0.018956366237485422,1.7277023504636564,revision_common,2
20231031,0.022629630670243817,2.1426001371284102,revision_common,3
20231031,0.029730306235085324,1.4539328250617156,revision_common,4
20231031,0.007941290852689908,1.856087507168154,revision_common,5
20231031,0.022449207768986623,1.8437735311005676,revision_common,6
20231031,0.02160959437279053,2.7957978155818055,revision_common,7
20231031,0.021010314611272563,3.2130611689368225,revision_common,8
20231031,0.029466666036576994,3.2198885956451915,revision_common,9
20231031,0.005379108534171229,5.744004747286482,revision_common,10
20231031,0.026373954039598635,1.2107064241938195,combined_50_50,1
20231031,0.013521206037905742,1.4573325896883824,combined_50_50,2
20231031,0.0252184175740493,1.4660733071477323,combined_50_50,3
20231031,0.02188290990849473,2.0306305151938564,combined_50_50,4
20231031,0.03127445355823899,1.7647390536414227,combined_50_50,5
20231031,0.02325087089607991,2.1282493271830356,combined_50_50,6
20231031,0.013014785339024337,2.9221935330755633,combined_50_50,7
20231031,0.014703257586701657,2.9655601033302257,combined_50_50,8
20231031,0.018826697045287055,4.357741006434372,combined_50_50,9
20231031,0.009400527024876704,5.61894120750999,combined_50_50,10
20231130,-0.025457688322217176,1.5028478668103369,pbroe_common,1
20231130,-0.031666983428589646,1.7407539000533192,pbroe_common,2
20231130,-0.02044224139559392,1.8552770327261483,pbroe_common,3
20231130,-0.019410347274059547,1.5522247731673813,pbroe_common,4
20231130,-0.027732892998813208,2.1035136616307755,pbroe_common,5
20231130,-0.031036248894971252,2.8566703203348607,pbroe_common,6
20231130,-0.02572070249043168,2.865407418922052,pbroe_common,7
20231130,-0.012501307872335832,2.9192095650978316,pbroe_common,8
20231130,-0.013895935504765533,2.8297432693094264,pbroe_common,9
20231130,0.0026079504197629166,3.884063798440459,pbroe_common,10
20231130,-0.03133238819791606,1.151452260658698,revision_common,1
20231130,-0.0361261451708611,1.6652871245387684,revision_common,2
20231130,-0.030001430031988408,2.0783190690278235,revision_common,3
20231130,-0.02808053287427359,1.4131056165705846,revision_common,4
20231130,-0.024310615024355164,1.810964878329874,revision_common,5
20231130,-0.009274561338730059,1.8266733403916484,revision_common,6
20231130,-0.011545180558322987,2.7635198249963486,revision_common,7
20231130,-0.02184392260216783,3.1428753094465356,revision_common,8
20231130,-0.0169100578925242,3.165440093085353,revision_common,9
20231130,0.004487774668351596,5.769782546286246,revision_common,10
20231130,-0.035003508929151605,1.1683274510639698,combined_50_50,1
20231130,-0.04314617831910006,1.3944542579034516,combined_50_50,2
20231130,-0.022072544713055753,1.4337133385230965,combined_50_50,3
20231130,-0.03050646818756164,1.968683149981403,combined_50_50,4
20231130,-0.021194936511510276,1.72733552144011,combined_50_50,5
20231130,-0.021234430592617648,2.083057164561182,combined_50_50,6
20231130,-0.020810518250101273,2.861381171225166,combined_50_50,7
20231130,-0.0003093419901448735,2.9646427310659673,combined_50_50,8
20231130,-0.00801760437478305,4.322802363077012,combined_50_50,9
20231130,-0.0037442868087351755,5.597902280067652,combined_50_50,10
20231229,-0.21417303973750168,1.180978370912547,pbroe_common,1
20231229,-0.21142259789064155,1.3727191882157803,pbroe_common,2
20231229,-0.20916062371662847,1.4672261313940114,pbroe_common,3
20231229,-0.21892023012525763,1.2124113686194524,pbroe_common,4
20231229,-0.20448539366860508,1.6733758424449174,pbroe_common,5
20231229,-0.19276228503242787,2.306012021802795,pbroe_common,6
20231229,-0.18895931432129476,2.32396199779139,pbroe_common,7
20231229,-0.19821348371761938,2.340582867497994,pbroe_common,8
20231229,-0.1788437253318722,2.3236614412933374,pbroe_common,9
20231229,-0.14819188807683592,3.3084770507386803,pbroe_common,10
20231229,-0.22531675515962502,0.8920107735658656,revision_common,1
20231229,-0.22473495783414177,1.291038892823809,revision_common,2
20231229,-0.2035792887934964,1.6552163510691775,revision_common,3
20231229,-0.22298612283236252,1.0980026739788749,revision_common,4
20231229,-0.18463251397893177,1.476601880116279,revision_common,5
20231229,-0.18062891254336222,1.496723321344754,revision_common,6
20231229,-0.19299276793983933,2.230180484713683,revision_common,7
20231229,-0.17135711991144764,2.6043212481789775,revision_common,8
20231229,-0.19543172434073997,2.54681267739637,revision_common,9
20231229,-0.1629310970437059,4.829705546316201,revision_common,10
20231229,-0.22876814313855853,0.9010513495062603,combined_50_50,1
20231229,-0.22766539577744993,1.076985277384312,combined_50_50,2
20231229,-0.21225370330189153,1.1294023729482507,combined_50_50,3
20231229,-0.20324263069376158,1.5685628075767015,combined_50_50,4
20231229,-0.21730945274130575,1.3519691845753417,combined_50_50,5
20231229,-0.19568669856514087,1.6754305851057412,combined_50_50,6
20231229,-0.20720076674478205,2.2685007985982293,combined_50_50,7
20231229,-0.17719742910238878,2.4393156609139934,combined_50_50,8
20231229,-0.15081408108846128,3.670862896962524,combined_50_50,9
20231229,-0.14588028830590094,4.781278681543123,combined_50_50,10
20240131,0.12670540106239603,1.3306147090450364,pbroe_common,1
20240131,0.11849302035470477,1.5353768309263267,pbroe_common,2
20240131,0.11556513009453151,1.6367863101466564,pbroe_common,3
20240131,0.12111319533511677,1.3592503835335765,pbroe_common,4
20240131,0.11631611571006961,1.8680164205611758,pbroe_common,5
20240131,0.12237731840143584,2.5882155892324947,pbroe_common,6
20240131,0.11743872467758032,2.596885131011173,pbroe_common,7
20240131,0.12240987707063544,2.627093328582059,pbroe_common,8
20240131,0.12307385219711309,2.6096434060752043,pbroe_common,9
20240131,0.12465014511567274,3.7208791952251294,pbroe_common,10
20240131,0.1025093100494221,0.9834501825207537,revision_common,1
20240131,0.11657499041344677,1.4415417393781316,revision_common,2
20240131,0.11476337444844531,1.8451745649601188,revision_common,3
20240131,0.1336613413467791,1.2447631841852413,revision_common,4
20240131,0.13140785815912426,1.6706389705360953,revision_common,5
20240131,0.12452765771517416,1.6831067707994922,revision_common,6
20240131,0.12289918638004771,2.504267851765655,revision_common,7
20240131,0.10348766157827116,2.8738363641516242,revision_common,8
20240131,0.12742065272503944,2.871329211118621,revision_common,9
20240131,0.13041415773248288,5.459567527234929,revision_common,10
20240131,0.11265412501405292,1.0025585008776197,combined_50_50,1
20240131,0.12797621795715597,1.214813779979495,combined_50_50,2
20240131,0.11477147636870422,1.2590255507058394,combined_50_50,3
20240131,0.1194785822679243,1.7559724680241608,combined_50_50,4
20240131,0.1258077752905704,1.522057419948172,combined_50_50,5
20240131,0.11828387962122755,1.8736070147481114,combined_50_50,6
20240131,0.12012595344985089,2.54100661993159,combined_50_50,7
20240131,0.12564253243920698,2.7457974579698456,combined_50_50,8
20240131,0.11739849382842116,4.101816672116559,combined_50_50,9
20240131,0.12800841826826814,5.393322602867248,combined_50_50,10
20240229,0.012389734456609514,1.3471006719541632,pbroe_common,1
20240229,0.027213089228388387,1.5771591776255252,pbroe_common,2
20240229,0.029576845044344546,1.6851972852125687,pbroe_common,3
20240229,0.04300459044855254,1.417704389594476,pbroe_common,4
20240229,0.035178016124726375,1.9337295323249306,pbroe_common,5
20240229,0.037498151718525774,2.685268890077788,pbroe_common,6
20240229,0.013684427102242935,2.632422016279394,pbroe_common,7
20240229,0.02195572689482339,2.684773072231619,pbroe_common,8
20240229,0.027046004139995805,2.680223832439827,pbroe_common,9
20240229,0.014987545553084347,3.7766460416610896,pbroe_common,10
20240229,0.015590772710775358,0.9987829307888052,revision_common,1
20240229,0.022586150485168766,1.474100618034378,revision_common,2
20240229,0.038124132268802846,1.915520244133689,revision_common,3
20240229,0.0026598222818592365,1.2480740330381752,revision_common,4
20240229,0.007021900383563651,1.6823700309640992,revision_common,5
20240229,0.010410283875313953,1.7006283900759778,revision_common,6
20240229,0.04948799595856879,2.6281990490930074,revision_common,7
20240229,0.03465391739685697,2.9734260521270186,revision_common,8
20240229,0.020103104664580762,2.929051842776207,revision_common,9
20240229,0.0617263100709442,5.79656648527429,revision_common,10
20240229,0.008624645900856098,1.0112052129425824,combined_50_50,1
20240229,0.02123197611509786,1.2406066771403113,combined_50_50,2
20240229,0.021963401383912284,1.286678034228593,combined_50_50,3
20240229,0.03451770522189279,1.8165846080531785,combined_50_50,4
20240229,0.03743508225312442,1.5790357646579103,combined_50_50,5
20240229,0.005750796453579232,1.8843817473239262,combined_50_50,6
20240229,0.04407402875110655,2.652999018755207,combined_50_50,7
20240229,0.03347702466901059,2.8377185872064086,combined_50_50,8
20240229,0.026844371987384097,4.21192736468691,combined_50_50,9
20240229,0.028178641718626052,5.545299108166412,combined_50_50,10
20240329,0.00568386566925283,1.3547574112165108,pbroe_common,1
20240329,0.010542918071044571,1.593787037620227,pbroe_common,2
20240329,0.026792234900799183,1.7303474867321729,pbroe_common,3
20240329,0.014455262487528264,1.4381976786757853,pbroe_common,4
20240329,0.01777422549273644,1.9681000770744377,pbroe_common,5
20240329,0.001966436022033724,2.690549299552084,pbroe_common,6
20240329,0.019320634331122077,2.683282079461123,pbroe_common,7
20240329,0.0055934996731603626,2.6997903495336564,pbroe_common,8
20240329,0.01869224127546687,2.7303232229880487,pbroe_common,9
20240329,0.01379152524632632,3.8287317508910967,pbroe_common,10
20240329,0.0030728088911911033,1.001851999858903,revision_common,1
20240329,0.0019139394280671684,1.4769219573281722,revision_common,2
20240329,0.009392540707294783,1.9335118460023617,revision_common,3
20240329,0.021419649557939513,1.274807341448217,revision_common,4
20240329,0.005353510626529223,1.6913766168026196,revision_common,5
20240329,0.004433445069312869,1.7081680326266935,revision_common,6
20240329,0.010957765344030701,2.656998237550373,revision_common,7
20240329,0.011328287690785643,3.0071098778727903,revision_common,8
20240329,0.03179453078429462,3.02217967176015,revision_common,9
20240329,0.03290769119063719,5.987318105137693,revision_common,10
20240329,-0.009731782129612343,1.0013643841218969,combined_50_50,1
20240329,0.02492839296071203,1.2715330078977483,combined_50_50,2
20240329,0.004488991305820145,1.2924539207376349,combined_50_50,3
20240329,0.014242449923321798,1.842457223364853,combined_50_50,4
20240329,0.006492446026534093,1.5892875691339188,combined_50_50,5
20240329,0.023121740480371855,1.9279519330514998,combined_50_50,6
20240329,0.017371075024206428,2.69908446374915,combined_50_50,7
20240329,-0.0001632993912286107,2.8372551894886398,combined_50_50,8
20240329,0.03386594232450668,4.354568253894408,combined_50_50,9
20240329,0.020605294765586146,5.659561630853522,combined_50_50,10
20240430,-0.023586639630288397,1.3228032363716846,pbroe_common,1
20240430,-0.025569845006317204,1.5530341500952003,pbroe_common,2
20240430,-0.005718742735377758,1.720452074612744,pbroe_common,3
20240430,-0.038982602919961584,1.3821329896475567,pbroe_common,4
20240430,-0.029465649560926566,1.9101087299025297,pbroe_common,5
20240430,0.03239805974282772,2.7777178764999957,pbroe_common,6
20240430,-0.0011540239509053585,2.68018550767439,pbroe_common,7
20240430,0.016050253299176864,2.7431226684983447,pbroe_common,8
20240430,-0.015030409292501212,2.6892853474457175,pbroe_common,9
20240430,-0.014365845962093782,3.773728780327618,pbroe_common,10
20240430,-0.01613276282105569,0.9856893591633791,revision_common,1
20240430,-0.05019475869074186,1.4027882160750265,revision_common,2
20240430,-0.00736867401364949,1.9192644275076407,revision_common,3
20240430,-0.0008690672309515923,1.2736994481619879,revision_common,4
20240430,-0.037149221554934386,1.6285432921321839,revision_common,5
20240430,0.04020853825150339,1.7768509723065593,revision_common,6
20240430,-0.028484498083599763,2.5813149763447414,revision_common,7
20240430,-0.024229923090479444,2.9342478368073115,revision_common,8
20240430,0.0134157448252199,3.062724463052451,revision_common,9
20240430,0.0036474805361361717,6.009156731389838,revision_common,10
20240430,-0.024009836433263154,0.9773217890490349,combined_50_50,1
20240430,0.00721417997201268,1.2807060758570772,combined_50_50,2
20240430,-0.04623903873825308,1.2326920938292403,combined_50_50,3
20240430,-0.032287789475646145,1.7829683524189652,combined_50_50,4
20240430,-0.009352725896273117,1.574423398129455,combined_50_50,5
20240430,-0.015970961208767953,1.8971606875163651,combined_50_50,6
20240430,0.013692992985120833,2.7360430083775156,combined_50_50,7
20240430,-0.008755487053731414,2.8124136384089398,combined_50_50,8
20240430,0.010857021099113462,4.401845893304469,combined_50_50,9
20240430,-0.0006794424852236691,5.655716284233779,combined_50_50,10
20240531,-0.0913172036872647,1.2020085437977586,pbroe_common,1
20240531,-0.1167007129293901,1.371793957575401,pbroe_common,2
20240531,-0.08983358296147703,1.565897700436775,pbroe_common,3
20240531,-0.03523432524575343,1.3334344663574291,pbroe_common,4
20240531,-0.04147571361306823,1.830885607251271,pbroe_common,5
20240531,-0.10978376330053274,2.472769554630662,pbroe_common,6
20240531,-0.07574172872103435,2.4771836240300686,pbroe_common,7
20240531,-0.09248489680525973,2.4894252515781066,pbroe_common,8
20240531,-0.1276125664121035,2.346098742443704,pbroe_common,9
20240531,-0.1172741252245525,3.331168038779979,pbroe_common,10
20240531,-0.08197488149661536,0.9048875907534863,revision_common,1
20240531,-0.14575876426988876,1.198319539167569,revision_common,2
20240531,-0.07303770114472619,1.7790857658336336,revision_common,3
20240531,-0.08285829539790468,1.1681628830380337,revision_common,4
20240531,-0.08838604206653866,1.4846027962066093,revision_common,5
20240531,-0.04481510014538881,1.6972212180392094,revision_common,6
20240531,-0.0842726352725024,2.3637807608197927,revision_common,7
20240531,-0.13403087524838087,2.5409680310443594,revision_common,8
20240531,-0.093656090544463,2.7758816634280685,revision_common,9
20240531,-0.09860176570046064,5.416643267303992,revision_common,10
20240531,-0.09645241949281502,0.883056737872209,combined_50_50,1
20240531,-0.10705132274108276,1.1436047963940357,combined_50_50,2
20240531,-0.0396756687101536,1.1837842106928458,combined_50_50,3
20240531,-0.0699990777299605,1.6581622121279305,combined_50_50,4
20240531,-0.04356851214306112,1.5058281131897324,combined_50_50,5
20240531,-0.1608474923692308,1.592007148307872,combined_50_50,6
20240531,-0.06357867067035072,2.562089031007966,combined_50_50,7
20240531,-0.10337371606479584,2.5216839894952945,combined_50_50,8
20240531,-0.10410349672999519,3.9435983437449047,combined_50_50,9
20240531,-0.10910786051098664,5.038633180803884,combined_50_50,10
20240628,-0.015237082407857816,1.183693440560963,pbroe_common,1
20240628,-0.016056411363494894,1.3497678694866138,pbroe_common,2
20240628,-0.03417525312998049,1.5123827501486937,pbroe_common,3
20240628,-0.04131278650537784,1.2783465729298922,pbroe_common,4
20240628,-0.04427518016101428,1.7498228171360128,pbroe_common,5
20240628,-0.03267565195416755,2.3919701973006884,pbroe_common,6
20240628,-0.0058014185447947675,2.462812445014759,pbroe_common,7
20240628,-0.024223210116908533,2.429123380638792,pbroe_common,8
20240628,-0.009851833975771607,2.322985367142382,pbroe_common,9
20240628,-0.03188090325432924,3.224967392811721,pbroe_common,10
20240628,-0.02094192716478005,0.8859375007356135,revision_common,1
20240628,-0.016939536683857503,1.1780205613748567,revision_common,2
20240628,-0.03619692081748549,1.7146883392402381,revision_common,3
20240628,-0.04337660360129003,1.1174919447187528,revision_common,4
20240628,-0.0038575205256832223,1.4788759104477556,revision_common,5
20240628,-0.027121309884536426,1.6511903554421576,revision_common,6
20240628,-0.012751239758576283,2.3336396256018697,revision_common,7
20240628,-0.037197590899250677,2.446450141737497,revision_common,8
20240628,-0.01478367649896939,2.734843926916527,revision_common,9
20240628,-0.04282186196428761,5.184692517001713,revision_common,10
20240628,-0.021034795114115212,0.8644818203169281,combined_50_50,1
20240628,-0.05024018677760633,1.0861498778234329,combined_50_50,2
20240628,-0.016852624274333317,1.163834340168151,combined_50_50,3
20240628,0.0010312299381014522,1.6598721586433052,combined_50_50,4
20240628,-0.01173467199188949,1.488157714205285,combined_50_50,5
20240628,-0.051258802090899724,1.510402768965461,combined_50_50,6
20240628,-0.003087032274229462,2.554179779479795,combined_50_50,7
20240628,-0.03859853082767384,2.4243506922891087,combined_50_50,8
20240628,-0.03864223315022919,3.7912088970950566,combined_50_50,9
20240628,-0.02561921534992817,4.909547352275576,combined_50_50,10
20240731,-0.04841863282783743,1.126380622481722,pbroe_common,1
20240731,-0.07463466806572838,1.249028392581695,pbroe_common,2
20240731,-0.046075335130737805,1.4426992080896457,pbroe_common,3
20240731,-0.04579794771999801,1.2198009234148104,pbroe_common,4
20240731,-0.05835360653387256,1.6477143449608656,pbroe_common,5
20240731,-0.06699636665882558,2.231716884925348,pbroe_common,6
20240731,-0.07892520964823213,2.268434456467694,pbroe_common,7
20240731,-0.04485374440117629,2.3201681014046986,pbroe_common,8
20240731,-0.06103339685010001,2.1812056793526056,pbroe_common,9
20240731,-0.054302015333958176,3.0498451639957436,pbroe_common,10
20240731,-0.07015100828069032,0.8237880917853354,revision_common,1
20240731,-0.06280784939687778,1.1040316233695993,revision_common,2
20240731,-0.055015188215218,1.6203544375264969,revision_common,3
20240731,-0.0592348573261533,1.051297468810212,revision_common,4
20240731,-0.06142299684071151,1.3880389200725187,revision_common,5
20240731,-0.045988869611885086,1.5752539774813261,revision_common,6
20240731,-0.05147644617464553,2.213512151023555,revision_common,7
20240731,-0.06959064537530368,2.2762000974954812,revision_common,8
20240731,-0.05689486192560489,2.579245359306532,revision_common,9
20240731,-0.048136574870550564,4.935119177476277,revision_common,10
20240731,-0.053318002212435545,0.8183893767086599,combined_50_50,1
20240731,-0.041501758501724884,1.0410727478973267,combined_50_50,2
20240731,-0.06455792856132259,1.0886996059783616,combined_50_50,3
20240731,-0.07082439379268479,1.542312719234038,combined_50_50,4
20240731,-0.07030016252540405,1.3835399850332197,combined_50_50,5
20240731,-0.059368894766005376,1.4207318259204675,combined_50_50,6
20240731,-0.06336520725032213,2.3923336483984756,combined_50_50,7
20240731,-0.05106585174210709,2.3005491592657985,combined_50_50,8
20240731,-0.059311890144767676,3.5663451314746886,combined_50_50,9
20240731,-0.0465826785439003,4.6808474861684655,combined_50_50,10
20240830,0.3931541872461861,1.5692218806433769,pbroe_common,1
20240830,0.40171083068709,1.7507766257174484,pbroe_common,2
20240830,0.38772693335483766,2.002072547795697,pbroe_common,3
20240830,0.3719499336327057,1.6735057959240622,pbroe_common,4
20240830,0.3977483099421426,2.3030899409364745,pbroe_common,5
20240830,0.4158992595257145,3.1598862848368348,pbroe_common,6
20240830,0.38605325629926024,3.1441709650884895,pbroe_common,7
20240830,0.40356455579749695,3.2565057106236077,pbroe_common,8
20240830,0.4098382817839157,3.075147267195796,pbroe_common,9
20240830,0.43655090708319744,4.381257836801389,pbroe_common,10
20240830,0.42802306067534035,1.1763883921791929,revision_common,1
20240830,0.4371769365464695,1.5866887863247463,revision_common,2
20240830,0.40489280445606135,2.276424289949424,revision_common,3
20240830,0.3990490808158311,1.470816757402937,revision_common,4
20240830,0.41201840212134155,1.9599364980030305,revision_common,5
20240830,0.3973099297515339,2.201118024615256,revision_common,6
20240830,0.4015855305942053,3.10242660266907,revision_common,7
20240830,0.37720682823841734,3.134798316707728,revision_common,8
20240830,0.39108105330989007,3.5879393511687763,revision_common,9
20240830,0.3540450356642797,6.682373622673336,revision_common,10
20240830,0.43163241199570823,1.171632757329083,combined_50_50,1
20240830,0.38919664779678165,1.4462547714915504,combined_50_50,2
20240830,0.3978851674252095,1.5218770309788217,combined_50_50,3
20240830,0.4007077775983723,2.1603294213200117,combined_50_50,4
20240830,0.3894095311884209,1.9223036419854407,combined_50_50,5
20240830,0.38375365020561114,1.9659428500807299,combined_50_50,6
20240830,0.42028031982557845,3.3977843992768797,combined_50_50,7
20240830,0.3827182982875337,3.181011418626821,combined_50_50,8
20240830,0.4219998515504042,5.071342247534514,combined_50_50,9
20240830,0.3855041693686836,6.485333708265331,combined_50_50,10
20240930,-0.07181472789731547,1.456528638274459,pbroe_common,1
20240930,-0.07614813960294464,1.6174582428087438,pbroe_common,2
20240930,-0.09295054990519536,1.8159788035279913,pbroe_common,3
20240930,-0.09272614100982723,1.5183280615104444,pbroe_common,4
20240930,-0.09996629194412687,2.072858579527237,pbroe_common,5
20240930,-0.08489278593979854,2.891634734864076,pbroe_common,6
20240930,-0.08989668754171043,2.8615204102622114,pbroe_common,7
20240930,-0.11396362668700466,2.885382509514,pbroe_common,8
20240930,-0.10105756956415379,2.7643803583211395,pbroe_common,9
20240930,-0.10297019846136646,3.9301188478355327,pbroe_common,10
20240930,-0.11150795364177513,1.045211729879353,revision_common,1
20240930,-0.09796524823578712,1.4312484254995028,revision_common,2
20240930,-0.10477059844281644,2.0379219547816594,revision_common,3
20240930,-0.10027196296319274,1.3233350739789864,revision_common,4
20240930,-0.08687450067020441,1.789667993393708,revision_common,5
20240930,-0.0964039184311154,1.9889216221129893,revision_common,6
20240930,-0.11335698203621669,2.7507448860016317,revision_common,7
20240930,-0.07545247566012325,2.8982700230169427,revision_common,8
20240930,-0.07190713705812035,3.3299409044880597,revision_common,9
20240930,-0.06221478796099367,6.266631164662577,revision_common,10
20240930,-0.09482471043694107,1.0605330203769179,combined_50_50,1
20240930,-0.10958083338462254,1.2877729683450194,combined_50_50,2
20240930,-0.10509828749753491,1.3619303612411147,combined_50_50,3
20240930,-0.08424809604867911,1.978325780735856,combined_50_50,4
20240930,-0.0883454774393182,1.7524768089508966,combined_50_50,5
20240930,-0.07726672883566932,1.8140408769771192,combined_50_50,6
20240930,-0.07648598478795765,3.1379015134010286,combined_50_50,7
20240930,-0.09552879903196942,2.8771332180984195,combined_50_50,8
20240930,-0.11052982831444114,4.5108076595907525,combined_50_50,9
20240930,-0.08733409568214645,5.918942953657036,combined_50_50,10
20241031,0.04645895857143456,1.5241974419381603,pbroe_common,1
20241031,0.05753344440882002,1.7105161867049683,pbroe_common,2
20241031,0.04271005883072254,1.893539365062017,pbroe_common,3
20241031,0.05008325617525,1.5943708747731429,pbroe_common,4
20241031,0.05676192003987102,2.1905180124723227,pbroe_common,5
20241031,0.0492898484509765,3.0341629727211057,pbroe_common,6
20241031,0.05749911752595782,3.026055308634805,pbroe_common,7
20241031,0.050060077710238904,3.029824982164035,pbroe_common,8
20241031,0.031018265399643363,2.8501266419411055,pbroe_common,9
20241031,0.04402890685380245,4.103157684511257,pbroe_common,10
20241031,0.03587746952464288,1.0827112818648987,revision_common,1
20241031,0.06939405067962867,1.530568551273754,revision_common,2
20241031,0.0806104024499763,2.2021996637182513,revision_common,3
20241031,0.05132496866946257,1.3912552051901588,revision_common,4
20241031,0.036068601260984545,1.854218814636972,revision_common,5
20241031,0.05604227024613562,2.100385305157828,revision_common,6
20241031,0.043011214264682573,2.8690577636809276,revision_common,7
20241031,0.03585636519015534,3.0021914513819183,revision_common,8
20241031,0.03669177314876948,3.452122340754344,revision_common,9
20241031,0.03203486468945815,6.467381846081285,revision_common,10
20241031,0.05545054682728101,1.119340156285206,combined_50_50,1
20241031,0.050360841832129744,1.3526262991195352,combined_50_50,2
20241031,0.07179599283445759,1.459711503697812,combined_50_50,3
20241031,0.05958132830434404,2.096197058570827,combined_50_50,4
20241031,0.07409100392991652,1.882319575089965,combined_50_50,5
20241031,0.03372651914646663,1.8752221613469613,combined_50_50,6
20241031,0.036054386658564974,3.2510366278616853,combined_50_50,7
20241031,0.03718217311695016,2.9841112834942827,combined_50_50,8
20241031,0.0408280873918927,4.694975308924542,combined_50_50,9
20241031,0.029767374200220242,6.095134343428302,combined_50_50,10
20241129,-0.04186712375809343,1.460383679004766,pbroe_common,1
20241129,-0.03390547352966744,1.6525203254145753,pbroe_common,2
20241129,-0.03664347562839487,1.8241535014869605,pbroe_common,3
20241129,-0.03793771428595527,1.5338840880601508,pbroe_common,4
20241129,-0.03662500092407761,2.1102902882413153,pbroe_common,5
20241129,-0.02910808426236644,2.9458443012453874,pbroe_common,6
20241129,-0.039740973047529216,2.9057969261740166,pbroe_common,7
20241129,-0.025867401928935774,2.9514512815760674,pbroe_common,8
20241129,-0.01678146049317797,2.8022973542988168,pbroe_common,9
20241129,-0.020977559795521294,4.0170834488339695,pbroe_common,10
20241129,-0.05287557840930035,1.0254622965860172,revision_common,1
20241129,-0.0554778119816709,1.4456559569611303,revision_common,2
20241129,-0.03860991327681007,2.117172925683869,revision_common,3
20241129,-0.056992985946840546,1.3119634168322873,revision_common,4
20241129,-0.0246567898442851,1.8084997309991488,revision_common,5
20241129,-0.01800302544045429,2.0625720150743154,revision_common,6
20241129,-0.04323994200147541,2.7449998723804816,revision_common,7
20241129,-0.008540985282737612,2.9765497783797046,revision_common,8
20241129,-0.018788992267075533,3.387260440788912,revision_common,9
20241129,-0.002692316980738352,6.449969604116161,revision_common,10
20241129,-0.048453286603609924,1.0651044468857893,combined_50_50,1
20241129,-0.04529523548815895,1.291358772373439,combined_50_50,2
20241129,-0.04962604463220899,1.3872717954651557,combined_50_50,3
20241129,-0.04363804030818419,2.004723126835016,combined_50_50,4
20241129,-0.04824741903766572,1.7915025137877987,combined_50_50,5
20241129,-0.02114262833005154,1.8355750361533265,combined_50_50,6
20241129,-0.023428028863741623,3.1748712479070607,combined_50_50,7
20241129,-0.015767531091563813,2.9370592160511,combined_50_50,8
20241129,-0.028583523068969496,4.560776373873655,combined_50_50,9
20241129,0.004088181774273947,6.120052360562856,combined_50_50,10
20241231,-0.0008346351015015019,1.4591647915246087,pbroe_common,1
20241231,0.002507574925806555,1.6566641439469705,pbroe_common,2
20241231,0.022829969355787627,1.8657988700261607,pbroe_common,3
20241231,0.02612725950339989,1.5739602756770343,pbroe_common,4
20241231,0.0030694377612932033,2.1167676929393333,pbroe_common,5
20241231,0.007641856919617052,2.968356021902974,pbroe_common,6
20241231,-0.004379388748100954,2.893071311811264,pbroe_common,7
20241231,0.00748217405400653,2.9735345537767404,pbroe_common,8
20241231,0.0021138601762009657,2.8082210190779424,pbroe_common,9
20241231,-0.012510814261392555,3.9668264639330935,pbroe_common,10
20241231,-0.03277379878377573,0.9918540016173585,revision_common,1
20241231,-0.022968609814775443,1.4124512493592842,revision_common,2
20241231,-0.005902732887115181,2.104675819427725,revision_common,3
20241231,-0.00496758158023114,1.305446131528894,revision_common,4
20241231,0.00983327623280017,1.8262832084210083,revision_common,5
20241231,0.019874847257368433,2.10356531883124,revision_common,6
20241231,0.02184689370116044,2.804969592802077,revision_common,7
20241231,0.012096390739690044,3.012555287555123,revision_common,8
20241231,0.018108538157230347,3.448598775729415,revision_common,9
20241231,0.03701197749757368,6.688695733963743,revision_common,10
20241231,-0.012566278246151197,1.0517200480450095,combined_50_50,1
20241231,-0.00856042342969654,1.2803041944822693,combined_50_50,2
20241231,-0.007736693291336638,1.3765388990719198,combined_50_50,3
20241231,0.00909320706032557,2.02295248932595,combined_50_50,4
20241231,0.01831144911797944,1.8243075209137563,combined_50_50,5
20241231,0.0063308901600911405,1.8471958600878184,combined_50_50,6
20241231,-0.004225716135897617,3.1614551432453823,combined_50_50,7
20241231,0.013311738797531225,2.976156581168054,combined_50_50,8
20241231,0.02096278514388006,4.656382949088453,combined_50_50,9
20241231,0.016988844067417963,6.224024975800892,combined_50_50,10
20250127,0.0834877140516479,1.5809871243936475,pbroe_common,1
20250127,0.06732010417515277,1.7681909467007209,pbroe_common,2
20250127,0.06875800627733697,1.994087480443668,pbroe_common,3
20250127,0.047303304589285,1.64841379800882,pbroe_common,4
20250127,0.05886204695191011,2.241364972267415,pbroe_common,5
20250127,0.04642611359629334,3.1061652557700827,pbroe_common,6
20250127,0.050716718647310755,3.0397983955590018,pbroe_common,7
20250127,0.06005558249441356,3.1521119034710687,pbroe_common,8
20250127,0.05404435770053273,2.9599895203351454,pbroe_common,9
20250127,0.040962510188290224,4.129317633377132,pbroe_common,10
20250127,0.06790123332497466,1.0592021116054886,revision_common,1
20250127,0.04481125203439418,1.4757449582806181,revision_common,2
20250127,0.06798390096034423,2.247759891889331,revision_common,3
20250127,0.07556909265576661,1.4040975111995133,revision_common,4
20250127,0.051248992069076404,1.919878382085264,revision_common,5
20250127,0.058690339277943426,2.227024281086761,revision_common,6
20250127,0.04834062854464616,2.9405635859667494,revision_common,7
20250127,0.06758710657323097,3.216165182832862,revision_common,8
20250127,0.05509068865334665,3.6385844571734363,revision_common,9
20250127,0.03858474595502792,6.946777359629213,revision_common,10
20250127,0.08136653164940899,1.1372948606205817,combined_50_50,1
20250127,0.06673353908327306,1.3657434244832303,combined_50_50,2
20250127,0.06924281698283719,1.471854330130113,combined_50_50,3
20250127,0.04652579020723713,2.1170719524435375,combined_50_50,4
20250127,0.05753021096383848,1.9292603174548417,combined_50_50,5
20250127,0.061374371896032676,1.9605663457696603,combined_50_50,6
20250127,0.05715861707612935,3.342159547181505,combined_50_50,7
20250127,0.05588044912393508,3.14246554758688,combined_50_50,8
20250127,0.0363078302163693,4.825446110626354,combined_50_50,9
20250127,0.04787654263835783,6.522009772937027,combined_50_50,10
20250228,-0.011148479225218222,1.5633615222820074,pbroe_common,1
20250228,0.006087794037795025,1.7789553290037288,pbroe_common,2
20250228,-0.009324152483790704,1.975494304709993,pbroe_common,3
20250228,-0.010897288206566547,1.6304505577682369,pbroe_common,4
20250228,0.015501080805389034,2.276108551816901,pbroe_common,5
20250228,-0.000907012424552267,3.103347925290387,pbroe_common,6
20250228,-0.007905467226629437,3.0157673689673494,pbroe_common,7
20250228,-0.0032433256312863756,3.141888578141858,pbroe_common,8
20250228,0.009223350789580254,2.987290542014678,pbroe_common,9
20250228,0.018090345692331367,4.204018416838364,pbroe_common,10
20250228,0.0028211218629152768,1.0621902498397848,revision_common,1
20250228,-0.004378602222248618,1.4692832581268185,revision_common,2
20250228,-0.010776207343696553,2.2235375652354867,revision_common,3
20250228,-0.009629497834377387,1.390576757256163,revision_common,4
20250228,-0.00581839702879583,1.9087077674112898,revision_common,5
20250228,0.008776291754365673,2.246569295921635,revision_common,6
20250228,-0.00662040360063787,2.9210958682143104,revision_common,7
20250228,-0.00696836925176747,3.193753756264204,revision_common,8
20250228,0.004997991468309149,3.6567700712471116,revision_common,9
20250228,0.030900254263809046,7.161434546355827,revision_common,10
20250228,0.0016370774889189477,1.1391567004351668,combined_50_50,1
20250228,-0.010481441833827598,1.3514284642195769,combined_50_50,2
20250228,-0.011038577389793414,1.4556071522004692,combined_50_50,3
20250228,-0.027753727847073417,2.0583153136427472,combined_50_50,4
20250228,-0.01053000608600263,1.908945194570559,combined_50_50,5
20250228,0.020363214045928224,2.000489777919811,combined_50_50,6
20250228,0.002942897042555792,3.351995178628655,combined_50_50,7
20250228,-0.0010873952079951676,3.139048445609144,combined_50_50,8
20250228,0.025001698143923612,4.946090457694004,combined_50_50,9
20250228,0.01405275796765304,6.613661997738778,combined_50_50,10
20250331,-0.0075034205713142565,1.5516309632753154,pbroe_common,1
20250331,-0.006159167080168171,1.7679984459042393,pbroe_common,2
20250331,-0.03614906898562864,1.904082024808315,pbroe_common,3
20250331,-0.014049035755632433,1.60754429958436,pbroe_common,4
20250331,-0.022345021089562267,2.225248858224419,pbroe_common,5
20250331,-0.005202265105099135,3.087203486669667,pbroe_common,6
20250331,-0.03938722916096826,2.896984648509662,pbroe_common,7
20250331,-0.03128290599728645,3.0436011730978985,pbroe_common,8
20250331,-0.07821295037063969,2.7536457351094024,pbroe_common,9
20250331,-0.06670898044601292,3.923572634474816,pbroe_common,10
20250331,-0.028921873170200008,1.0314697181512955,revision_common,1
20250331,-0.020306199114565437,1.439447699731598,revision_common,2
20250331,-0.06166752195343417,2.0864175136170418,revision_common,3
20250331,-0.04961854963308099,1.3215783554076392,revision_common,4
20250331,-0.043007456794108,1.8266191005717705,revision_common,5
20250331,-0.030572682121809414,2.1778856469728054,revision_common,6
20250331,-0.03951821907102071,2.805659361766764,revision_common,7
20250331,-0.017977311157798548,3.136338651226455,revision_common,8
20250331,-0.010835290226886896,3.617147906232155,revision_common,9
20250331,-0.004317975657774253,7.130511646309919,revision_common,10
20250331,-0.03605902474446887,1.0980798207863476,combined_50_50,1
20250331,-0.016367614227504212,1.3293088044611623,combined_50_50,2
20250331,-0.03321006514795877,1.4072663438460569,combined_50_50,3
20250331,-0.033990432010751914,1.988352286917684,combined_50_50,4
20250331,-0.010290395784918305,1.88930139298671,combined_50_50,5
20250331,-0.02435874633882462,1.951760354866051,combined_50_50,6
20250331,-0.032660117724137905,3.2425186214839004,combined_50_50,7
20250331,-0.02206392992103201,3.0697887006864994,combined_50_50,8
20250331,-0.025453497913736634,4.820195154547937,combined_50_50,9
20250331,-0.0722974380187199,6.1355111793804955,combined_50_50,10
20250430,-0.0009651509059906971,1.550133405245347,pbroe_common,1
20250430,-0.018682794656425195,1.7349672939865315,pbroe_common,2
20250430,0.03258359390057475,1.966123860258053,pbroe_common,3
20250430,-0.003729392517795027,1.6015491359014662,pbroe_common,4
20250430,0.02047643045020675,2.2708140117042537,pbroe_common,5
20250430,0.022150899673453628,3.1555878213744233,pbroe_common,6
20250430,0.030192668015288637,2.984452344247502,pbroe_common,7
20250430,0.017597628084463635,3.0971613345795124,pbroe_common,8
20250430,0.019336226505878074,2.806890852760423,pbroe_common,9
20250430,0.04086303011207293,4.083901701184265,pbroe_common,10
20250430,0.04930425569319863,1.0823255648748185,revision_common,1
20250430,0.010391843600737305,1.4544062150986499,revision_common,2
20250430,0.022642124842815026,2.1336584394345945,revision_common,3
20250430,0.03539908015929183,1.3683610135474993,revision_common,4
20250430,0.06564088701019855,1.9465199985630723,revision_common,5
20250430,0.0009879814834021783,2.180037357664982,revision_common,6
20250430,-0.003498803356510094,2.7958429113745904,revision_common,7
20250430,-0.010018014630546412,3.10491876473212,revision_common,8
20250430,-0.013997354857529842,3.566517403416453,revision_common,9
20250430,0.0012837058961623349,7.139665126152941,revision_common,10
20250430,0.012966077683641775,1.112317609045503,combined_50_50,1
20250430,0.0418129299065404,1.3848911003262439,combined_50_50,2
20250430,0.06440567356747029,1.4979022806102935,combined_50_50,3
20250430,-0.0156686381992156,1.9571975143213878,combined_50_50,4
20250430,-0.00518445590885519,1.8795063932162317,combined_50_50,5
20250430,0.01908067828508364,1.9890012662868308,combined_50_50,6
20250430,0.007519303170271607,3.266900102034089,combined_50_50,7
20250430,-0.0001643597016173226,3.0692841511316264,combined_50_50,8
20250430,0.001959747180892313,4.829641518413413,combined_50_50,9
20250430,0.03290423660417874,6.337395490914416,combined_50_50,10
20250530,0.027258756955758523,1.5923881149879324,pbroe_common,1
20250530,0.10383330501991095,1.9151146822226046,pbroe_common,2
20250530,0.03481172956942502,2.03456803238135,pbroe_common,3
20250530,0.06735312763402379,1.7094184792639981,pbroe_common,4
20250530,0.09375129698875084,2.483705770521756,pbroe_common,5
20250530,0.07256607702907947,3.384576450292305,pbroe_common,6
20250530,0.06649002834221318,3.182888665202503,pbroe_common,7
20250530,0.0997091052551411,3.405976520081254,pbroe_common,8
20250530,0.04861628038678001,2.943351445473312,pbroe_common,9
20250530,0.010958767963432647,4.128656232313012,pbroe_common,10
20250530,0.06953094727345865,1.1575806866588458,revision_common,1
20250530,0.04679477750142724,1.522464830330884,revision_common,2
20250530,0.07613520094888893,2.29610495347724,revision_common,3
20250530,0.0450490572152511,1.4300043871379196,revision_common,4
20250530,0.053263876921065156,2.050199200190928,revision_common,5
20250530,0.03413051260096789,2.2544431501713476,revision_common,6
20250530,0.03597691092515909,2.8964287027578512,revision_common,7
20250530,0.0764766131206347,3.3423724358735374,revision_common,8
20250530,0.08573729966503185,3.8723009747937205,revision_common,9
20250530,0.10601916466313899,7.896606458802221,revision_common,10
20250530,0.037545945552981186,1.1540806254323477,combined_50_50,1
20250530,0.061578243299745816,1.4701702614457859,combined_50_50,2
20250530,0.06271854312486158,1.5918485293935787,combined_50_50,3
20250530,0.04588300169135029,2.0469996111813025,combined_50_50,4
20250530,0.06914179669866827,2.0094588421498356,combined_50_50,5
20250530,0.11757221223732284,2.22285254530701,combined_50_50,6
20250530,0.08558106443228675,3.5464848901601127,combined_50_50,7
20250530,0.06039726815344704,3.2546605290466486,combined_50_50,8
20250530,0.04583874471061722,5.051026223019764,combined_50_50,9
20250530,0.03437946659218594,6.5552717674757774,combined_50_50,10
20250630,0.054218622034768016,1.6787252043271197,pbroe_common,1
20250630,0.06394439218617731,2.037575526544153,pbroe_common,2
20250630,0.0355264820758745,2.1068490771158936,pbroe_common,3
20250630,0.03888918759586901,1.775896375183941,pbroe_common,4
20250630,0.049575890565821235,2.6068376959988413,pbroe_common,5
20250630,0.0773756525731617,3.646460261817427,pbroe_common,6
20250630,0.025890298336798567,3.26529460231741,pbroe_common,7
20250630,0.07852059968356961,3.673415838946192,pbroe_common,8
20250630,0.05374960850025268,3.1015554333461552,pbroe_common,9
20250630,0.09426817958243316,4.517857139454827,pbroe_common,10
20250630,0.049237643566535594,1.2145772319080597,revision_common,1
20250630,0.06362654081060537,1.6193340009906436,revision_common,2
20250630,0.034523822732168474,2.3753752738655423,revision_common,3
20250630,0.021460516633950988,1.460693020074716,revision_common,4
20250630,0.056170611371100465,2.1653601426981934,revision_common,5
20250630,0.07851259544057454,2.431445333164525,revision_common,6
20250630,0.06628795060289305,3.0884270255310655,revision_common,7
20250630,0.07641640539010619,3.5977845228979666,revision_common,8
20250630,0.0803390952233971,4.183398131541327,revision_common,9
20250630,0.04467158242345293,8.249360365092176,revision_common,10
20250630,0.05729631771350441,1.2202051956141193,combined_50_50,1
20250630,0.04870279963998869,1.5417716691256498,combined_50_50,2
20250630,0.02814243606571276,1.6366470248583362,combined_50_50,3
20250630,0.041003562642280444,2.1309338879670987,combined_50_50,4
20250630,0.054435578400384044,2.118844896494028,combined_50_50,5
20250630,0.04628111829043968,2.3257286468985683,combined_50_50,6
20250630,0.05234680840337802,3.7321320552107995,combined_50_50,7
20250630,0.020300173216089012,3.320730701545864,combined_50_50,8
20250630,0.12865360418694172,5.700858951454012,combined_50_50,9
20250630,0.09498200573786497,7.177904628107426,combined_50_50,10
20250731,0.10386464741737078,1.8530854057852097,pbroe_common,1
20250731,0.13169959455548708,2.305923397266201,pbroe_common,2
20250731,0.13251853741728903,2.386045635374257,pbroe_common,3
20250731,0.10729748103900683,1.9664455828274807,pbroe_common,4
20250731,0.11404920007490449,2.9041454499526163,pbroe_common,5
20250731,0.10717862303518633,4.037282851631544,pbroe_common,6
20250731,0.10703733252918557,3.6148030264714137,pbroe_common,7
20250731,0.11595715258129524,4.099374679877422,pbroe_common,8
20250731,0.12134950227163932,3.4779276414506097,pbroe_common,9
20250731,0.12028733652455226,5.0612981415582805,pbroe_common,10
20250731,0.08427443613190655,1.3169350432657632,revision_common,1
20250731,0.09540456086032356,1.7738258502413469,revision_common,2
20250731,0.13305837595493686,2.6914388500896047,revision_common,3
20250731,0.11047088572611607,1.6220570717763252,revision_common,4
20250731,0.1030877430606647,2.3885822327224693,revision_common,5
20250731,0.0875809010284836,2.6443935062445756,revision_common,6
20250731,0.10906362347617349,3.425262067777224,revision_common,7
20250731,0.14170022449537534,4.107591397478595,revision_common,8
20250731,0.1086096021166929,4.637755338103747,revision_common,9
20250731,0.18757649422986677,9.79674646201498,revision_common,10
20250731,0.09919509937699766,1.3412435712533908,combined_50_50,1
20250731,0.09496631193861194,1.6881880383939505,combined_50_50,2
20250731,0.09748762253823728,1.796199852246055,combined_50_50,3
20250731,0.12299328232399409,2.3930244412636026,combined_50_50,4
20250731,0.11525166209391169,2.363045292534167,combined_50_50,5
20250731,0.12789192941062089,2.623170570835979,combined_50_50,6
20250731,0.09828301110276727,4.098937231430076,combined_50_50,7
20250731,0.13194764309972218,3.758893290983728,combined_50_50,8
20250731,0.12545141364367596,6.416039765897122,combined_50_50,9
20250731,0.14704940191540739,8.233411210676458,combined_50_50,10
20250829,0.023152874804780454,1.8959896601879205,pbroe_common,1
20250829,-0.0004789062069885386,2.3048190762384104,pbroe_common,2
20250829,0.04466829870734257,2.492626234544505,pbroe_common,3
20250829,0.03181417326302083,2.029006423311856,pbroe_common,4
20250829,0.03531467920942033,3.0067044148951902,pbroe_common,5
20250829,0.05590414431392077,4.262983694805271,pbroe_common,6
20250829,0.06187046711768551,3.8384525782576238,pbroe_common,7
20250829,0.04969174014145583,4.303079741212355,pbroe_common,8
20250829,0.033324645037807965,3.5938283455691318,pbroe_common,9
20250829,0.0710578527407344,5.420943119578081,pbroe_common,10
20250829,0.040582274912670746,1.3703792632337044,revision_common,1
20250829,0.02881822595000827,1.8249443643895675,revision_common,2
20250829,0.0526062104574474,2.8330252486707685,revision_common,3
20250829,0.011546304586893319,1.640785836784379,revision_common,4
20250829,0.029303912377319108,2.4585770371761897,revision_common,5
20250829,0.02562248248783905,2.7121494325492823,revision_common,6
20250829,0.04276294992995644,3.57173637807856,revision_common,7
20250829,0.06721524945498669,4.383684177919276,revision_common,8
20250829,0.053936849072637516,4.887901247810868,revision_common,9
20250829,0.044474902705259556,10.232455807741191,revision_common,10
20250829,0.012970591956672717,1.358640294330629,combined_50_50,1
20250829,0.04552851089468457,1.7650487258922458,combined_50_50,2
20250829,0.012723525346576059,1.819053846593624,combined_50_50,3
20250829,0.024151231816272434,2.450818929286566,combined_50_50,4
20250829,0.049200245692842204,2.4793077015101623,combined_50_50,5
20250829,0.049932712512662736,2.7541525928212094,combined_50_50,6
20250829,0.022761927294164375,4.1922369426752315,combined_50_50,7
20250829,0.04675317987999783,3.9346335051668073,combined_50_50,8
20250829,0.036907096039479725,6.652837161730208,combined_50_50,9
20250829,0.09476999868485558,9.01369158028414,combined_50_50,10
20250930,-0.007414606820120517,1.8819316423226131,pbroe_common,1
20250930,-0.034044044877400315,2.2263537121726618,pbroe_common,2
20250930,-0.008875984008474669,2.4705017239475837,pbroe_common,3
20250930,-0.022180887212032485,1.9840012606838864,pbroe_common,4
20250930,0.0012468748872562774,3.0104533991235254,pbroe_common,5
20250930,-0.007295500034156355,4.231883097114212,pbroe_common,6
20250930,-0.016820470658172382,3.7738879992922554,pbroe_common,7
20250930,0.0033061957606883574,4.3173065652106555,pbroe_common,8
20250930,0.007650505720731227,3.6213229498862347,pbroe_common,9
20250930,0.01735096427888516,5.515001710003748,pbroe_common,10
20250930,-0.0005304494622598854,1.36965234629043,revision_common,1
20250930,-0.0035467346593452964,1.81847177096101,revision_common,2
20250930,-0.007998301412592501,2.810365858822415,revision_common,3
20250930,0.0032139650879090542,1.6460592651805397,revision_common,4
20250930,-0.011674248422745559,2.429874998077737,revision_common,5
20250930,-0.007819321517612554,2.690942264132369,revision_common,6
20250930,-0.011357982254894039,3.531168659677184,revision_common,7
20250930,-0.009565179507263877,4.341753451854326,revision_common,8
20250930,-0.016504490584934972,4.807228927686282,revision_common,9
20250930,-0.003823847329471386,10.193328458926826,revision_common,10
20250930,-0.007804485958692542,1.3480368052306118,combined_50_50,1
20250930,-0.01864386405123608,1.7321413974029034,combined_50_50,2
20250930,-0.005764052331877267,1.8085687250273557,combined_50_50,3
20250930,-0.01074769178267787,2.4244782828194413,combined_50_50,4
20250930,-0.009250765581900411,2.4563722071580916,combined_50_50,5
20250930,-0.02303452037106457,2.690712008816849,combined_50_50,6
20250930,-0.01307284246139817,4.1374324895627845,combined_50_50,7
20250930,0.019539789757117232,4.011515416629076,combined_50_50,8
20250930,0.0023302382747920625,6.668339857520431,combined_50_50,9
20250930,-0.0022861577343324946,8.993084859562986,combined_50_50,10
20251031,-0.02875092781755262,1.8278243615166274,pbroe_common,1
20251031,-0.02612150607360353,2.168198000158154,pbroe_common,2
20251031,-0.04573367039031939,2.357516612405849,pbroe_common,3
20251031,-0.03198982471364753,1.920533408122953,pbroe_common,4
20251031,-0.0383350750317909,2.895047442188415,pbroe_common,5
20251031,-0.020870866552074485,4.143560029730361,pbroe_common,6
20251031,-0.03611933936761458,3.6375776579104504,pbroe_common,7
20251031,-0.027587385900590067,4.198203362945038,pbroe_common,8
20251031,-0.022844705896341577,3.5385948921404116,pbroe_common,9
20251031,-0.020956814052441097,5.399424844668305,pbroe_common,10
20251031,-0.011527786428502051,1.3538632865610971,revision_common,1
20251031,-0.018303660711413094,1.7851870806520573,revision_common,2
20251031,-0.02759745379597811,2.732806916883769,revision_common,3
20251031,-0.034553480306151685,1.5891821887783655,revision_common,4
20251031,-0.040891137891431506,2.3305146444723985,revision_common,5
20251031,-0.03760307853634981,2.5897545508374167,revision_common,6
20251031,-0.032068580025960136,3.417929094929164,revision_common,7
20251031,-0.03977895663391584,4.169043029577859,revision_common,8
20251031,-0.041168746955811186,4.60932133640371,revision_common,9
20251031,-0.019550162053292963,9.994047235692364,revision_common,10
20251031,-0.019619104776627316,1.3215895299060425,combined_50_50,1
20251031,-0.03899321243375009,1.6645996399286793,combined_50_50,2
20251031,-0.017522684667485744,1.7768777455592246,combined_50_50,3
20251031,-0.04478464568096974,2.3158988819621666,combined_50_50,4
20251031,-0.0254227748334942,2.393924409628258,combined_50_50,5
20251031,-0.03395474250686259,2.59934957539735,combined_50_50,6
20251031,-0.02177514931958624,4.0473392793028475,combined_50_50,7
20251031,-0.025187546189766596,3.9104751867817704,combined_50_50,8
20251031,-0.03370881676282067,6.443558011151061,combined_50_50,9
20251031,-0.03811170309561651,8.650343079481637,combined_50_50,10
20251128,0.04031630742516845,1.901515490394744,pbroe_common,1
20251128,0.044177630984634675,2.2639838513107637,pbroe_common,2
20251128,0.06309729919312335,2.5062695434515794,pbroe_common,3
20251128,0.05197892853370689,2.0203606768903724,pbroe_common,4
20251128,0.03416544579452663,2.9939580286470866,pbroe_common,5
20251128,0.049248938766339956,4.347625963909206,pbroe_common,6
20251128,0.04933316477337857,3.817030875884107,pbroe_common,7
20251128,0.05138212153155486,4.413915958354062,pbroe_common,8
20251128,0.034425212297149566,3.6604117725359546,pbroe_common,9
20251128,0.0356778690996451,5.592064817489752,pbroe_common,10
20251128,0.013737365893123021,1.372461801897853,revision_common,1
20251128,0.03963972933788584,1.8559514133465953,revision_common,2
20251128,0.026518307407471076,2.805276330790956,revision_common,3
20251128,0.04821761780273626,1.6658087681757967,revision_common,4
20251128,0.054261917622635325,2.456972838129105,revision_common,5
20251128,0.06776789998678212,2.7652567782288804,revision_common,6
20251128,0.04697105074116248,3.5784728158767773,revision_common,7
20251128,0.038196326460288255,4.328285158162604,revision_common,8
20251128,0.06100096883831463,4.890494403611451,revision_common,9
20251128,0.057164045182799494,10.565347403432513,revision_common,10
20251128,0.025652135962692224,1.3554911242140628,combined_50_50,1
20251128,0.03853061746945108,1.7287376918945574,combined_50_50,2
20251128,0.04174234875109728,1.8510487961024211,combined_50_50,3
20251128,0.07084542533762384,2.4799697232937037,combined_50_50,4
20251128,0.025897051873401633,2.4559199942454035,combined_50_50,5
20251128,0.04451690980987988,2.7150645860096634,combined_50_50,6
20251128,0.040931657196789706,4.213003583242374,combined_50_50,7
20251128,0.04859240321603897,4.100494573824186,combined_50_50,8
20251128,0.06574882753571698,6.86721439554262,combined_50_50,9
20251128,0.04722158084992656,9.05882595458898,combined_50_50,10
20251231,0.08026848106689233,2.054147250533897,pbroe_common,1
20251231,0.08637349539914929,2.459532050075702,pbroe_common,2
20251231,0.05396695379435612,2.641525276099233,pbroe_common,3
20251231,0.06721987724553746,2.156169073582654,pbroe_common,4
20251231,0.09293401822101854,3.27219857863434,pbroe_common,5
20251231,0.09152974902244915,4.745563077229299,pbroe_common,6
20251231,0.10381840074837734,4.213308917025573,pbroe_common,7
20251231,0.06291299863533761,4.691608647018486,pbroe_common,8
20251231,0.08491472581429993,3.9712346345682805,pbroe_common,9
20251231,0.04144866169125283,5.823848420265442,pbroe_common,10
20251231,0.059832320653688376,1.4545793765139443,revision_common,1
20251231,0.06536355162502061,1.9772629893664053,revision_common,2
20251231,0.08659074510112719,3.048187298488701,revision_common,3
20251231,0.07732652410842267,1.7946199700481644,revision_common,4
20251231,0.06269376844215957,2.611009724311447,revision_common,5
20251231,0.08318264965760713,2.995278164025617,revision_common,6
20251231,0.08783404640159143,3.8927845632333318,revision_common,7
20251231,0.08544338988241407,4.698108514453757,revision_common,8
20251231,0.06733875312147108,5.219814198898179,revision_common,9
20251231,0.08016156404245733,11.412282175943579,revision_common,10
20251231,0.04951241878344059,1.4226047684133862,combined_50_50,1
20251231,0.08701882966320995,1.8791704226379007,combined_50_50,2
20251231,0.09159894361104537,2.0206029103979004,combined_50_50,3
20251231,0.09161246595954076,2.7071658651496397,combined_50_50,4
20251231,0.051857491855048066,2.583277845343634,combined_50_50,5
20251231,0.07857391986648965,2.9283978532231303,combined_50_50,6
20251231,0.06524443735494168,4.487878631605376,combined_50_50,7
20251231,0.08240225921008881,4.438384590586009,combined_50_50,8
20251231,0.09563777581592792,7.523979506383437,combined_50_50,9
20251231,0.05706152312652901,9.575736361295961,combined_50_50,10
20260130,0.03128153260890043,2.1184041247349565,pbroe_common,1
20260130,-0.007479894945200072,2.4411350087267834,pbroe_common,2
20260130,0.052261021050046264,2.779574084157684,pbroe_common,3
20260130,0.03634406912714638,2.234533031442757,pbroe_common,4
20260130,0.03689724158168084,3.3929336800934435,pbroe_common,5
20260130,0.046198052999782524,4.964798851784949,pbroe_common,6
20260130,0.04240451158783776,4.391972223820725,pbroe_common,7
20260130,0.03654760383879396,4.863075701216378,pbroe_common,8
20260130,0.015021040481693504,4.030886710776434,pbroe_common,9
20260130,0.03387157992298229,6.021111367491797,pbroe_common,10
20260130,0.015795270816506335,1.477554851690087,revision_common,1
20260130,0.02362088187541822,2.0239676848748656,revision_common,2
20260130,0.027648068164803252,3.1324637886964037,revision_common,3
20260130,0.044525305512864266,1.8745259724940462,revision_common,4
20260130,0.020220617078605452,2.663805952135264,revision_common,5
20260130,0.04217680509740118,3.121609427362227,revision_common,6
20260130,0.02412702006229761,3.986705854488665,revision_common,7
20260130,0.03448318318001675,4.860114250957262,revision_common,8
20260130,0.046080451829129565,5.460345595647513,revision_common,9
20260130,0.037555253817703305,11.840873329700392,revision_common,10
20260130,0.009101467511233086,1.435552559494426,combined_50_50,1
20260130,0.04029012904135332,1.9548824414566763,combined_50_50,2
20260130,0.015980223124371973,2.052892595751814,combined_50_50,3
20260130,0.03152581121889253,2.792511465152577,combined_50_50,4
20260130,0.03043793723520616,2.661907494261302,combined_50_50,5
20260130,0.02108663842161529,2.990147919908681,combined_50_50,6
20260130,0.054650653052083165,4.733144129641099,combined_50_50,7
20260130,0.0460227335333907,4.642651181917256,combined_50_50,8
20260130,0.04648271842983087,7.873714527250477,combined_50_50,9
20260130,0.021286874056463345,9.779573855216764,combined_50_50,10
20260227,-0.1142191788610587,1.87644174511185,pbroe_common,1
20260227,-0.08981748465488315,2.2218784025399674,pbroe_common,2
20260227,-0.09629968672527467,2.5119019706236068,pbroe_common,3
20260227,-0.07299855254607601,2.0714153545310405,pbroe_common,4
20260227,-0.09598765862840597,3.067253920259813,pbroe_common,5
20260227,-0.10491904562652721,4.443896894527994,pbroe_common,6
20260227,-0.07867620476964599,4.046428517796808,pbroe_common,7
20260227,-0.09035809778862525,4.423657431452381,pbroe_common,8
20260227,-0.06382916727714583,3.773598568639061,pbroe_common,9
20260227,-0.041458311040989626,5.771486259605884,pbroe_common,10
20260227,-0.081940058261885,1.3564839210574704,revision_common,1
20260227,-0.09269375107897593,1.8363585281011836,revision_common,2
20260227,-0.06961168581812649,2.9144077036010114,revision_common,3
20260227,-0.0998522683452755,1.6873503020683822,revision_common,4
20260227,-0.10698684438565553,2.3788137592605856,revision_common,5
20260227,-0.09298702470223663,2.8313402544293607,revision_common,6
20260227,-0.08037445574591573,3.6662765412150824,revision_common,7
20260227,-0.06996192523203637,4.520091301112636,revision_common,8
20260227,-0.07862891195980337,5.031004562537245,revision_common,9
20260227,-0.07492696984059677,10.953672570839604,revision_common,10
20260227,-0.08885237668654788,1.3080003027248894,combined_50_50,1
20260227,-0.09180378711290293,1.7754168299704356,combined_50_50,2
20260227,-0.1281817182169711,1.7897492955134486,combined_50_50,3
20260227,-0.0767638070218204,2.5781476539353836,combined_50_50,4
20260227,-0.10574559224462787,2.380422509780227,combined_50_50,5
20260227,-0.09846691989986744,2.695717264190278,combined_50_50,6
20260227,-0.058020988239832594,4.45852242975776,combined_50_50,7
20260227,-0.06348525702513008,4.347911278355215,combined_50_50,8
20260227,-0.07116711814068222,7.313364955283636,combined_50_50,9
20260227,-0.062392829182506326,9.16939857419052,combined_50_50,10
20260331,0.06068038252307817,1.9903049479875095,pbroe_common,1
20260331,0.07803406778660316,2.3952606124173608,pbroe_common,2
20260331,0.09375561401404586,2.747406882222515,pbroe_common,3
20260331,0.09217507555420834,2.2623482213390864,pbroe_common,4
20260331,0.07463286037002459,3.296171853809974,pbroe_common,5
20260331,0.13069353187247423,5.024685474950978,pbroe_common,6
20260331,0.07001148303024363,4.3297249793036325,pbroe_common,7
20260331,0.05246571874803929,4.655747798088635,pbroe_common,8
20260331,0.09083766680093985,4.1163834580576,pbroe_common,9
20260331,0.058384079344862005,6.108449171324494,pbroe_common,10
20260331,0.07721957851203909,1.4612310376998863,revision_common,1
20260331,0.027043009439704724,1.886019189111306,revision_common,2
20260331,0.06792737115619185,3.1123757573839823,revision_common,3
20260331,0.030204450899709023,1.7383157914178158,revision_common,4
20260331,0.07676838201125413,2.5614314426651297,revision_common,5
20260331,0.08466413320035482,3.0710532228658947,revision_common,6
20260331,0.09264715140826119,4.005946619033592,revision_common,7
20260331,0.07332292434496579,4.851517613616456,revision_common,8
20260331,0.14763948781789704,5.773779499359747,revision_common,9
20260331,0.12257724239246603,12.296343548643117,revision_common,10
20260331,0.059395846698822474,1.3856900881875502,combined_50_50,1
20260331,0.07267000458096029,1.9044363791375012,combined_50_50,2
20260331,0.07484587418274424,1.9237046461041032,combined_50_50,3
20260331,0.05464712653312431,2.719036015001068,combined_50_50,4
20260331,0.09615287938766959,2.609306988254819,combined_50_50,5
20260331,0.07683474550964386,2.9028420141502913,combined_50_50,6
20260331,0.06679438217006806,4.756326680844821,combined_50_50,7
20260331,0.08459007776452587,4.715701431504542,combined_50_50,8
20260331,0.09287791932285949,7.9926150755790975,combined_50_50,9
20260331,0.1210044464445672,10.278936572890048,combined_50_50,10
20260430,0.012246353178462455,2.014678925313406,pbroe_common,1
20260430,0.0012348128764110289,2.398218311063934,pbroe_common,2
20260430,-0.006170712561688552,2.730453424062315,pbroe_common,3
20260430,-0.038619348065923154,2.17497780793287,pbroe_common,4
20260430,2.0482204361238487e-05,3.2962393666754934,pbroe_common,5
20260430,-0.03381629366587657,4.854769235351371,pbroe_common,6
20260430,-0.07414825715691664,4.008683418119501,pbroe_common,7
20260430,-0.04376018364123757,4.452011419456989,pbroe_common,8
20260430,-0.023468032092797464,4.019780038957643,pbroe_common,9
20260430,-0.08540112362762486,5.586780748471148,pbroe_common,10
20260430,-0.07600323159291966,1.3501727567308195,revision_common,1
20260430,0.03969586646286172,1.9608863549886633,revision_common,2
20260430,-0.023345581941481286,3.0397155341072946,revision_common,3
20260430,-0.004882366413089145,1.729828696782455,revision_common,4
20260430,-0.012431873269750149,2.5295880515807636,revision_common,5
20260430,-0.04268784917009438,2.939956566094863,revision_common,6
20260430,-0.08491369727931242,3.6657868805078886,revision_common,7
20260430,-0.010383058422145042,4.80114402279821,revision_common,8
20260430,-0.059546040274676026,5.429973792753772,revision_common,9
20260430,-0.011632559790131114,12.153305597113533,revision_common,10
20260430,0.0013769785032691217,1.3875981536511774,combined_50_50,1
20260430,-0.006985274535456942,1.8911333681939142,combined_50_50,2
20260430,0.00614173923302519,1.9355195384018338,combined_50_50,3
20260430,-0.019700251089241894,2.6654703227848553,combined_50_50,4
20260430,-0.0751057968419323,2.4133329076967183,combined_50_50,5
20260430,-0.003442675549112484,2.8928484709252396,combined_50_50,6
20260430,-0.03182819476562038,4.604941388877975,combined_50_50,7
20260430,-0.061808240338634746,4.424232224060865,combined_50_50,8
20260430,-0.03798913463117104,7.688982545417796,combined_50_50,9
20260430,-0.06582520155142768,9.60232350124522,combined_50_50,10
20260529,-0.03875914664546809,1.9365916894036495,pbroe_common,1
20260529,-0.1550125865033709,2.026464287666168,pbroe_common,2
20260529,0.031005372510294338,2.815112149597376,pbroe_common,3
20260529,0.16332394994367316,2.5302037745642982,pbroe_common,4
20260529,0.106220490500329,3.6463675290102584,pbroe_common,5
20260529,0.05514080575860869,5.122465122760751,pbroe_common,6
20260529,-0.03904187048832719,3.852176919280575,pbroe_common,7
20260529,0.0026096603462892887,4.463629657119573,pbroe_common,8
20260529,0.029681985940719358,4.139095093558768,pbroe_common,9
20260529,-0.09551769372192542,5.053144336047132,pbroe_common,10
20260529,0.04905804593191965,1.4164095938465466,revision_common,1
20260529,-0.14467807715712355,1.6771890876252626,revision_common,2
20260529,-0.00011357269745138066,3.039370305414601,revision_common,3
20260529,0.041888319068708046,1.802288313167486,revision_common,4
20260529,-0.012425877260152207,2.4981557009330735,revision_common,5
20260529,0.14791609289741348,3.374823454639712,revision_common,6
20260529,-0.13783844283898872,3.160500525119087,revision_common,7
20260529,-0.018436430986371155,4.712628062366263,revision_common,8
20260529,0.07682116269161554,5.847110692898118,revision_common,9
20260529,0.04769118646494541,12.73291116051094,revision_common,10
20260529,-0.1457827245698975,1.1853103142037495,combined_50_50,1
20260529,0.048981957204515814,1.9837647819028204,combined_50_50,2
20260529,0.0657188836558813,2.062719721759749,combined_50_50,3
20260529,0.1729459162652096,3.126452530036606,combined_50_50,4
20260529,0.006376258662467604,2.4287209425548375,combined_50_50,5
20260529,-0.040466009662817215,2.7757864367477127,combined_50_50,6
20260529,-0.06833572034837243,4.290259401906964,combined_50_50,7
20260529,0.03439430392648535,4.576400611816565,combined_50_50,8
20260529,-0.08677486946776103,7.021772088699273,combined_50_50,9
20260529,0.09853737298013043,10.548511233563291,combined_50_50,10
20260630,-0.15590950146620697,1.634658644565127,pbroe_common,1
20260630,-0.16234379287930312,1.6974803890719872,pbroe_common,2
20260630,-0.17161932396531865,2.3319845055969193,pbroe_common,3
20260630,-0.09951938577742137,2.278399449027946,pbroe_common,4
20260630,-0.013294932301054052,3.5978893195673054,pbroe_common,5
20260630,0.00688768191687128,5.157747033156594,pbroe_common,6
20260630,-0.10451734403392221,3.4495576189285924,pbroe_common,7
20260630,0.02858275541216382,4.591212491859502,pbroe_common,8
20260630,0.0650098345622141,4.408176980828296,pbroe_common,9
20260630,0.1009463904767347,5.563241017329046,pbroe_common,10
20260630,-0.08274007102344638,1.2992157634533925,revision_common,1
20260630,-0.02408372225103539,1.6367961314764283,revision_common,2
20260630,-0.018683763536091025,2.982583429329618,revision_common,3
20260630,0.010537361047920468,1.8212796758357794,revision_common,4
20260630,0.005040097157692713,2.51074664838082,revision_common,5
20260630,-0.05535453136559054,3.1880116838665273,revision_common,6
20260630,-0.049151846053338666,3.005156089856938,revision_common,7
20260630,0.01757799888631628,4.79546663319816,revision_common,8
20260630,-0.14760506597329726,4.984047533319719,revision_common,9
20260630,-0.17998480238979198,10.441180661439601,revision_common,10
20260630,-0.10398497012299579,1.062055856594794,combined_50_50,1
20260630,-0.0782520892657339,1.8285310431071418,combined_50_50,2
20260630,-0.09546047071110575,1.8658115261754822,combined_50_50,3
20260630,-0.06400735938540103,2.926336559345157,combined_50_50,4
20260630,-0.06716449907408162,2.2655971170574105,combined_50_50,5
20260630,-0.05143844175462842,2.633004307797778,combined_50_50,6
20260630,-0.04452755825646837,4.099224626453191,combined_50_50,7
20260630,0.012035657828818769,4.631480603667986,combined_50_50,8
20260630,-0.04989295953862982,6.67143509798832,combined_50_50,9
20260630,0.036116498651197704,10.929486525302423,combined_50_50,10
